,Time (s),Filtered Strain
1,1187008782.4001465,4.483918879185307e-21
2,1187008782.4003906,6.947081072496483e-21
3,1187008782.4006348,7.35741973353937e-21
4,1187008782.400879,5.913747691132663e-21
5,1187008782.401123,3.578064133119505e-21
10,1187008782.4023438,4.752932660610018e-21
11,1187008782.402588,5.2198551532140345e-21
12,1187008782.402832,4.355994450206007e-21
19,1187008782.404541,3.886422914027117e-21
404894,1187008881.2509766,3.5175755021746665e-21
404895,1187008881.2512207,3.4498982013619576e-21
404902,1187008881.2529297,3.4232131698789955e-21
404903,1187008881.2531738,3.631601204171127e-21
404911,1187008881.255127,3.5667928166963935e-21
404955,1187008881.2658691,-3.505583172198462e-21
404956,1187008881.2661133,-3.691620226671904e-21
404963,1187008881.2678225,-4.1431360535131655e-21
404964,1187008881.2680664,-4.441594446877224e-21
404965,1187008881.2683103,-3.729850119088852e-21
404971,1187008881.2697754,-3.980133773387088e-21
404972,1187008881.2700195,-4.6713991471498136e-21
404973,1187008881.2702637,-4.322517101800857e-21
404979,1187008881.2717285,-3.6497492183084655e-21
404980,1187008881.271973,-4.3104449712458496e-21
404981,1187008881.2722168,-4.002387151912068e-21
404988,1187008881.2739258,-4.026026380249564e-21
404989,1187008881.27417,-3.792167293014883e-21
405017,1187008881.281006,3.6902148552908034e-21
405018,1187008881.28125,3.48690122105669e-21
405024,1187008881.2827148,3.858709155635164e-21
405025,1187008881.282959,4.56555875543006e-21
405026,1187008881.2832031,4.26430656797161e-21
405032,1187008881.284668,4.369178477226873e-21
405033,1187008881.284912,5.2879692518654935e-21
405034,1187008881.2851562,5.1724355575414835e-21
405035,1187008881.2854004,4.115289154440732e-21
405040,1187008881.286621,3.966568087968314e-21
405041,1187008881.2868652,4.8741272255336385e-21
405042,1187008881.2871094,4.884774084067561e-21
405043,1187008881.2873535,4.001332790726453e-21
405048,1187008881.2885742,3.917931695375329e-21
405049,1187008881.2888184,4.8071793251259726e-21
405050,1187008881.2890625,4.786953680425881e-21
405051,1187008881.2893066,3.8102384337660616e-21
405057,1187008881.2907715,3.759931141005227e-21
405058,1187008881.2910156,3.872697836235985e-21
405086,1187008881.2978516,-3.988253414828965e-21
405087,1187008881.2980957,-4.0465629442332935e-21
405093,1187008881.2995603,-4.375296838552556e-21
405094,1187008881.2998047,-5.4163559317352666e-21
405095,1187008881.3000488,-5.5902552340213945e-21
405096,1187008881.300293,-4.8627405481677466e-21
405097,1187008881.300537,-3.683682278054376e-21
405101,1187008881.3015137,-4.409867420688865e-21
405102,1187008881.3017578,-5.434072052242521e-21
405103,1187008881.302002,-5.777589400779748e-21
405104,1187008881.302246,-5.308056615823541e-21
405105,1187008881.3024902,-4.357747199561027e-21
405106,1187008881.3027344,-3.52453657829902e-21
405108,1187008881.303223,-3.8945771941663044e-21
405109,1187008881.3034668,-4.912435095713911e-21
405110,1187008881.303711,-5.7799016432145145e-21
405111,1187008881.303955,-5.9638330492884885e-21
405112,1187008881.3041992,-5.3026399726914785e-21
405113,1187008881.3044434,-4.104860616052601e-21
405117,1187008881.30542,-3.978267345231421e-21
405118,1187008881.305664,-5.044667770550099e-21
405119,1187008881.3059082,-5.517241479037961e-21
405120,1187008881.3061523,-5.094368387507971e-21
405121,1187008881.3063965,-3.9494169102095905e-21
405127,1187008881.307861,-3.534068447019057e-21
405147,1187008881.312744,3.478685655798786e-21
405148,1187008881.3129883,4.126644503599449e-21
405149,1187008881.3132324,4.08690727022038e-21
405150,1187008881.3134766,3.5577058018248166e-21
405154,1187008881.3144531,4.164682604618756e-21
405155,1187008881.3146973,5.0500892909340025e-21
405156,1187008881.3149414,5.512418588810263e-21
405157,1187008881.3151855,5.363336721881032e-21
405158,1187008881.3154297,4.7666286542633956e-21
405159,1187008881.3156738,4.147687484733035e-21
405160,1187008881.315918,3.953822880620547e-21
405161,1187008881.316162,4.400206710153726e-21
405162,1187008881.3164062,5.344024871542886e-21
405163,1187008881.3166504,6.35762502014393e-21
405164,1187008881.3168943,6.960529864604242e-21
405165,1187008881.317139,6.881945547702124e-21
405166,1187008881.3173828,6.2086613597864745e-21
405167,1187008881.317627,5.336897147338081e-21
405168,1187008881.317871,4.75505022963591e-21
405169,1187008881.3181152,4.777304840599925e-21
405170,1187008881.3183594,5.374507306728108e-21
405171,1187008881.3186035,6.19444992602782e-21
405172,1187008881.3188477,6.759121651649462e-21
405173,1187008881.3190918,6.729384305394184e-21
405174,1187008881.319336,6.091198230569529e-21
405175,1187008881.31958,5.1614995889171015e-21
405176,1187008881.3198242,4.411482399193677e-21
405177,1187008881.3200684,4.205369537269626e-21
405178,1187008881.3203125,4.598753234178108e-21
405179,1187008881.3205566,5.3073133554040505e-21
405180,1187008881.3208008,5.862787637740383e-21
405181,1187008881.321045,5.8702086279125554e-21
405182,1187008881.321289,5.225041821865711e-21
405183,1187008881.3215332,4.1711463569694415e-21
405188,1187008881.322754,3.847048424562327e-21
405189,1187008881.322998,3.965503125273164e-21
405190,1187008881.3232422,3.445567844227862e-21
405209,1187008881.3278809,-4.303468269524296e-21
405210,1187008881.328125,-4.6206415721524704e-21
405211,1187008881.3283691,-4.2996574195937234e-21
405212,1187008881.3286133,-3.637846723399888e-21
405215,1187008881.3293457,-3.904277518480531e-21
405216,1187008881.3295898,-5.037634791967602e-21
405217,1187008881.329834,-6.0733935969561444e-21
405218,1187008881.330078,-6.5383153942802465e-21
405219,1187008881.3303225,-6.247996708369248e-21
405220,1187008881.3305664,-5.41056466571544e-21
405221,1187008881.3308103,-4.517979916771889e-21
405222,1187008881.3310547,-4.081825668531589e-21
405223,1187008881.3312988,-4.356363913741577e-21
405224,1187008881.331543,-5.200175698863326e-21
405225,1187008881.331787,-6.153227194424781e-21
405226,1187008881.3320312,-6.688714646438064e-21
405227,1187008881.3322754,-6.502716191060274e-21
405228,1187008881.3325195,-5.682776214205791e-21
405229,1187008881.3327637,-4.6618874289413906e-21
405230,1187008881.3330078,-3.98175708637002e-21
405231,1187008881.333252,-3.99450382601038e-21
405232,1187008881.333496,-4.666876351083684e-21
405233,1187008881.3337402,-5.5958084118151545e-21
405234,1187008881.3339844,-6.22832792197199e-21
405235,1187008881.3342285,-6.1659199612965784e-21
405236,1187008881.334473,-5.385812646074338e-21
405237,1187008881.3347168,-4.256219871592548e-21
405240,1187008881.3354492,-3.522530132898123e-21
405241,1187008881.3356934,-4.3792897160035815e-21
405242,1187008881.3359375,-5.076134420074107e-21
405243,1187008881.3361816,-5.1325528352470735e-21
405244,1187008881.3364258,-4.412419084613346e-21
405262,1187008881.3408203,3.570407314878795e-21
405263,1187008881.3410645,4.368774798389179e-21
405264,1187008881.3413086,4.4815445936760574e-21
405265,1187008881.3415527,4.020042638805349e-21
405268,1187008881.3422852,3.479815539133818e-21
405269,1187008881.3425293,4.2046521448099465e-21
405270,1187008881.3427734,4.793011866026241e-21
405271,1187008881.3430176,4.6383365574786905e-21
405276,1187008881.3442383,-4.0557553591821486e-21
405277,1187008881.3444824,-3.89228646415504e-21
405282,1187008881.3457031,-4.020839812932802e-21
405283,1187008881.3459473,-4.9157081436806886e-21
405284,1187008881.3461914,-5.043679026641661e-21
405285,1187008881.3464355,-4.255427998903053e-21
405304,1187008881.3510742,4.1211205815565915e-21
405305,1187008881.3513184,4.196447144142438e-21
405306,1187008881.3515625,3.5322655043476734e-21
405310,1187008881.352539,4.128960406911594e-21
405311,1187008881.3527832,5.7164666209399905e-21
405312,1187008881.353027,6.881958711584775e-21
405313,1187008881.3532715,7.172989474575757e-21
405314,1187008881.3535156,6.6328058002746515e-21
405315,1187008881.3537598,5.778434518398824e-21
405316,1187008881.354004,5.309533306451029e-21
405317,1187008881.354248,5.711303490412319e-21
405318,1187008881.3544922,6.975949540417337e-21
405319,1187008881.3547363,8.601410752929684e-21
405320,1187008881.3549805,9.869891549635316e-21
405321,1187008881.3552246,1.0250127603049062e-20
405322,1187008881.3554688,9.696301842583316e-21
405323,1187008881.355713,8.673889298443105e-21
405324,1187008881.355957,7.896659719802506e-21
405325,1187008881.3562012,7.922767544757901e-21
405326,1187008881.3564453,8.838421444738117e-21
405327,1187008881.3566897,1.0208849093602867e-20
405328,1187008881.3569336,1.1325185443992991e-20
405329,1187008881.3571775,1.1607837690566455e-20
405330,1187008881.357422,1.0937258113334764e-20
405331,1187008881.357666,9.723254114277212e-21
405332,1187008881.3579102,8.671848378618382e-21
405333,1187008881.3581543,8.380802303377328e-21
405334,1187008881.3583984,8.993499812650668e-21
405335,1187008881.3586426,1.0109410364128504e-20
405336,1187008881.3588867,1.100483460537433e-20
405337,1187008881.3591309,1.1041449713251503e-20
405338,1187008881.359375,1.0032186798722941e-20
405339,1187008881.3596191,8.355989875423205e-21
405340,1187008881.3598633,6.753472959786407e-21
405341,1187008881.3601074,5.915618378022581e-21
405342,1187008881.3603516,6.095681319260065e-21
405343,1187008881.3605957,6.963183872361878e-21
405344,1187008881.3608398,7.783911109639836e-21
405345,1187008881.361084,7.826769610214705e-21
405346,1187008881.361328,6.770359558423322e-21
405347,1187008881.3615725,4.881565078555113e-21
405357,1187008881.3640137,-4.496815110494825e-21
405358,1187008881.3642578,-5.1248379127745014e-21
405359,1187008881.364502,-4.9507849144165876e-21
405360,1187008881.364746,-4.588595789987656e-21
405361,1187008881.3649902,-4.781459852960829e-21
405362,1187008881.3652344,-5.9750633618367216e-21
405363,1187008881.3654785,-8.056651454507249e-21
405364,1187008881.365723,-1.0409264690196385e-20
405365,1187008881.3659668,-1.225236098987503e-20
405366,1187008881.366211,-1.3077585514644655e-20
405367,1187008881.366455,-1.2933729370830703e-20
405368,1187008881.3666992,-1.2399172511684188e-20
405369,1187008881.3669434,-1.2256038429607912e-20
405370,1187008881.3671875,-1.3048696166078554e-20
405371,1187008881.3674316,-1.4775019272999667e-20
405372,1187008881.3676758,-1.688463757974361e-20
405373,1187008881.36792,-1.8585873728148815e-20
405374,1187008881.368164,-1.928922260199335e-20
405375,1187008881.3684082,-1.8938022265538632e-20
405376,1187008881.3686523,-1.803998792278664e-20
405377,1187008881.3688965,-1.7381259212606708e-20
405378,1187008881.3691406,-1.7583178839717447e-20
405379,1187008881.3693848,-1.8750755910398256e-20
405380,1187008881.369629,-2.0410664420055157e-20
405381,1187008881.369873,-2.177424377000424e-20
405382,1187008881.3701172,-2.217842344022372e-20
405383,1187008881.370361,-2.1457314169562474e-20
405384,1187008881.3706057,-2.0035750300817943e-20
405385,1187008881.3708496,-1.8691843457609822e-20
405386,1187008881.3710938,-1.8121287390986816e-20
405387,1187008881.371338,-1.8547544890199958e-20
405388,1187008881.371582,-1.9596575529399262e-20
405389,1187008881.3718262,-2.050661789564233e-20
405390,1187008881.3720703,-2.0555733971519718e-20
405391,1187008881.3723145,-1.9467626443268712e-20
405392,1187008881.3725586,-1.7568154471044502e-20
405393,1187008881.3728027,-1.5604369783619667e-20
405394,1187008881.3730469,-1.4326774439768235e-20
405395,1187008881.373291,-1.4068201790044048e-20
405396,1187008881.3735352,-1.4555029707091222e-20
405397,1187008881.3737793,-1.5057032325423426e-20
405398,1187008881.3740234,-1.479329602859041e-20
405399,1187008881.3742676,-1.3368637637628047e-20
405400,1187008881.3745117,-1.0997560847920163e-20
405401,1187008881.374756,-8.390620743201991e-21
405402,1187008881.375,-6.365497464774543e-21
405403,1187008881.375244,-5.397860261304232e-21
405404,1187008881.3754883,-5.360433318893487e-21
405405,1187008881.3757324,-5.5942771192925214e-21
405406,1187008881.3759766,-5.272358664973401e-21
405407,1187008881.3762207,-3.854093064196281e-21
405410,1187008881.3769531,4.1363796995453815e-21
405411,1187008881.3771973,5.776420640223896e-21
405412,1187008881.3774414,6.4423436982393026e-21
405413,1187008881.3776855,6.6671169359977985e-21
405414,1187008881.3779297,7.249630037060302e-21
405415,1187008881.3781738,8.807313427808431e-21
405416,1187008881.378418,1.1430658856477916e-20
405417,1187008881.378662,1.4632022984734447e-20
405418,1187008881.3789062,1.7618227251638517e-20
405419,1187008881.3791504,1.9736916229700583e-20
405420,1187008881.3793943,2.0849282342503302e-20
405421,1187008881.379639,2.142031435071869e-20
405422,1187008881.3798828,2.2271368639157168e-20
405423,1187008881.380127,2.4124809126832543e-20
405424,1187008881.380371,2.718584648630462e-20
405425,1187008881.3806152,3.098957051803841e-20
405426,1187008881.3808594,3.460054515172549e-20
405427,1187008881.3811035,3.706408622918793e-20
405428,1187008881.3813477,3.7873853088333214e-20
405429,1187008881.3815918,3.721173843721559e-20
405430,1187008881.381836,3.5837343327355813e-20
405431,1187008881.38208,3.4689874204608084e-20
405432,1187008881.3823242,3.4415326674347246e-20
405433,1187008881.3825684,3.506636978917223e-20
405434,1187008881.3828125,3.612426521377535e-20
405435,1187008881.3830566,3.681605851995207e-20
405436,1187008881.3833008,3.654259023371748e-20
405437,1187008881.383545,3.51791747007398e-20
405438,1187008881.383789,3.308911889562405e-20
405439,1187008881.3840332,3.085587316917733e-20
405440,1187008881.384277,2.8899710402716613e-20
405441,1187008881.3845215,2.720967835617217e-20
405442,1187008881.3847656,2.5354181173558332e-20
405443,1187008881.3850098,2.2770643699022827e-20
405444,1187008881.385254,1.916719270302608e-20
405445,1187008881.385498,1.479258358919026e-20
405446,1187008881.3857422,1.039186358362836e-20
405447,1187008881.3859863,6.836179745187219e-21
405448,1187008881.3862305,4.6054113476197366e-21
405452,1187008881.387207,-5.729742220322501e-21
405453,1187008881.3874512,-1.3515673673349607e-20
405454,1187008881.3876953,-2.2672127693845954e-20
405455,1187008881.3879397,-3.1016267226876316e-20
405456,1187008881.3881836,-3.614934490814744e-20
405457,1187008881.3884275,-3.6379517139672837e-20
405458,1187008881.388672,-3.141203590833117e-20
405459,1187008881.388916,-2.2507177379740582e-20
405460,1187008881.3891602,-1.2039925333757751e-20
405462,1187008881.3896484,3.613651376888125e-21
405463,1187008881.3898926,5.930182284791279e-21
405464,1187008881.3901367,4.7130827815892845e-21
405467,1187008881.3908691,-6.642627563002743e-21
405468,1187008881.3911133,-9.26165894539848e-21
405469,1187008881.3913574,-1.0770346677566172e-20
405470,1187008881.3916016,-1.1471578496380051e-20
405471,1187008881.3918457,-1.1723330496699588e-20
405472,1187008881.3920898,-1.1777073637269056e-20
405473,1187008881.392334,-1.1768231655795804e-20
405474,1187008881.392578,-1.1797146712175424e-20
405475,1187008881.3928225,-1.1998058100458263e-20
405476,1187008881.3930664,-1.2526759293146004e-20
405477,1187008881.3933103,-1.3472850608331264e-20
405478,1187008881.3935547,-1.476589123664167e-20
405479,1187008881.3937988,-1.6155158155531538e-20
405480,1187008881.394043,-1.7295957498844415e-20
405481,1187008881.394287,-1.7904224883676172e-20
405482,1187008881.3945312,-1.7892662295534034e-20
405483,1187008881.3947754,-1.740747620635162e-20
405484,1187008881.3950195,-1.6741752426258652e-20
405485,1187008881.3952637,-1.6174489712331202e-20
405486,1187008881.3955078,-1.5828381591052464e-20
405487,1187008881.395752,-1.5627530706739822e-20
405488,1187008881.395996,-1.5375597242816372e-20
405489,1187008881.3962402,-1.4902280244809616e-20
405490,1187008881.3964844,-1.4185540390687303e-20
405491,1187008881.3967285,-1.3373105923596455e-20
405492,1187008881.396973,-1.2689723958747812e-20
405493,1187008881.3972168,-1.2288073798305227e-20
405494,1187008881.397461,-1.2137658562366056e-20
405495,1187008881.397705,-1.2024734088847808e-20
405496,1187008881.3979492,-1.1669549341945003e-20
405497,1187008881.3981934,-1.0894670521303118e-20
405498,1187008881.3984375,-9.743791023359847e-21
405499,1187008881.3986816,-8.475887084234492e-21
405500,1187008881.3989258,-7.431184421554264e-21
405501,1187008881.39917,-6.84171168965359e-21
405502,1187008881.399414,-6.6950893794517434e-21
405503,1187008881.3996582,-6.733304284456271e-21
405504,1187008881.3999023,-6.59253169313716e-21
405505,1187008881.4001465,-6.008406504824576e-21
405506,1187008881.4003906,-4.970799507256128e-21
405507,1187008881.4006348,-3.737563194037745e-21
405523,1187008881.404541,3.767926863860692e-21
405524,1187008881.4047852,5.044865359431679e-21
405525,1187008881.4050293,5.942938037334386e-21
405526,1187008881.4052734,6.197000978607052e-21
405527,1187008881.4055176,5.884388050880194e-21
405528,1187008881.4057617,5.380450942993692e-21
405529,1187008881.406006,5.151204605633168e-21
405530,1187008881.40625,5.4963886311371025e-21
405531,1187008881.406494,6.383653593188633e-21
405532,1187008881.4067383,7.465043654957385e-21
405533,1187008881.4069824,8.267353827673731e-21
405534,1187008881.4072266,8.452618039412871e-21
405535,1187008881.4074707,8.006100308352068e-21
405536,1187008881.4077148,7.248220829015712e-21
405537,1187008881.407959,6.6628222864356126e-21
405538,1187008881.4082031,6.63479999559555e-21
405539,1187008881.4084473,7.240291734252901e-21
405540,1187008881.4086914,8.204570743526897e-21
405541,1187008881.4089355,9.051438717356384e-21
405542,1187008881.4091797,9.363027827751874e-21
405543,1187008881.4094238,9.008002765753488e-21
405544,1187008881.409668,8.212917802497031e-21
405545,1187008881.409912,7.43713940925465e-21
405546,1187008881.4101562,7.119566294028732e-21
405547,1187008881.4104004,7.436182436127432e-21
405548,1187008881.4106443,8.202102446771305e-21
405549,1187008881.410889,8.972738438109591e-21
405550,1187008881.4111328,9.289140737498488e-21
405551,1187008881.411377,8.932680369552356e-21
405552,1187008881.411621,8.048326695891227e-21
405553,1187008881.4118652,7.067570518683237e-21
405554,1187008881.4121094,6.472384137434889e-21
405555,1187008881.4123535,6.529762708037954e-21
405556,1187008881.4125977,7.143474369477027e-21
405557,1187008881.4128418,7.905719369360677e-21
405558,1187008881.413086,8.321241359789722e-21
405559,1187008881.41333,8.08069138619089e-21
405560,1187008881.4135742,7.231909256731185e-21
405561,1187008881.4138184,6.1534582715774354e-21
405562,1187008881.4140625,5.344056746144065e-21
405563,1187008881.4143066,5.1441947070769435e-21
405564,1187008881.4145508,5.544971303714108e-21
405565,1187008881.414795,6.191778016852939e-21
405566,1187008881.415039,6.582438758267099e-21
405567,1187008881.4152832,6.350495186247416e-21
405568,1187008881.415527,5.4753969456415775e-21
405569,1187008881.4157715,4.3004911906697415e-21
405573,1187008881.416748,4.111310077949916e-21
405574,1187008881.4169922,4.6657792395537425e-21
405575,1187008881.4172363,4.587964228370217e-21
405576,1187008881.4174805,3.756028461098776e-21
405595,1187008881.4221191,-3.507215559106059e-21
405596,1187008881.4223633,-3.682284789016906e-21
405602,1187008881.423828,-4.5548448867849085e-21
405603,1187008881.4240725,-5.414552084876869e-21
405604,1187008881.4243164,-5.5666521946368466e-21
405605,1187008881.4245603,-5.018285252030593e-21
405606,1187008881.4248047,-4.174481680780117e-21
405607,1187008881.4250488,-3.6148400786273416e-21
405608,1187008881.425293,-3.767181862364036e-21
405609,1187008881.425537,-4.66194424646109e-21
405610,1187008881.4257812,-5.907776376058262e-21
405611,1187008881.4260254,-6.90534716035179e-21
405612,1187008881.4262695,-7.181714781568667e-21
405613,1187008881.4265137,-6.657853433619801e-21
405614,1187008881.4267578,-5.697332278407589e-21
405615,1187008881.427002,-4.905914876144825e-21
405616,1187008881.427246,-4.792159236671259e-21
405617,1187008881.4274902,-5.4788811572648026e-21
405618,1187008881.4277344,-6.62886127814666e-21
405619,1187008881.4279785,-7.629206891704656e-21
405620,1187008881.428223,-7.93344063419187e-21
405621,1187008881.4284668,-7.370363822253831e-21
405622,1187008881.428711,-6.245379038149591e-21
405623,1187008881.428955,-5.174995026258443e-21
405624,1187008881.4291992,-4.7448393263068495e-21
405625,1187008881.4294434,-5.181689311541138e-21
405626,1187008881.4296875,-6.223869577125577e-21
405627,1187008881.4299316,-7.264369219814982e-21
405628,1187008881.4301758,-7.688290229053365e-21
405629,1187008881.43042,-7.216442001595997e-21
405630,1187008881.430664,-6.0622312009387566e-21
405631,1187008881.4309082,-4.812877742771951e-21
405632,1187008881.4311523,-4.1006454188479835e-21
405633,1187008881.4313965,-4.248338111969712e-21
405634,1187008881.4316406,-5.0886316524918505e-21
405635,1187008881.4318848,-6.059578765217341e-21
405636,1187008881.432129,-6.523091753295557e-21
405637,1187008881.432373,-6.126964819272939e-21
405638,1187008881.4326172,-5.0056244316204896e-21
405639,1187008881.432861,-3.705207288347216e-21
405642,1187008881.4335938,-3.6581684019227345e-21
405643,1187008881.433838,-4.6281895476319505e-21
405644,1187008881.434082,-5.133493715906861e-21
405645,1187008881.4343262,-4.750246984338389e-21
405646,1187008881.4345703,-3.543382603781067e-21
405664,1187008881.4389648,3.757864854371401e-21
405665,1187008881.439209,4.297469869417448e-21
405666,1187008881.4394531,3.88078260761458e-21
405671,1187008881.4406738,4.026662801340004e-21
405672,1187008881.440918,5.4136494379051155e-21
405673,1187008881.441162,6.099663875120753e-21
405674,1187008881.4414062,5.815718729351205e-21
405675,1187008881.4416504,4.831125354286356e-21
405676,1187008881.4418943,3.799879941904947e-21
405678,1187008881.4423828,3.916167505127303e-21
405679,1187008881.442627,5.1505857502214265e-21
405680,1187008881.442871,6.4692225158115456e-21
405681,1187008881.4431152,7.198565006558078e-21
405682,1187008881.4433594,6.998236330180894e-21
405683,1187008881.4436035,6.05189589602865e-21
405684,1187008881.4438477,4.96047057365118e-21
405685,1187008881.4440918,4.398403631711488e-21
405686,1187008881.444336,4.727711540826961e-21
405687,1187008881.44458,5.7887383676914534e-21
405688,1187008881.4448242,6.986897018435526e-21
405689,1187008881.4450684,7.627470198525393e-21
405690,1187008881.4453125,7.310020137886332e-21
405691,1187008881.4455566,6.1595213189731254e-21
405692,1187008881.4458008,4.762663366811197e-21
405693,1187008881.446045,3.843635835363091e-21
405694,1187008881.446289,3.860728922901383e-21
405695,1187008881.4465332,4.750320771072915e-21
405696,1187008881.446777,5.962523534527986e-21
405697,1187008881.4470215,6.76899355706069e-21
405698,1187008881.4472656,6.670258634273747e-21
405699,1187008881.4475098,5.6736930959656505e-21
405700,1187008881.447754,4.285864802607409e-21
405703,1187008881.4484863,3.666279210159918e-21
405704,1187008881.4487305,4.7194247333821115e-21
405705,1187008881.4489746,5.45068150295038e-21
405706,1187008881.4492188,5.314640781599081e-21
405707,1187008881.449463,4.249710003664857e-21
405713,1187008881.4509275,3.631765004705365e-21
405714,1187008881.451172,3.734356500659788e-21
405733,1187008881.4558103,-3.678645409776413e-21
405734,1187008881.4560547,-4.556653171923916e-21
405735,1187008881.4562988,-4.4494143653786656e-21
405736,1187008881.456543,-3.529617466341997e-21
405741,1187008881.4577637,-4.8345180177294085e-21
405742,1187008881.4580078,-5.8207513724660515e-21
405743,1187008881.458252,-5.8768093795964236e-21
405744,1187008881.458496,-5.052268464778883e-21
405745,1187008881.4587402,-3.8763198847511265e-21
405748,1187008881.459473,-3.941886630555219e-21
405749,1187008881.4597168,-5.1613045419228905e-21
405750,1187008881.459961,-6.0519514422615815e-21
405751,1187008881.460205,-6.119000751968971e-21
405752,1187008881.4604492,-5.339140809563249e-21
405753,1187008881.4606934,-4.172875974835047e-21
405756,1187008881.4614258,-4.039673402519269e-21
405757,1187008881.46167,-5.257310697170043e-21
405758,1187008881.461914,-6.200428681768613e-21
405759,1187008881.4621582,-6.316050218436332e-21
405760,1187008881.4624023,-5.502835665144178e-21
405761,1187008881.4626465,-4.171234079988832e-21
405765,1187008881.463623,-4.3383711893775256e-21
405766,1187008881.4638672,-5.387149497631071e-21
405767,1187008881.464111,-5.7213262240829266e-21
405768,1187008881.4643557,-5.118676843838926e-21
405769,1187008881.4645996,-3.874137510591895e-21
405774,1187008881.4658203,-4.0416531844144445e-21
405775,1187008881.4660645,-4.324111371454254e-21
405776,1187008881.4663086,-3.7080033599745086e-21
405803,1187008881.4729004,3.887156148511068e-21
405804,1187008881.4731443,4.264315413149749e-21
405805,1187008881.473389,3.77627109718489e-21
405811,1187008881.4748535,4.585194676770325e-21
405812,1187008881.4750977,5.237752986011094e-21
405813,1187008881.4753418,5.038492536931056e-21
405814,1187008881.475586,4.1708668330514205e-21
405818,1187008881.4765625,3.639952473667543e-21
405819,1187008881.4768066,4.617128613803447e-21
405820,1187008881.4770508,5.181282889212031e-21
405821,1187008881.477295,5.010324076326085e-21
405822,1187008881.477539,4.199957411633296e-21
405827,1187008881.4787598,4.344150450978109e-21
405828,1187008881.479004,4.9067418954025005e-21
405829,1187008881.479248,4.72283046773968e-21
405830,1187008881.4794922,3.825475704812997e-21
405836,1187008881.480957,4.259110162210056e-21
405837,1187008881.4812012,4.418913195433969e-21
405838,1187008881.4814453,3.756821730992762e-21
405874,1187008881.4902344,-3.582465307272983e-21
405881,1187008881.4919434,-3.8824503218775204e-21
405882,1187008881.4921875,-4.389531192794353e-21
405883,1187008881.4924316,-4.174488611641245e-21
405889,1187008881.4938965,-4.004748370350901e-21
405890,1187008881.4941406,-4.5543514136392194e-21
405891,1187008881.4943848,-4.4006443742340044e-21
405892,1187008881.494629,-3.609071193708376e-21
405897,1187008881.4958496,-3.464327932604382e-21
405898,1187008881.4960938,-4.168245540998524e-21
405899,1187008881.496338,-4.22729192573271e-21
405900,1187008881.496582,-3.589926793583612e-21
405943,1187008881.50708,3.57820447267754e-21
405944,1187008881.5073242,3.716254232049202e-21
405951,1187008881.5090332,3.8602761592002416e-21
405952,1187008881.509277,4.16204426802438e-21
405953,1187008881.5095215,3.608479288894058e-21
405959,1187008881.5109863,3.79711788765471e-21
405960,1187008881.5112305,4.2755839329315866e-21
405961,1187008881.5114746,3.865824608726139e-21
405968,1187008881.5131836,3.603243883755428e-21
406005,1187008881.5222168,-3.53517758662441e-21
406013,1187008881.52417,-3.671789588856968e-21
406014,1187008881.524414,-3.487925108240663e-21
406021,1187008881.526123,-3.7017911367471924e-21
406022,1187008881.5263672,-3.556654817009083e-21
406029,1187008881.5280762,-3.8128286853384135e-21
406030,1187008881.5283203,-3.8273152694097016e-21
406082,1187008881.5410156,3.4891557517951435e-21
406083,1187008881.5412598,3.5811451278668204e-21
406090,1187008881.5429688,3.483124645393522e-21
406091,1187008881.543213,3.801853418947362e-21
