Frequency (Hz),White Hole Total SGWB,White Hole Polarized SGWB,Binary Black Hole Total SGWB,Binary Black Hole Polarized SGWB
9.999999999999999e-05,9.900498337491682e-14,2.9701495012475044e-14,1.7014474060626338e-15,1.701447406062634e-16
0.00010280732238308646,9.495089496834507e-14,2.848526849050352e-14,1.6700963879354874e-15,1.6700963879354876e-16
0.00010569345535579884,9.10620970298308e-14,2.7318629108949237e-14,1.6393165866114547e-15,1.6393165866114547e-16
0.00010866061138545968,8.73318606603213e-14,2.6199558198096386e-14,1.6090975369283593e-15,1.6090975369283594e-16
0.00011171106505048242,8.375373075661235e-14,2.5126119226983704e-14,1.5794289649888614e-15,1.5794289649888614e-16
0.0001148471547840289,8.032151487263765e-14,2.4096454461791295e-14,1.5503007846631483e-15,1.5503007846631483e-16
0.00011807128466661904,7.702927253388143e-14,2.3108781760164427e-14,1.5217030941556345e-15,1.5217030941556346e-16
0.00012138592626906277,7.387130498648576e-14,2.2161391495945727e-14,1.4936261726345415e-15,1.4936261726345416e-16
0.00012479362054713115,7.084214536336509e-14,2.1252643609009525e-14,1.4660604769231765e-15,1.4660604769231766e-16
0.00012829697978941474,6.793654925036893e-14,2.038096477511068e-14,1.4389966382518183e-15,1.4389966382518184e-16
0.00013189868961986705,6.514948563621401e-14,1.9544845690864205e-14,1.4124254590690668e-15,1.4124254590690668e-16
0.00013560151105656334,6.247612823057938e-14,1.8742838469173813e-14,1.3863379099116172e-15,1.3863379099116172e-16
0.00013940828262825784,5.99118471353831e-14,1.7973554140614932e-14,1.3607251263313468e-15,1.3607251263313468e-16
0.0001433219225503574,5.745220085487722e-14,1.7235660256463167e-14,1.3355784058787122e-15,1.3355784058787122e-16
0.00014734543096198358,5.509292863077468e-14,1.6527878589232402e-14,1.3108892051413963e-15,1.3108892051413963e-16
0.00015148189222583458,5.2829943089189085e-14,1.5848982926756726e-14,1.2866491368372277e-15,1.2866491368372277e-16
0.0001557344772926135,5.065932318670005e-14,1.5197796956010014e-14,1.262849966960358e-15,1.262849966960358e-16
0.00016010644613183178,4.8577307443378204e-14,1.457319223301346e-14,1.2394836119797497e-15,1.2394836119797497e-16
0.00016460115023085497,4.658028745109476e-14,1.3974086235328428e-14,1.2165421360890058e-15,1.2165421360890059e-16
0.0001692220351641037,4.466480164591797e-14,1.339944049377539e-14,1.1940177485066136e-15,1.1940177485066136e-16
0.0001739726432343801,4.282752933385377e-14,1.284825880015613e-14,1.1719028008256919e-15,1.171902800825692e-16
0.0001788566161883462,4.106528495962338e-14,1.2319585487887013e-14,1.1501897844123236e-15,1.1501897844123235e-16
0.0001838776980082327,3.9375012608592974e-14,1.1812503782577891e-14,1.12887132785161e-15,1.12887132785161e-16
0.00018903973778192212,3.7753780732369e-14,1.13261342197107e-14,1.1079401944405623e-15,1.1079401944405623e-16
0.000194346692653602,3.6198777088962355e-14,1.0859633126688706e-14,1.0873892797269962e-15,1.0873892797269962e-16
0.00019980263085725506,3.470730388879087e-14,1.041219116663726e-14,1.067211609093572e-15,1.067211609093572e-16
0.00020541173483530642,3.327677313814863e-14,9.983031941444588e-15,1.0474003353861854e-15,1.0474003353861855e-16
0.00021117830444482443,3.190470217210717e-14,9.571410651632152e-15,1.027948736585882e-15,1.0279487365858822e-16
0.0002171067602537265,3.058870936914464e-14,9.17661281074339e-15,1.00885021352352e-15,1.00885021352352e-16
0.00022320164692952345,2.9326510040108014e-14,8.797953012032404e-15,9.900982876363974e-16,9.900982876363974e-17
0.0002294676367231936,2.8115912484418733e-14,8.43477374532562e-15,9.716865987660894e-16,9.716865987660894e-17
0.00023590953305086364,2.6954814206716285e-14,8.086444262014885e-15,9.5360890299674e-16,9.5360890299674e-17
0.0002425322741760353,2.5841198287414872e-14,7.752359486224461e-15,9.358590705330887e-16,9.358590705330887e-17
0.00024934093699518806,2.4773129900910418e-14,7.431938970273125e-15,9.184310836174958e-16,9.18431083617496e-17
0.0002563407409296515,2.3748752975433023e-14,7.124625892629907e-15,9.013190344852775e-16,9.013190344852776e-17
0.00026353705192673927,2.2766286988781265e-14,6.8298860966343795e-15,8.84517123357644e-16,8.845171233576441e-17
0.0002709353865732052,2.1824023894411747e-14,6.547207168323524e-15,8.680196564715689e-16,8.680196564715689e-17
0.0002785414163241769,2.0920325172580658e-14,6.276097551774197e-15,8.518210441459239e-16,8.518210441459239e-17
0.00028636097185081157,2.0053619001449916e-14,6.016085700434974e-15,8.359157988832165e-16,8.359157988832166e-17
0.00029440004751000336,1.9222397543278042e-14,5.766719262983412e-15,8.202985335062916e-16,8.202985335062916e-17
0.0003026648059395692,1.8425214341014226e-14,5.527564302304268e-15,8.049639593293723e-16,8.049639593293724e-17
0.000311161582782436,1.7660681820803995e-14,5.2982045462411984e-15,7.899068843628158e-16,7.899068843628158e-17
0.00031989689154345377,1.6927468896097948e-14,5.078240668829384e-15,7.751222115509732e-16,7.751222115509732e-17
0.000328877428582551,1.622429866923088e-14,4.8672896007692636e-15,7.606049370425706e-16,7.606049370425707e-17
0.00033811007824806853,1.5549946226505238e-14,4.664983867951572e-15,7.463501484930109e-16,7.463501484930109e-17
0.00034760191815419775,1.490323652297614e-14,4.4709709568928425e-15,7.323530233980396e-16,7.323530233980396e-17
0.00035736022460657887,1.428304235328781e-14,4.2849127059863435e-15,7.186088274581952e-16,7.186088274581952e-17
0.0003673924781802074,1.36882824050618e-14,4.1064847215185395e-15,7.051129129735092e-16,7.051129129735093e-17
0.0003777063694539368,1.3117919391477806e-14,3.935375817443342e-15,6.918607172678978e-16,6.918607172678979e-17
0.0003883098049059605,1.2570958259826302e-14,3.771287477947891e-15,6.788477611427282e-16,6.788477611427283e-17
0.00039921091297480534,1.2046444472941717e-14,3.613933341882515e-15,6.660696473590273e-16,6.660696473590273e-17
0.0004104180502904709,1.1543462360551815e-14,3.4630387081655444e-15,6.535220591478308e-16,6.535220591478308e-17
0.0004219398080805024,1.1061133537698634e-14,3.31834006130959e-15,6.412007587481606e-16,6.412007587481606e-17
0.00043378501875589886,1.0598615387502708e-14,3.179584616250812e-15,6.29101585972149e-16,6.29101585972149e-17
0.00044596276268190954,1.0155099605652996e-14,3.0465298816958985e-15,6.17220456796822e-16,6.172204567968221e-17
0.0004584823751389096,9.729810804111216e-15,2.9189432412333646e-15,6.055533619820651e-16,6.055533619820652e-17
0.0004713534534786907,9.32200517162189e-15,2.7966015514865672e-15,5.940963657143116e-16,5.940963657143115e-17
0.00048458586448164956,8.930969188717134e-15,2.6792907566151403e-15,5.828456042754992e-16,5.828456042754993e-17
0.0004981897519205165,8.556018394999211e-15,2.5668055184997633e-15,5.717972847368433e-16,5.717972847368433e-17
0.000512175544336424,8.196496206574102e-15,2.4589488619722304e-15,5.609476836769907e-16,5.609476836769908e-17
0.0005265539630332755,7.851772781595833e-15,2.35553183447875e-15,5.502931459241235e-16,5.502931459241235e-17
0.0005413360302965381,7.521243931964501e-15,2.2563731795893504e-15,5.398300833215935e-16,5.398300833215935e-17
0.0005565330778427646,7.204330079300197e-15,2.161299023790059e-15,5.295549735166736e-16,5.295549735166736e-17
0.0005721567555063251,6.900475253391552e-15,2.0701425760174654e-15,5.194643587720128e-16,5.1946435877201284e-17
0.0005882190401699955,6.609146131391229e-15,1.9827438394173687e-15,5.095548447994121e-16,5.095548447994121e-17
0.0006047322449462648,6.32983111610028e-15,1.898949334830084e-15,4.998230996155147e-16,4.9982309961551466e-17
0.0006217090286163827,6.062039451751533e-15,1.8186118355254597e-15,4.902658524190422e-16,4.9026585241904225e-17
0.0006391624053344006,5.8053003757660895e-15,1.7415901127298267e-15,4.808798924891903e-16,4.808798924891903e-17
0.000657105754603627,5.559162305019766e-15,1.6677486915059297e-15,4.71662068104825e-16,4.7166206810482496e-17
0.0006755528315331639,5.323192055215222e-15,1.5969576165645664e-15,4.626092854841128e-16,4.626092854841128e-17
0.0006945177773823697,5.096974092013151e-15,1.5290922276039452e-15,4.537185077442323e-16,4.537185077442323e-17
0.0007140151304013404,4.880109812630387e-15,1.464032943789116e-15,4.449867538808256e-16,4.4498675388082563e-17
0.0007340598369757212,4.672216856665354e-15,1.401665056999606e-15,4.364110977668387e-16,4.364110977668387e-17
0.0007546672630843886,4.472928444961874e-15,1.3418785334885621e-15,4.279886671704273e-16,4.2798866717042733e-17
0.0007758532060787836,4.2818927453706054e-15,1.2845678236111817e-15,4.197166427915962e-16,4.197166427915962e-17
0.0007976339067929281,4.0987722643137925e-15,1.2296316792941376e-15,4.1159225731725306e-16,4.115922573172531e-17
0.0008200260619934131,3.92324326310348e-15,1.1769729789310441e-15,4.0361279449435964e-16,4.036127944943597e-17
0.0008430468371788967,3.754995198006161e-15,1.1264985594018483e-15,3.957755882208734e-16,3.9577558822087345e-17
0.0008667138797389233,3.593730183087748e-15,1.0781190549263242e-15,3.8807802165417806e-16,3.880780216541781e-17
0.0008910453324821513,3.4391624749120112e-15,1.0317487424736034e-15,3.805175263367053e-16,3.8051752633670535e-17
0.0009160598475443709,3.2910179782033132e-15,9.87305393460994e-16,3.730915813384531e-16,3.730915813384531e-17
0.000941776600686952,3.149033771620829e-15,9.447101314862488e-16,3.657977124161225e-16,3.657977124161225e-17
0.0009682153059967086,3.0129576528258197e-15,9.038872958477459e-16,3.586334911885835e-16,3.5863349118858355e-17
0.0009953962309984233,2.8825477020571527e-15,8.647643106171458e-16,3.5159653432840383e-16,3.5159653432840385e-17
0.0010233402121916423,2.757571863461885e-15,8.272715590385655e-16,3.44684502769162e-16,3.44684502769162e-17
0.0010520686710236227,2.6378075434586496e-15,7.913422630375948e-16,3.378951009282894e-16,3.378951009282894e-17
0.0010816036303107094,2.523041225440662e-15,7.569123676321986e-16,3.3122607594517086e-16,3.312260759451709e-17
0.0011119677311206989,2.413068100153676e-15,7.239204300461028e-16,3.2467521693425786e-16,3.2467521693425787e-17
0.0011431842501291502,2.307691711111006e-15,6.923075133333017e-16,3.18240354252937e-16,3.18240354252937e-17
0.0011752771174629451,2.206723614433807e-15,6.620170843301421e-16,3.119193587839111e-16,3.119193587839111e-17
0.001208270935044776,2.109983052529655e-15,6.329949157588965e-16,3.0571014123184823e-16,3.0571014123184825e-17
0.0012421909954526173,2.017296641046384e-15,6.051889923139152e-16,2.9961065143406293e-16,2.9961065143406294e-17
0.0012770633013086446,1.928498068560988e-15,5.785494205682964e-16,2.936188776849949e-16,2.936188776849949e-17
0.0013129145852124654,1.8434278084853986e-15,5.530283425456196e-16,2.8773284607425463e-16,2.8773284607425463e-17
0.0013497723302339417,1.7619328426920244e-15,5.285798528076073e-16,2.819506198380083e-16,2.819506198380083e-17
0.0013876647909813085,1.6838663963821931e-15,5.051599189146579e-16,2.7627029872348224e-16,2.7627029872348226e-17
0.0014266210152607385,1.6090876837399885e-15,4.827263051219965e-16,2.7069001836636463e-16,2.7069001836636464e-17
0.0014666708663439686,1.5374616639326044e-15,4.612384991797813e-16,2.652079496808882e-16,2.6520794968088822e-17
0.001507845045861051,1.4688588070362018e-15,4.406576421108605e-16,2.598222982623803e-16,2.5982229826238032e-17
0.0015501751173357704,1.403154869483404e-15,4.209464608450212e-16,2.5453130380207096e-16,2.5453130380207096e-17
0.001593693530381776,1.3402306786449476e-15,4.0206920359348427e-16,2.493332395139497e-16,2.4933323951394973e-17
0.0016384336455779846,1.279971926173804e-15,3.8399157785214116e-16,2.442264115734645e-16,2.4422641157346453e-17
0.001684429760042315,1.2222689697552076e-15,3.666806909265623e-16,2.392091585678602e-16,2.392091585678602e-17
0.0017317171337233527,1.167016642920545e-15,3.5010499287616354e-16,2.3427985095795586e-16,2.3427985095795588e-17
0.0017803320164301137,1.1141140725969531e-15,3.3423422177908594e-16,2.294368905511591e-16,2.2943689055115915e-17
0.0018303116756206129,1.06346450407785e-15,3.1903935122335496e-16,2.2467870998552087e-16,2.246787099855209e-17
0.0018816944249705557,1.014975133112424e-15,3.044925399337272e-16,2.2000377222463234e-16,2.2000377222463234e-17
0.0019345196537440444,9.685569448243949e-16,2.9056708344731845e-16,2.1541057006316932e-16,2.1541057006316934e-17
0.0019888278569888096,9.241245591821744e-16,2.772373677546523e-16,2.108976256428885e-16,2.1089762564288852e-17
0.0020446606665791177,8.815960827538349e-16,2.6447882482615046e-16,2.0646348997888197e-16,2.0646348997888198e-17
0.002102060883130158,8.408929664911572e-16,2.5226788994734717e-16,2.0210674249589444e-16,2.0210674249589446e-17
0.0021610725088083765,8.019398692974559e-16,2.4058196078923675e-16,1.9782599057450983e-16,1.9782599057450984e-17
0.0022217407810628848,7.646645271438592e-16,2.2939935814315776e-16,1.9361986910701454e-16,1.9361986910701455e-17
0.0022841122073038256,7.289976275083024e-16,2.186992882524907e-16,1.894870400627405e-16,1.894870400627405e-17
0.0023482346005542763,6.948726889206845e-16,2.0846180667620534e-16,1.8542619206269292e-16,1.8542619206269294e-17
0.002414157116103018,6.622259454064699e-16,1.9866778362194097e-16,1.8143603996326654e-16,1.8143603996326654e-17
0.002481930289186255,6.309962356294919e-16,1.8929887068884756e-16,1.775153244488526e-16,1.775153244488526e-17
0.0025516060737271863,6.011248965427961e-16,1.8033746896283881e-16,1.7366281163313587e-16,1.7366281163313588e-17
0.0026232378821631234,5.725556613641958e-16,1.7176669840925874e-16,1.698772926688797e-16,1.698772926688797e-17
0.0026968806263906924,5.452345617006586e-16,1.635703685101976e-16,1.661575833659946e-16,1.661575833659946e-17
0.002772590759860481,5.191098336528385e-16,1.5573295009585153e-16,1.6250252381768394e-16,1.6250252381768393e-17
0.0028504263208534346,4.941318277379237e-16,1.4823954832137709e-16,1.5891097803445491e-16,1.5891097803445492e-17
0.0029304469769721444,4.702529224756038e-16,1.4107587674268113e-16,1.5538183358578205e-16,1.5538183358578207e-17
0.003012714070881164,4.474274414882625e-16,1.3422823244647876e-16,1.5191400124920343e-16,1.5191400124920344e-17
0.0030972906673314067,4.2561157397261087e-16,1.2768347219178325e-16,1.4850641466662857e-16,1.4850641466662856e-17
0.003184241601504653,4.047632984057962e-16,1.2142898952173887e-16,1.4515803000763061e-16,1.451580300076306e-17
0.0032736335287152475,3.848423093546207e-16,1.154526928063862e-16,1.4186782563949016e-16,1.4186782563949018e-17
0.0033655349755070943,3.658099472618676e-16,1.0974298417856026e-16,1.3863480180375254e-16,1.3863480180375255e-17
0.003460016392185109,3.476291310889014e-16,1.0428873932667041e-16,1.3545798029905414e-16,1.3545798029905415e-17
0.0035571502068213858,3.3026429369864785e-16,9.907928810959435e-17,1.3233640416996919e-16,1.323364041699692e-17
0.003657010880777493,3.1368131986780097e-16,9.410439596034028e-17,1.2926913740161737e-16,1.2926913740161737e-17
0.003759674965785468,2.9784748682165925e-16,8.935424604649777e-17,1.2625526461976919e-16,1.262552646197692e-17
0.003865221162631262,2.8273140718937123e-16,8.481942215681137e-17,1.2329389079617502e-16,1.2329389079617503e-17
0.003973730381485609,2.68302974281558e-16,8.04908922844674e-17,1.2038414095883944e-16,1.2038414095883944e-17
0.004085285803928565,2.545333095963062e-16,7.635999287889186e-17,1.1752515990695035e-16,1.1752515990695035e-17
0.004199972946715306,2.4139471246338256e-16,7.241841373901477e-17,1.1471611193016416e-16,1.1471611193016416e-17
0.004317879727332021,2.2886061174023566e-16,6.865818352207069e-17,1.119561805319404e-16,1.119561805319404e-17
0.004439096531392171,2.169055194769015e-16,6.507165584307045e-17,1.092445681566085e-16,1.0924456815660851e-17
0.0045637162819247585,2.0550498647034362e-16,6.165149594110309e-17,1.0658049591983878e-16,1.0658049591983879e-17
0.004691834510607799,1.946355596320265e-16,5.839066788960795e-17,1.0396320334217832e-16,1.0396320334217832e-17
0.004823549431001467,1.842747410956801e-16,5.528242232870402e-17,1.0139194808530588e-16,1.0139194808530589e-17
0.004958962013837212,1.7440094899520475e-16,5.2320284698561423e-17,9.88660056906419e-17,9.886600569064191e-18
0.005098176064420424,1.6499347984558135e-16,4.9498043953674405e-17,9.638466931994554e-17,9.638466931994555e-18
0.0052412983022060615,1.5603247246241168e-16,4.68097417387235e-17,9.394724949751347e-17,9.394724949751348e-18
0.005388438442608223,1.474988733583791e-16,4.4249662007513733e-17,9.155307385358629e-17,9.15530738535863e-18
0.005539709281106401,1.3937440355747904e-16,4.181232106724371e-17,8.920148686855571e-17,8.920148686855572e-18
0.005695226779712825,1.316415267703133e-16,3.949245803109399e-17,8.689184961755388e-17,8.689184961755388e-18
0.005855110155867244,1.2428341887609182e-16,3.7285025662827544e-17,8.46235395149943e-17,8.462353951499431e-18
0.006019481973827274,1.1728393865923708e-16,3.518518159777112e-17,8.239595005862103e-17,8.239595005862102e-18
0.006188468238624382,1.106275997506482e-16,3.318827992519446e-17,8.02084905726129e-17,8.02084905726129e-18
0.006362198492657489,1.0429954372574855e-16,3.128986311772456e-17,7.80605859492768e-17,7.80605859492768e-18
0.006540805914998259,9.828551431342629e-17,2.948565429402788e-17,7.59516763888537e-17,7.59516763888537e-18
0.006724427423484249,9.2571832671871e-17,2.77715498015613e-17,7.388121713694942e-17,7.388121713694942e-18
0.006913203779678127,8.714537368913665e-17,2.6143612106740994e-17,7.18486782190939e-17,7.18486782190939e-18
0.007107279696773419,8.199354326799717e-17,2.4598062980399148e-17,6.985354417192273e-17,6.985354417192274e-18
0.007306803950529507,7.710425655632848e-17,2.3131276966898543e-17,6.789531377046628e-17,6.789531377046628e-18
0.007511929493320969,7.246591708584409e-17,2.1739775125753226e-17,6.597349975102417e-17,6.597349975102417e-18
0.007722813571388642,6.806739678353556e-17,2.0420219035060667e-17,6.4087628529098e-17,6.4087628529098e-18
0.007939617845382276,6.389801682162582e-17,1.9169405046487744e-17,6.223723991185007e-17,6.223723991185008e-18
0.008162508514287228,5.994752927322975e-17,1.7984258781968926e-17,6.042188680455234e-17,6.042188680455234e-18
0.00839165644283016,5.6206099542246e-17,1.6861829862673798e-17,5.864113491048964e-17,5.864113491048964e-18
0.00862723729246145,5.266428953726474e-17,1.579928686117942e-17,5.689456242378105e-17,5.689456242378105e-18
0.008869431656014705,4.931304156048295e-17,1.4793912468144885e-17,5.5181759714587426e-17,5.518175971458743e-18
0.00911842519614657,4.614366288376354e-17,1.3843098865129062e-17,5.3502329006178136e-17,5.3502329006178136e-18
0.009374408787663,4.3147810985063433e-17,1.294434329551903e-17,5.185588404333903e-17,5.185588404333903e-18
0.009637578663841089,4.0317479419490694e-17,1.2095243825847207e-17,5.0242049751614163e-17,5.024204975161417e-18
0.009908136566858666,3.7644984300231624e-17,1.1293495290069488e-17,4.866046188688967e-17,4.866046188688967e-18
0.010186289902446875,3.512295136551948e-17,1.0536885409655843e-17,4.711076667484637e-17,4.7110766674846375e-18
0.010472251898884344,3.2744303608694216e-17,9.823291082608265e-18,4.559262043982997e-17,4.559262043982998e-18
0.010766241770454932,3.0502249449232894e-17,9.150674834769868e-18,4.410568922271323e-17,4.410568922271323e-18
0.01106848488549412,2.8390271423416986e-17,8.517081427025095e-18,4.2649648387358363e-17,4.264964838735837e-18
0.01137921293915315,2.640211537403654e-17,7.920634612210962e-18,4.1224182215320345e-17,4.122418221532035e-18
0.01169866413101307,2.453178011922916e-17,7.359534035768747e-18,3.982898348847602e-17,3.982898348847602e-18
0.012027083347685121,2.2773507581199732e-17,6.832052274359919e-18,3.8463753059308067e-17,3.846375305930807e-18
0.01236472235053715,2.11217733561812e-17,6.33653200685436e-18,3.7128199408627343e-17,3.712819940862734e-18
0.012711839968690289,1.9571277707564666e-17,5.8713833122694e-18,3.5822038190572915e-17,3.582203819057291e-18
0.013068702297433463,1.811693696466591e-17,5.4350810893997734e-18,3.4544991764797004e-17,3.4544991764797005e-18
0.013435582902208263,1.675387531009013e-17,5.0261625930270394e-18,3.329678871580953e-17,3.329678871580953e-18
0.013812763028320095,1.5477416939127215e-17,4.643225081738164e-18,3.2077163359538764e-17,3.2077163359538764e-18
0.014200531816536832,1.4283078575040248e-17,4.284923572512075e-18,3.0885855237246086e-17,3.088585523724609e-18
0.014599186524739786,1.3166562324519458e-17,3.9499686973558374e-18,2.9722608597028035e-17,2.9722608597028038e-18
0.015009032755797366,1.2123748857949427e-17,3.637124657384828e-18,2.858717186323539e-17,2.8587171863235388e-18
0.015430384691835646,1.115069089949531e-17,3.345207269848593e-18,2.7479297094248418e-17,2.747929709424842e-18
0.015863565335085896,1.0243607012344374e-17,3.073082103703312e-18,2.63987394291586e-17,2.63987394291586e-18
0.016308906755493326,9.398875664755992e-18,2.8196626994267974e-18,2.5345256524030664e-17,2.5345256524030664e-18
0.01676675034527699,8.613029562870501e-18,2.58390886886115e-18,2.4318607978545518e-17,2.431860797854552e-18
0.0172374470806362,7.882750236513395e-18,2.3648250709540183e-18,2.331855475395969e-17,2.3318554753959692e-18
0.017721357790803586,7.2048628645084e-18,2.16145885935252e-18,2.2344858583459605e-17,2.2344858583459608e-18
0.01821885343465167,6.5763313262812995e-18,1.9728993978843898e-18,2.1397281376134384e-17,2.1397281376134385e-18
0.018730315385064367,5.994253466804787e-18,1.798276040041436e-18,2.0475584615946238e-17,2.047558461594624e-18
0.019256135721291985,5.4558565622002395e-18,1.6367569686600718e-18,1.9579528757232752e-17,1.9579528757232753e-18
0.019796717529513324,4.958492973584789e-18,1.4875478920754367e-18,1.8708872618439203e-17,1.8708872618439205e-18
0.020352475211835776,4.499635977029241e-18,1.3498907931087722e-18,1.7863372775941787e-17,1.7863372775941786e-18
0.020923834803969768,4.076875757782896e-18,1.2230627273348687e-18,1.7042782959990713e-17,1.7042782959990715e-18
0.021511234301821672,3.68791555722363e-18,1.1063746671670889e-18,1.6246853454967564e-17,1.6246853454967565e-18
0.02211512399725489,3.3305679613139088e-18,9.991703883941726e-19,1.5475330506319267e-17,1.5475330506319268e-18
0.022735966823277175,3.0027513196838665e-18,9.008253959051599e-19,1.472795573669283e-17,1.4727955736692831e-18
0.02337423870891815,2.7024862848289075e-18,8.107458854486722e-19,1.400446557395646e-17,1.400446557395646e-18
0.024030428944069697,2.4278924612997318e-18,7.283677383899196e-19,1.3304590693944188e-17,1.330459069394419e-18
0.024705040554568253,2.177185155183171e-18,6.531555465549513e-19,1.2628055480907769e-17,1.2628055480907769e-18
0.025398590687807265,1.9486722146216152e-18,5.846016643864846e-19,1.1974577508792592e-17,1.1974577508792592e-18
0.026111611009174595,1.740750952601049e-18,5.222252857803147e-19,1.1343867046577455e-17,1.1343867046577456e-18
0.026844648109619625,1.5519051437512948e-18,4.655715431253885e-19,1.0735626591022457e-17,1.0735626591022458e-18
0.027598263924661803,1.3807020874494066e-18,4.1421062623482197e-19,1.0149550430258407e-17,1.0149550430258408e-18
0.028373036165162114,1.2257897300960888e-18,3.677369190288266e-19,9.585324241717203e-18,9.585324241717203e-19
0.02916955876018796,1.0858938400454514e-18,3.257681520136354e-19,9.042624727945564e-18,9.042624727945565e-19
0.02998844231231028,9.598152293084656e-19,2.8794456879253966e-19,8.521119293861591e-18,8.521119293861591e-19
0.030830314565682772,8.464270168166791e-19,2.539281050450037e-19,8.020465768999073e-18,8.020465768999074e-19
0.03169582088726115,7.446719287230095e-19,2.2340157861690285e-19,7.540312178239977e-18,7.540312178239978e-19
0.03258562476153226,6.535596319250941e-19,1.9606788957752822e-19,7.080296564453247e-18,7.080296564453248e-19
0.033500408299131326,5.721640977200558e-19,1.7164922931601675e-19,6.640046866340398e-18,6.640046866340399e-19
0.034440872759738235,4.996209932307127e-19,1.4988629796921381e-19,6.219180854627989e-18,6.21918085462799e-19
0.035407739089652696,4.351250989767806e-19,1.3053752969303417e-19,5.8173061295466146e-18,5.817306129546615e-19
0.03640174847446141,3.7792775169244653e-19,1.1337832550773395e-19,5.434020182288943e-18,5.434020182288944e-19
0.03742366290721981,3.273343122070505e-19,9.820029366211514e-20,5.0689105228488464e-18,5.068910522848846e-19
0.03847426577258506,2.827016588996191e-19,8.481049766988573e-20,4.721554876304093e-18,4.721554876304093e-19
0.039554362447347016,2.434357079030078e-19,7.303071237090233e-20,4.39152144922073e-18,4.39152144922073e-19
0.04066478091781858,2.0898896186027547e-19,6.269668855808264e-20,4.0783692674238764e-18,4.0783692674238764e-19
0.04180637241455758,1.7885808961671852e-19,5.3657426885015555e-20,3.781648585902141e-18,3.781648585902141e-19
0.04298001206490798,1.5258153975696858e-19,4.5774461927090576e-20,3.500901371089335e-18,3.500901371089335e-19
0.04418659956385941,1.2973719136032052e-19,3.892115740809615e-20,3.2356618552035082e-18,3.2356618552035086e-19
0.04542705986374043,1.09940045741351e-19,3.2982013722405296e-20,2.985457161719529e-18,2.9854571617195293e-19
0.04670234388327335,9.283996326087033e-20,2.78519889782611e-20,2.7498080004151648e-18,2.749808000415165e-19
0.048013429236534504,7.811944952863593e-20,2.343583485859078e-20,2.5282294297643844e-18,2.5282294297643845e-19
0.049361320982379164,6.549149547003762e-20,1.9647448641011285e-20,2.3202316837634167e-18,2.320231683763417e-19
0.05074705239490466,5.469747579125468e-20,1.64092427373764e-20,2.125321059571744e-18,2.1253210595717442e-19
0.05217168575554349,4.550511034985828e-20,1.3651533104957482e-20,1.9430008616393422e-18,1.9430008616393422e-19
0.053636313167392397,3.770649282089022e-20,1.1311947846267065e-20,1.7727723972833836e-18,1.7727723972833837e-19
0.05514205739240302,3.111619084403117e-20,9.33485725320935e-21,1.6141360179808174e-18,1.6141360179808175e-19
0.05669007271207434,2.556942154943572e-20,7.670826464830716e-21,1.4665921999700328e-18,1.466592199970033e-19
0.058281545812308454,2.0920305993552256e-20,6.2760917980656764e-21,1.3296426571146846e-18,1.3296426571146848e-19
0.05991769669310619,1.704020559899696e-20,5.112061679699088e-21,1.2027914783893787e-18,1.2027914783893788e-19
0.06159977960380169,1.3816143192911716e-20,4.144842957873514e-21,1.0855462818103304e-18,1.0855462818103304e-19
0.06332908400455114,1.1149310686332744e-20,3.344793205899823e-21,9.774193761680606e-19,9.774193761680607e-20
0.06510693555481462,8.953664844091545e-21,2.6860994532274634e-21,8.779289215340028e-19,8.779289215340029e-20
0.0669346971295866,7.1546119728228e-21,2.14638359184684e-21,7.866000792210794e-19,7.866000792210795e-20
0.0688137698641567,5.6877817164564495e-21,1.706334514936935e-21,7.029661416892911e-19,7.029661416892912e-20
0.07074559422819879,4.497889507164945e-21,1.3493668521494834e-21,6.265696328116557e-19,6.265696328116558e-20
0.07273165113001454,3.537686588051025e-21,1.0613059764153074e-21,5.569633689604217e-19,5.569633689604217e-20
0.07477346305177587,2.7669959144739097e-21,8.300987743421729e-22,4.937114715457472e-19,4.937114715457472e-20
0.07687259521663728,2.15183166561827e-21,6.45549499685481e-22,4.363903219425133e-19,4.3639032194251334e-20
0.07903065678861347,1.6635995674704235e-21,4.99079870241127e-22,3.845894501782638e-19,3.8458945017826384e-20
0.08124930210614047,1.278374752171824e-21,3.835124256515472e-22,3.3791234932595646e-19,3.379123493259565e-20
0.08353023195026779,9.762534645631974e-22,2.928760393689592e-22,2.9597720824593966e-19,2.9597720824593965e-20
0.0858751948484517,7.407745806174998e-22,2.2223237418524994e-22,2.5841755614686123e-19,2.5841755614686123e-20
0.0882859884149515,5.584066284529447e-22,1.6752198853588342e-22,2.248828133757438e-19,2.2488281337574383e-20
0.09076446072885357,4.180958028021469e-22,1.2542874084064407e-22,1.9503874389195596e-19,1.95038743891956e-20
0.0933125117507825,3.108703382773325e-22,9.326110148319975e-23,1.6856780601320538e-19,1.6856780601320538e-20
0.09593209477938242,2.2949655369457137e-22,6.884896610837141e-23,1.4516939922712546e-19,1.4516939922712545e-20
0.09862521794868784,1.6818189550280717e-22,5.045456865084215e-23,1.2456000611946603e-19,1.2456000611946604e-20
0.10139394576752918,1.2232038783571813e-22,3.669611635071544e-23,1.0647322975787748e-19,1.0647322975787749e-20
0.10424040070215568,8.827603336625178e-23,2.648281000987553e-23,9.065972816516066e-20,9.065972816516067e-21
0.10716676480328632,6.31998954572278e-23,1.895996863716834e-23,7.6887048793375e-20,7.6887048793375e-21
0.11017528137883874,4.4876819797772426e-23,1.3463045939331726e-23,6.493936714517597e-20,6.493936714517598e-21
0.11326825671361537,3.159801411795433e-23,9.4794042353863e-24,5.461713485651398e-20,5.461713485651398e-21
0.11644806183726866,2.2055988912608467e-23,6.61679667378254e-24,4.573664363119191e-20,4.573664363119191e-21
0.1197171343418967,1.525866181548805e-23,4.577598544646415e-24,3.81295123804239e-20,3.81295123804239e-21
0.12307798025066646,1.0459735253855704e-23,3.137920576156711e-24,3.164210574906993e-20,3.164210574906993e-21
0.1265331759388943,7.102763888012534e-24,2.13082916640376e-24,2.6134892887405914e-20,2.6134892887405917e-21
0.13008537010905705,4.776628583675027e-24,1.432988575102508e-24,2.1481755839163442e-20,2.1481755839163445e-21
0.13373728582124964,3.1804217645290074e-24,9.541265293587021e-25,1.7569257253318806e-20,1.7569257253318808e-21
0.1374917225806419,2.0960205096675663e-24,6.288061529002699e-25,1.429587728322932e-20,1.429587728322932e-21
0.14135155848353956,1.3668753526037626e-24,4.1006260578112877e-25,1.1571229511347541e-20,1.1571229511347542e-21
0.14531975242368952,8.817721281533661e-25,2.645316384460098e-25,9.315265534838703e-21,9.315265534838704e-22
0.14939934636052576,5.625301203785424e-25,1.687590361135627e-25,7.457477475538081e-21,7.457477475538082e-22
0.1535934676510897,3.547818026459496e-25,1.0643454079378487e-25,5.9361071498988e-21,5.9361071498988e-22
0.15790533144741759,2.2113801073743273e-25,6.634140322122982e-26,4.697369967969584e-21,4.697369967969584e-22
0.1623382431612278,1.3617845944424223e-25,4.0853537833272667e-26,3.694700845631707e-21,3.6947008456317073e-22
0.16689560099780248,8.282259021257322e-26,2.4846777063771965e-26,2.8880285346998782e-21,2.8880285346998785e-22
0.17158089856100048,4.973164772802814e-26,1.491949431840844e-26,2.243083826478367e-21,2.243083826478367e-22
0.1763977275314045,2.9471656879843006e-26,8.841497063952902e-27,1.73074609247329e-21,1.7307460924732902e-22
0.18134978041964955,1.7230725183629017e-26,5.169217555088705e-27,1.3264316179318716e-21,1.3264316179318716e-22
0.18644085339704872,9.934934165778583e-27,2.9804802497335747e-27,1.0095261857012097e-21,1.0095261857012098e-22
0.1916748492056815,5.647020595086402e-27,1.6941061785259205e-27,7.628634039780281e-22,7.628634039780281e-23
0.19705578015018002,3.1629508098481218e-27,9.488852429544364e-28,5.722493638492873e-22,5.722493638492873e-23
0.2025877711735017,1.7450386410464174e-27,5.235115923139252e-28,4.2603338002440075e-22,4.260333800244008e-23
0.20827506301905144,9.479229312939846e-28,2.8437687938819537e-28,3.147238261405033e-22,3.147238261405033e-23
0.21412201548157292,5.067654968582261e-28,1.5202964905746784e-28,2.3064743582870215e-22,2.3064743582870217e-23
0.220133110749303,2.665093288637664e-28,7.995279865912991e-29,1.6764990956201119e-22,1.676499095620112e-23
0.22631295683995295,1.3781263540757206e-28,4.1343790622271615e-29,1.2083524823928306e-22,1.2083524823928306e-23
0.2326662911331458,7.003758510427551e-29,2.1011275531282652e-29,8.634092662966211e-23,8.634092662966211e-24
0.23919798400202397,3.4964496127065213e-29,1.0489348838119563e-29,6.114581876039111e-23,6.1145818760391116e-24
0.2459130425468044,1.713799116863787e-29,5.141397350591361e-30,4.290768553328338e-23,4.2907685533283385e-24
0.25281661443315007,8.243383886411032e-30,2.4730151659233095e-30,2.982702225161617e-23,2.982702225161617e-24
0.2599139918382933,3.8889670949380146e-30,1.1666901284814044e-30,2.053412843083145e-23,2.0534128430831452e-24
0.2672106155079435,1.798497575810204e-30,5.395492727430612e-31,1.3996391186369907e-23,1.3996391186369908e-24
0.27471207892708116,8.14871948482465e-31,2.444615845447395e-31,9.442953076059705e-24,9.442953076059705e-25
0.2824241326078436,3.615122846798121e-31,1.0845368540394361e-31,6.3041520830724325e-24,6.304152083072433e-25
0.29035268849778134,1.5694741982612299e-31,4.7084225947836896e-32,4.163362689996749e-24,4.163362689996749e-25
0.29850382451187324,6.663751128007358e-32,1.9991253384022072e-32,2.7191210645223648e-24,2.719121064522365e-25
0.30688378919176423,2.765320384209595e-32,8.295961152628785e-33,1.7556740550205263e-24,1.7556740550205263e-25
0.31549900649580886,1.1208700099149905e-32,3.3626100297449715e-33,1.1203424516525514e-24,1.1203424516525514e-25
0.32435608072358113,4.434670234197369e-33,1.3304010702592105e-33,7.063270477245523e-25,7.063270477245523e-26
0.33346180157863625,1.711468170396113e-33,5.134404511188339e-34,4.398064447991658e-25,4.3980644479916585e-26
0.34282314937339703,6.43835005072924e-34,1.931505015218772e-34,2.703749626876892e-25,2.703749626876892e-26
0.35244730038015837,2.359211876094071e-34,7.077635628282214e-35,1.6404562658210833e-25,1.6404562658210833e-26
0.36234163233231503,8.41444540023446e-35,2.524333620070338e-35,9.81964836283081e-26,9.819648362830811e-27
0.372513730080021,2.9189108605903586e-35,8.756732581771075e-36,5.79689732317477e-26,5.79689732317477e-27
0.3829713914046281,9.840435059299625e-36,2.952130517789887e-36,3.3736058853246474e-26,3.373605885324648e-27
0.3937226329963479,3.2214970484826963e-36,9.664491145448089e-37,1.934719766443571e-26,1.934719766443571e-27
0.4047756965997322,1.0232769996447228e-36,3.0698309989341684e-37,1.0929185823485829e-26,1.092918582348583e-27
0.41613905533167067,3.1510314735365245e-37,9.453094420609573e-38,6.078824125160003e-27,6.078824125160003e-28
0.4278214201767617,9.398488408912659e-38,2.8195465226737976e-38,3.327547142121787e-27,3.327547142121787e-28
0.4398317466650224,2.712814424732728e-38,8.138443274198184e-39,1.7918731375475184e-27,1.7918731375475185e-28
0.4521792417370702,7.570753680866182e-39,2.2712261042598546e-39,9.487871148786512e-28,9.487871148786513e-29
0.4648733708020257,2.04081681388971e-39,6.122450441669129e-40,4.937455969114037e-28,4.937455969114037e-29
0.47792386499356,5.308748975533752e-40,1.5926246926601257e-40,2.524057957632225e-28,2.524057957632225e-29
0.4913407286296362,1.331279160990631e-40,3.993837482971893e-41,1.266892598363155e-28,1.2668925983631552e-29
0.5051342468816766,3.215053287298335e-41,9.645159861895004e-42,6.24024044033345e-29,6.24024044033345e-30
0.5193149936590212,7.469475306197434e-42,2.2408425918592303e-42,3.0147707142348e-29,3.0147707142348e-30
0.5338938397147355,1.667641845765272e-42,5.002925537295815e-43,1.4277844115544476e-29,1.4277844115544476e-30
0.5488819609789671,3.573887489014979e-43,1.0721662467044937e-43,6.62496649211652e-30,6.62496649211652e-31
0.5642908471262537,7.343538590412817e-44,2.203061577123845e-44,3.0100100293512327e-30,3.010010029351233e-31
0.5801323103833378,1.4450514214034595e-44,4.335154264210378e-45,1.3383167290625141e-30,1.3383167290625142e-31
0.5964184945842459,2.7198642982802806e-45,8.159592894840842e-46,5.819596555550299e-31,5.8195965555503e-32
0.6131618844795775,4.8905193350313724e-46,1.4671558005094116e-46,2.4734250456766962e-31,2.4734250456766965e-32
0.6303753153071274,8.389751661645578e-47,2.5169254984936735e-47,1.026828279444914e-31,1.026828279444914e-32
0.648071982631197,1.3713759754537019e-47,4.1141279263611053e-48,4.161055806984758e-32,4.1610558069847584e-33
0.666265452458115,2.1329865139556142e-48,6.3989595418668426e-49,1.6448311828531176e-32,1.644831182853118e-33
0.6849696716357446,3.15237677880141e-49,9.45713033640423e-50,6.337943157608446e-33,6.337943157608446e-34
0.7041989785449289,4.42062687295465e-50,1.326188061886395e-50,2.37888371733761e-33,2.3788837173376104e-34
0.7239681140910877,5.873339959491598e-51,1.7620019878474792e-51,8.691122227801302e-34,8.691122227801302e-35
0.7442922330043759,7.382165847483462e-52,2.2146497542450385e-52,3.088354823292186e-34,3.0883548232921865e-35
0.7651869154570825,8.76401670385159e-53,2.629205011155477e-53,1.0665688469055677e-34,1.0665688469055677e-35
0.7866681790071581,9.811777745293852e-54,2.9435333235881557e-54,3.576952319565405e-35,3.576952319565405e-36
0.8087524908770457,1.0341943284627556e-54,3.1025829853882666e-55,1.1639715891102971e-35,1.1639715891102972e-36
0.8314567805772064,1.02454563266172e-55,3.0736368979851596e-56,3.672053172129065e-36,3.6720531721290653e-37
0.8547984528840413,9.523120641360717e-57,2.856936192408215e-57,1.1221087660078714e-36,1.1221087660078715e-37
0.878795401182132,8.290276034516468e-58,2.4870828103549402e-58,3.3184235106279157e-37,3.318423510627916e-38
0.9034660211810535,6.746857008847607e-59,2.024057102654282e-59,9.488554863207262e-38,9.488554863207263e-39
0.9288292250172498,5.123367238453575e-60,1.5370101715360725e-60,2.6207709581502487e-38,2.620770958150249e-39
0.9549044557518077,3.62315181925538e-61,1.0869455457766138e-61,6.985485480969488e-39,6.9854854809694885e-40
0.9817117022752194,2.3813681253906027e-62,7.144104376171808e-63,1.7950171416264335e-39,1.7950171416264336e-40
1.0092715146305717,1.4517205391507107e-63,4.355161617452132e-64,4.442207558923197e-40,4.4422075589231974e-41
1.0376050197669118,8.1910288544373e-65,2.45730865633119e-65,1.057617353211173e-40,1.0576173532111729e-41
1.066733937734857,4.2682470608933084e-66,1.2804741182679925e-66,2.419837034404698e-41,2.419837034404698e-42
1.0966805983368675,2.049493440681086e-67,6.148480322043258e-68,5.314796183808509e-42,5.314796183808509e-43
1.1274679582449472,9.047579513195076e-69,2.714273853958523e-69,1.1192614771001165e-42,1.1192614771001166e-43
1.1591196185988857,3.663381879527238e-70,1.0990145638581714e-70,2.2573996460076343e-43,2.2573996460076343e-44
1.1916598430985588,1.357194611683857e-71,4.071583835051571e-72,4.355022704831141e-44,4.355022704831141e-45
1.2251135766041177,4.5891142349991794e-73,1.3767342704997538e-73,8.026677212168585e-45,8.026677212168585e-46
1.2595064642583589,1.4126307767181996e-74,4.2378923301545986e-75,1.4115221582124858e-45,1.411522158212486e-46
1.2948648711459048,3.948175886712228e-76,1.1844527660136684e-76,2.3652313027978577e-46,2.365231302797858e-47
1.3312159025043078,9.992063528206116e-78,2.9976190584618345e-78,3.7714206048755926e-47,3.771420604875593e-48
1.3685874245025176,2.283465929028823e-79,6.850397787086468e-80,5.714479093787747e-48,5.714479093787748e-49
1.4070080856026863,4.698620326846681e-81,1.4095860980540043e-81,8.216115972307314e-49,8.216115972307314e-50
1.4465073385216471,8.679676178739313e-83,2.603902853621794e-83,1.1192707375731234e-49,1.1192707375731234e-50
1.4871154628089538,1.435089612199041e-84,4.305268836597123e-85,1.4425301620636253e-50,1.4425301620636255e-51
1.5288635880587296,2.1171172274408322e-86,6.351351682322496e-87,1.756142888221701e-51,1.756142888221701e-52
1.571783717773161,2.7778659488980346e-88,8.333597846694104e-89,2.016253073183654e-52,2.0162530731836542e-53
1.6159087538959191,3.231091388983171e-90,9.693274166949512e-91,2.1795459288428216e-53,2.179545928842822e-54
1.661272522034293,3.320395003414565e-92,9.961185010243693e-93,2.2145642465498803e-54,2.2145642465498805e-55
1.7079097973894268,3.0041564478893336e-94,9.012469343668001e-95,2.11133275393457e-55,2.1113327539345703e-56
1.7558563314144668,2.38448699562757e-96,7.15346098688271e-97,1.8853626333475906e-56,1.8853626333475908e-57
1.8051488792211101,1.6542865354890935e-98,4.96285960646728e-99,1.574000216522927e-57,1.574000216522927e-58
1.8558252277555187,9.993757561120172e-101,2.9981272683360514e-101,1.226212754445418e-58,1.226212754445418e-59
1.907924224765265,5.236752468807939e-103,1.5710257406423816e-103,8.896812775259381e-60,8.896812775259382e-61
1.9614858085794296,2.3706964246825927e-105,7.112089274047778e-106,5.9998916084716384e-61,5.999891608471639e-62
2.0165510387247485,9.233945626383112e-108,2.7701836879149334e-108,3.753194686105599e-62,3.7531946861055993e-63
2.0731621274012313,3.081505151401174e-110,9.244515454203522e-111,2.173155930431074e-63,2.173155930431074e-64
2.1313624718414372,8.772391035420529e-113,2.6317173106261586e-113,1.1621720740938713e-64,1.1621720740938714e-65
2.1911966875781475,2.1208743410949357e-115,6.362623023284807e-116,5.727576747614857e-66,5.727576747614857e-67
2.2527106426459826,4.3347269028022865e-118,1.3004180708406858e-118,2.5953523266944983e-67,2.5953523266944983e-68
2.3159514927431544,7.4543614338431965e-121,2.2363084301529587e-121,1.0787546467814914e-68,1.0787546467814915e-69
2.3809677173803583,1.0733852291609674e-123,3.2201556874829024e-124,4.102959855210692e-70,4.102959855210692e-71
2.44780915704444,1.2877533895223173e-126,3.8632601685669515e-127,1.4244191876404923e-71,1.4244191876404925e-72
2.516527051405389,1.280608548695336e-129,3.841825646086008e-130,4.502271355124653e-73,4.502271355124653e-74
2.5871740785959236,1.050071610890968e-132,3.150214832672904e-133,1.2922154553314836e-74,1.2922154553314838e-75
2.6598043955937585,7.061358421892805e-136,2.1184075265678414e-136,3.358703017336796e-76,3.3587030173367964e-77
2.73447367973758,3.872633311035248e-139,1.1617899933105743e-139,7.88374681950509e-78,7.883746819505091e-79
2.8112391714084612,1.722214975510937e-142,5.166644926532811e-143,1.6663842994548918e-79,1.666384299454892e-80
2.8901597179095115,6.174126220989566e-146,1.8522378662968695e-146,3.1624323233246995e-81,3.1624323233247e-82
2.9712958185773344,1.773549651495526e-149,5.320648954486578e-150,5.372261795142459e-83,5.37226179514246e-84
3.054709671159968,4.0568569113421555e-153,1.2170570734026467e-153,8.143898297214471e-85,8.14389829721447e-86
3.1404652194967486,7.342390431488841e-157,2.2027171294466523e-157,1.0981413313563984e-86,1.0981413313563985e-87
3.2286282025367337,1.0445559277721789e-160,3.1336677833165364e-161,1.3128265570909618e-88,1.3128265570909618e-89
3.31926620473319,1.1602116055676423e-164,3.480634816702927e-165,1.386794501820529e-90,1.3867945018205292e-91
3.412448707852889,9.991632265157926e-169,2.9974896795473774e-169,1.289922842070244e-92,1.2899228420702441e-93
3.5082471442397885,6.624103961628919e-173,1.9872311884886757e-173,1.0527156671014764e-94,1.0527156671014765e-95
3.6067349515740315,3.355984464244365e-177,1.0067953392733093e-177,7.510338149129169e-97,7.510338149129169e-98
3.7079876291681724,1.289543372692669e-181,3.8686301180780074e-182,4.666266100345457e-99,4.666266100345457e-100
3.812082795843888,3.729101752371241e-186,1.1187305257113724e-186,2.5151022477374306e-101,2.515102247737431e-102
3.919100249433402,8.05117386677563e-191,2.415352160032689e-191,1.1713458284449254e-103,1.1713458284449254e-104
4.0291220279513515,1.2871762068283355e-195,3.861528620485006e-196,4.694361584230284e-106,4.6943615842302843e-107
4.142232472483898,1.5110461914535357e-200,4.5331385743606066e-201,1.6121238788274524e-108,1.6121238788274526e-109
4.258518291843414,1.2912570368876278e-205,3.873771110662883e-206,4.723543238564676e-111,4.723543238564677e-112
4.378068629038166,7.961070205461304e-211,2.388321061638391e-211,1.175572113761109e-113,1.175572113761109e-114
4.500975129608042,3.508923361705724e-216,1.0526770085117171e-216,2.4737311279388482e-116,2.4737311279388483e-117
4.627332011878693,1.0952875186569695e-221,3.2858625559709085e-222,4.380580099781669e-119,4.3805800997816695e-120
4.7572361391878895,2.3978803008262688e-227,7.193640902478806e-228,6.496557856377541e-122,6.496557856377541e-123
4.89078709413959,3.645416448945222e-233,1.0936249346835665e-233,8.02869831066454e-125,8.02869831066454e-126
5.028087254942474,3.8092621077142622e-239,1.1427786323142786e-239,8.226100231399466e-128,8.226100231399466e-129
5.169241873891604,2.7073074228301703e-245,8.121922268490511e-246,6.950953122005591e-131,6.950953122005591e-132
5.314359158053241,1.2946069311477942e-251,3.8838207934433824e-252,4.817775297586654e-134,4.8177752975866537e-135
5.463550352214876,4.119178560426447e-258,1.2357535681279341e-258,2.723860675519178e-137,2.723860675519178e-138
5.616929824163804,8.621616793643806e-265,2.586485038093142e-265,1.2490388375297864e-140,1.2490388375297865e-141
5.774615152359826,1.173183246284958e-271,3.519549738854874e-272,4.6181338355817145e-144,4.6181338355817146e-145
5.9367272160691265,1.0253976277061935e-278,3.0761928831185805e-279,1.3684588633463554e-147,1.3684588633463555e-148
6.1033902880286215,5.685530416933892e-286,1.7056591250801674e-286,3.2297811109997177e-151,3.229781110999718e-152
6.274732129711574,1.9744824547594277e-293,5.923447364278283e-294,6.032762665724365e-155,6.032762665724366e-156
6.450884089267699,4.238720747706785e-301,1.2716162243120353e-301,8.859495817933494e-159,8.859495817933495e-160
6.631981202212676,5.549464140705463e-309,1.66483924221164e-309,1.0160594826624983e-162,1.0160594826624984e-163
6.818162294944479,4.369914e-317,1.310974e-317,9.037161446495085e-167,9.037161446495085e-168
7.009570091165617,0.0,0.0,6.189399624505022e-171,6.189399624505022e-172
7.206351321293045,0.0,0.0,3.240278751337379e-175,3.2402787513373794e-176
7.408656834939568,0.0,0.0,1.286938901855143e-179,1.286938901855143e-180
7.616641716552891,0.0,0.0,3.8477564668087486e-184,3.847756466808749e-185
7.830465404301183,0.0,0.0,8.59150327993008e-189,8.591503279930081e-190
8.050291812295972,0.0,0.0,1.420964832610681e-193,1.420964832610681e-194
8.276289456246351,0.0,0.0,1.7261988109629015e-198,1.7261988109629016e-199
8.50863158264058,0.0,0.0,1.5269668569345277e-203,1.5269668569345277e-204
8.747496301554415,0.0,0.0,9.748372399060478e-209,9.748372399060479e-210
8.993066723187614,0.0,0.0,4.450636523864127e-214,4.450636523864127e-215
9.24553109823358,0.0,0.0,1.4395005911821363e-219,1.4395005911821365e-220
9.50508296218951,0.0,0.0,3.26662063632307e-225,3.26662063632307e-226
9.771921283717996,0.0,0.0,5.149465338873966e-231,5.1494653388739665e-232
10.046250617173403,0.0,0.0,5.581620692185135e-237,5.581620692185135e-238
10.328281259410295,0.0,0.0,4.116486593723522e-243,4.1164865937235224e-244
10.618229410993846,0.0,0.0,2.0434619705376912e-249,2.0434619705376912e-250
10.916317341936146,0.0,0.0,6.752325214525498e-256,6.752325214525498e-257
11.22277356208507,0.0,0.0,1.4683346631364706e-262,1.4683346631364707e-263
11.537832996296597,0.0,0.0,2.0767314112673307e-269,2.0767314112673306e-270
11.861737164524792,0.0,0.0,1.887446513334574e-276,1.887446513334574e-277
12.194734366967383,0.0,0.0,1.0887201121995321e-283,1.0887201121995322e-284
12.537079874409196,0.0,0.0,3.93515618869077e-291,3.93515618869077e-292
12.889036123908916,0.0,0.0,8.796564489011597e-299,8.796564489011597e-300
13.250872919979539,0.0,0.0,1.199805544933157e-306,1.1998055449331571e-307
13.622867641416468,0.0,0.0,9.84763837e-315,9.8476384e-316
14.005305453932197,0.0,0.0,5e-323,5e-324
14.398479528760065,0.0,0.0,0.0,0.0
14.802691267395101,0.0,0.0,0.0,0.0
15.21825053264387,0.0,0.0,0.0,0.0
15.645475886160959,0.0,0.0,0.0,0.0
16.08469483265355,0.0,0.0,0.0,0.0
16.536244070941823,0.0,0.0,0.0,0.0
17.00046975206718,0.0,0.0,0.0,0.0
17.47772774464681,0.0,0.0,0.0,0.0
17.968383907677193,0.0,0.0,0.0,0.0
18.472814370996357,0.0,0.0,0.0,0.0
18.991405823619353,0.0,0.0,0.0,0.0
19.524555810168607,0.0,0.0,0.0,0.0
20.072673035625684,0.0,0.0,0.0,0.0
20.636177678638564,0.0,0.0,0.0,0.0
21.215501713624523,0.0,0.0,0.0,0.0
21.811089241915198,0.0,0.0,0.0,0.0
22.42339683219845,0.0,0.0,0.0,0.0
23.05289387051706,0.0,0.0,0.0,0.0
23.700062920093306,0.0,0.0,0.0,0.0
24.36540009125466,0.0,0.0,0.0,0.0
25.049415421745024,0.0,0.0,0.0,0.0
25.752633267711985,0.0,0.0,0.0,0.0
26.475592705670692,0.0,0.0,0.0,0.0
27.218847945751794,0.0,0.0,0.0,0.0
27.982968756551156,0.0,0.0,0.0,0.0
28.76854090190591,0.0,0.0,0.0,0.0
29.576166589932566,0.0,0.0,0.0,0.0
30.406464934670684,0.0,0.0,0.0,0.0
31.260072430687035,0.0,0.0,0.0,0.0
32.13764344100276,0.0,0.0,0.0,0.0
33.039850698718546,0.0,0.0,0.0,0.0
33.96738582272209,0.0,0.0,0.0,0.0
34.920959847872716,0.0,0.0,0.0,0.0
35.90130377007068,0.0,0.0,0.0,0.0
36.90916910662774,0.0,0.0,0.0,0.0
37.94532847236942,0.0,0.0,0.0,0.0
39.01057617190993,0.0,0.0,0.0,0.0
40.10572880855496,0.0,0.0,0.0,0.0
41.23162591029748,0.0,0.0,0.0,0.0
42.38913057338783,0.0,0.0,0.0,0.0
43.579130123970295,0.0,0.0,0.0,0.0
44.802536798294895,0.0,0.0,0.0,0.0
46.06028844202398,0.0,0.0,0.0,0.0
47.35334922917121,0.0,0.0,0.0,0.0
48.68271040122284,0.0,0.0,0.0,0.0
50.049391027009534,0.0,0.0,0.0,0.0
51.45443878390924,0.0,0.0,0.0,0.0
52.89893076098146,0.0,0.0,0.0,0.0
54.38397428464801,0.0,0.0,0.0,0.0
55.91070776755293,0.0,0.0,0.0,0.0
57.48030158125351,0.0,0.0,0.0,0.0
59.09395895340965,0.0,0.0,0.0,0.0
60.75291689016077,0.0,0.0,0.0,0.0
62.45844712439618,0.0,0.0,0.0,0.0
64.21185709064758,0.0,0.0,0.0,0.0
66.01449092734883,0.0,0.0,0.0,0.0
67.86773050723302,0.0,0.0,0.0,0.0
69.77299649665537,0.0,0.0,0.0,0.0
71.73174944465613,0.0,0.0,0.0,0.0
73.74549090259546,0.0,0.0,0.0,0.0
75.81576457522118,0.0,0.0,0.0,0.0
77.9441575040495,0.0,0.0,0.0,0.0
80.13230128396886,0.0,0.0,0.0,0.0
82.38187331399601,0.0,0.0,0.0,0.0
84.69459808314593,0.0,0.0,0.0,0.0
87.07224849239921,0.0,0.0,0.0,0.0
89.516647213783,0.0,0.0,0.0,0.0
92.02966808760411,0.0,0.0,0.0,0.0
94.6132375589076,0.0,0.0,0.0,0.0
97.2693361542618,0.0,0.0,0.0,0.0
100.0,0.0,0.0,0.0,0.0
