Multipole Moment (l),White Hole B-mode Anisotropy,Inflationary B-mode Spectrum
10.0,7.318024188804728e-09,0.0003605934097311309
15.991983967935873,1.145642123279657e-08,0.00011122976167025897
21.983967935871746,1.767937732835477e-08,5.008074166445375e-05
27.975951903807616,2.6893530270654997e-08,2.7348459040564864e-05
33.96793587174349,4.0326592232888185e-08,1.6795047482706397e-05
39.95991983967936,5.960711346756102e-08,1.1162248664579304e-05
45.95190380761523,8.684953893102522e-08,7.852600929144123e-06
51.943887775551104,1.2473829450082654e-07,5.766273753872495e-06
57.93587174348698,1.7660172651180123e-07,4.378462215546694e-06
63.92785571142285,2.4646369032445554e-07,3.4152634753089683e-06
69.91983967935872,3.3905785284073246e-07,2.723375858776387e-06
75.9118236472946,4.597878878960004e-07,2.2120460659424053e-06
81.90380761523046,6.146163431219154e-07,1.8250156132102284e-06
87.89579158316634,8.098666974090262e-07,1.5260392220585218e-06
93.88777555110221,1.051927565119075e-06,1.2909884654468827e-06
99.87975951903809,1.3468554541449375e-06,1.1033425113854405e-06
105.87174348697395,1.6998828860965027e-06,9.515092068334122e-07
111.86372745490982,2.1148514748296936e-06,8.271780986343861e-07
117.8557114228457,2.5936036098408974e-06,7.242770843797891e-07
123.84769539078157,3.135380046010156e-06,6.382937488860303e-07
129.83967935871743,3.7362819072648314e-06,5.658234140718691e-07
135.8316633266533,4.388862170022065e-06,5.042617645610199e-07
141.8236472945892,5.081911600777417e-06,4.5159179980318e-07
147.81563126252507,5.800495963752315e-06,4.0623360971957177e-07
153.80761523046093,6.526284622578973e-06,3.6693678156107044e-07
159.7995991983968,7.238186184966193e-06,3.3270223261194356e-07
165.79158316633269,7.913276642633596e-06,3.027246728265149e-07
171.78356713426854,8.52797278580784e-06,2.763497392649537e-07
177.77555110220442,9.0593725911489e-06,2.5304170356735355e-07
183.7675350701403,9.486659129139447e-06,2.323588923057619e-07
189.75951903807618,9.792449239433727e-06,2.1393479782728858e-07
195.75150300601203,9.963965626775467e-06,1.9746343193564932e-07
201.7434869739479,9.993922353981063e-06,1.8268787426054823e-07
207.7354709418838,9.881038236013245e-06,1.693912482854641e-07
213.72745490981964,9.630127728581117e-06,1.5738955810134524e-07
219.71943887775552,9.251760327214649e-06,1.4652596291420697e-07
225.7114228456914,8.7615220516519e-06,1.366661709547023e-07
231.70340681362728,8.178950914068048e-06,1.276947111906085e-07
237.69539078156313,7.5262476364761965e-06,1.1951189805566663e-07
243.687374749499,6.8268799281708904e-06,1.1203134681591099e-07
249.6793587174349,6.104201816816579e-06,1.0517792910245735e-07
255.67134268537075,5.380199276426254e-06,9.888608232870787e-08
261.6633266533066,4.674451932617619e-06,9.309840517863617e-08
267.6553106212425,4.003371503372635e-06,8.77644855498285e-08
273.6472945891784,3.379745101632589e-06,8.283991831879792e-08
279.63927855711427,2.812579841381941e-06,7.828547884624223e-08
285.63126252505015,2.307217997519323e-06,7.406642483461386e-08
291.62324649298597,1.8656718572757912e-06,7.015190442156563e-08
297.61523046092185,1.4871156662256214e-06,6.651445256536933e-08
303.60721442885773,1.168468733293137e-06,6.312956109813004e-08
309.5991983967936,9.050077562744792e-07,5.997531047673683e-08
315.5911823647295,6.90955957141937e-07,5.703205339339362e-08
321.58316633266537,5.200095126058136e-07,5.4282142127688094e-08
327.57515030060125,3.857758792496273e-07,5.17096929160046e-08
333.5671342685371,2.8211209744827674e-07,4.930038174821869e-08
339.55911823647295,2.0336265751499915e-07,4.704126692809539e-08
345.55110220440883,1.4450523010453437e-07,4.492063449355763e-08
351.5430861723447,1.0121824008924342e-07,4.292786321829988e-08
357.5350701402806,6.98870737436552e-08,4.105330643271064e-08
363.5270541082165,4.7566126840348e-08,3.9288188330128154e-08
369.51903807615236,3.191255537958945e-08,3.7624512780401475e-08
375.5110220440882,2.1105139735604725e-08,3.605498296965107e-08
381.50300601202406,1.3758710764786488e-08,3.4572930433571945e-08
387.49498997995994,8.841584639609233e-09,3.3172252260127724e-08
393.4869739478958,5.600739006458448e-09,3.1847355412972175e-08
399.4789579158317,3.4972237580093723e-09,3.059310727504346e-08
405.4709418837676,2.1526050939350346e-09,2.94047916371157e-08
411.46292585170346,1.306075148317118e-09,2.8278069462437508e-08
417.4549098196393,7.811507008222514e-10,2.7208943849046713e-08
423.44689378757516,4.60536807670135e-10,2.6193728688483916e-08
429.43887775551104,2.6764351464533774e-10,2.5229020585556213e-08
435.4308617234469,1.5332464261169577e-10,2.4311673660282443e-08
441.4228456913828,8.658248701153848e-11,2.343877690164692e-08
447.4148296593187,4.819600163034315e-11,2.260763378451712e-08
453.40681362725456,2.644568514320486e-11,2.1815743897064506e-08
459.3987975951904,1.4304131508162596e-11,2.106078635711969e-08
465.39078156312627,7.626600966094878e-12,2.034060482281268e-08
471.38276553106215,4.00832947802845e-12,1.9653193926202013e-08
477.374749498998,2.0766277812411603e-12,1.8996686978892297e-08
483.3667334669339,1.0605148776379027e-12,1.8369344816313002e-08
489.3587174348698,5.338727201815118e-13,1.776954566274656e-08
495.35070140280567,2.649241519906592e-13,1.719577591266497e-08
501.3426853707415,1.2958902862333262e-13,1.664662173572457e-08
507.3346693386774,6.248528783780785e-14,1.6120761423106856e-08
513.3266533066133,2.9699570828219054e-14,1.561695840197168e-08
519.3186372745491,1.3915071144621139e-14,1.513405485277434e-08
525.310621242485,6.426633703040219e-15,1.4670965871232558e-08
531.3026052104209,2.9257992350093433e-15,1.4226674122935711e-08
537.2945891783568,1.3130109725511691e-15,1.3800224944071844e-08
543.2865731462927,5.808380348793386e-16,1.3390721846600214e-08
549.2785571142285,2.5328215816512117e-16,1.2997322390496134e-08
555.2705410821644,1.0887220212125179e-16,1.2619234389509274e-08
561.2625250501003,4.613093692079326e-17,1.225571242026599e-08
567.2545090180361,1.926772333930365e-17,1.1906054607560902e-08
573.2464929859719,7.93288917150688e-18,1.1569599661368882e-08
579.2384769539078,3.2195504192540074e-18,1.1245724143504046e-08
585.2304609218437,1.288018002281824e-18,1.0933839943991074e-08
591.2224448897796,5.079389233871141e-19,1.0633391949126901e-08
597.2144288577155,1.9745308056387057e-19,1.0343855884922413e-08
603.2064128256513,7.566223956565998e-20,1.0064736321147936e-08
609.1983967935872,2.857967783989903e-20,9.79556482258239e-09
615.1903807615231,1.0641389127899027e-20,9.53589823530222e-09
621.182364729459,3.905729650216915e-21,9.285317096957349e-09
627.1743486973949,1.4130869688609318e-21,9.043424160981836e-09
633.1663326653307,5.03962779900437e-22,8.809843025588113e-09
639.1583166332666,1.771702887238425e-22,8.584216859206475e-09
645.1503006012025,6.139686294940874e-23,8.366207214765387e-09
651.1422845691383,2.0973182160453768e-23,8.155492925871434e-09
657.1342685370741,7.062286547844008e-24,7.951769078547375e-09
663.12625250501,2.3441705165093684e-24,7.754746052730346e-09
669.1182364729459,7.67000986519402e-25,7.564148628223962e-09
675.1102204408818,2.4738052356683687e-25,7.379715150245053e-09
681.1022044088177,7.864985834832887e-26,7.201196750110808e-09
687.0941883767536,2.4648656002752662e-26,7.02835661698067e-09
693.0861723446894,7.614675516644098e-27,6.860969316902185e-09
699.0781563126253,2.3188487270881347e-27,6.698820155714982e-09
705.0701402805612,6.960754114475655e-28,6.541704582644971e-09
711.0621242484971,2.059695529338472e-28,6.389427631673868e-09
717.054108216433,6.007760602173975e-29,6.2418033980005224e-09
723.0460921843688,1.7273687932897507e-29,6.098654547121371e-09
729.0380761523047,4.8957629211251405e-30,5.959811854250246e-09
735.0300601202405,1.3677872367288141e-30,5.825113771974245e-09
741.0220440881764,3.766860816688676e-31,5.694406024203589e-09
747.0140280561122,1.0225945149384238e-31,5.5675412246215975e-09
753.0060120240481,2.736466922178948e-32,5.444378517976011e-09
758.997995991984,7.218381069946163e-33,5.324783242677634e-09
764.9899799599199,1.876948111440344e-33,5.208626613286093e-09
770.9819639278558,4.810913922010589e-34,5.095785421567395e-09
776.9739478957916,1.2155302322459586e-34,4.986141754904393e-09
782.9659318637275,3.0273790556903385e-35,4.879582730929714e-09
788.9579158316634,7.432427777038654e-36,4.776000247332385e-09
794.9498997995993,1.7986946880024462e-36,4.6752907458644465e-09
800.9418837675352,4.290886876078804e-37,4.577354989642995e-09
806.933867735471,1.0090194472198774e-37,4.482097852907035e-09
812.9258517034069,2.3389173036191278e-38,4.389428122447279e-09
818.9178356713428,5.344327400266722e-39,4.2992583099814724e-09
824.9098196392786,1.2037439106633347e-39,4.211504474798046e-09
830.9018036072144,2.6726248939404985e-40,4.126086056037219e-09
836.8937875751503,5.849311824120359e-41,4.042925714021777e-09
842.8857715430862,1.2619274789276483e-41,3.961949180089288e-09
848.8777555110221,2.6836562077016765e-42,3.883085114414473e-09
854.869739478958,5.625773201711786e-43,3.80626497134439e-09
860.8617234468938,1.1625199624523591e-43,3.7314228718007996e-09
866.8537074148297,2.3679987950798696e-44,3.6584954823332853e-09
872.8456913827656,4.7547248898122886e-45,3.5874219004339185e-09
878.8376753507015,9.4109218868628e-46,3.518143545749539e-09
884.8296593186374,1.8361231337455924e-46,3.45060405685108e-09
890.8216432865732,3.5312974010108003e-47,3.3847491932412545e-09
896.8136272545091,6.694677269168708e-48,3.3205267423020977e-09
902.805611222445,1.2510879910638073e-48,3.2578864309027426e-09
908.7975951903808,2.304670928859607e-49,3.196779841405387e-09
914.7895791583167,4.1849748320127026e-50,3.137160331823636e-09
920.7815631262525,7.49099722245429e-51,3.0789829599027815e-09
926.7735470941884,1.3217498815962768e-51,3.022204410905595e-09
932.7655310621243,2.2989090128698148e-52,2.9667829289005756e-09
938.7575150300602,3.9414601891530324e-53,2.9126782513618708e-09
944.749498997996,6.66124434144483e-54,2.859851546901593e-09
950.7414829659319,1.1097277417442866e-54,2.808265355966075e-09
956.7334669338678,1.8223860412736027e-55,2.7578835343375687e-09
962.7254509018037,2.9500350511425157e-56,2.7086711992923733e-09
968.7174348697396,4.7073536912847764e-57,2.6605946782750848e-09
974.7094188376755,7.404390991954977e-58,2.6136214599569025e-09
980.7014028056113,1.1480603430570832e-58,2.567720147553633e-09
986.6933867735472,1.7547002823255107e-59,2.5228604142861737e-09
992.685370741483,2.64365047353611e-60,2.479012960873057e-09
998.6773547094189,3.926159896222487e-61,2.436149474950902e-09
1004.6693386773547,5.747709221515966e-62,2.3942425923245553e-09
1010.6613226452906,8.294390036412237e-63,2.3532658599542712e-09
1016.6533066132265,1.1798776577048832e-63,2.313193700592431e-09
1022.6452905811624,1.6544450966529857e-64,2.2740013789872565e-09
1028.6372745490983,2.286812725628147e-65,2.2356649695754865e-09
1034.629258517034,3.115815258115502e-66,2.198161325590357e-09
1040.62124248497,4.184809161213563e-67,2.161468049515205e-09
1046.6132264529058,5.54041727115038e-68,2.125563464816877e-09
1052.6052104208418,7.230563586689367e-69,2.0904265888966396e-09
1058.5971943887776,9.301750443291842e-70,2.0560371071997145e-09
1064.5891783567135,1.1795601070114096e-70,2.022375348427645e-09
1070.5811623246493,1.4744781029917403e-71,1.9894222608007585e-09
1076.5731462925853,1.8168515225176886e-72,1.957159389320707e-09
1082.565130260521,2.2068021865533585e-73,1.9255688539858004e-09
1088.557114228457,2.642227647930971e-74,1.8946333289142103e-09
1094.5490981963928,3.1184581369233113e-75,1.8643360223326128e-09
1100.5410821643288,3.6280433083630183e-76,1.834660657389895e-09
1106.5330661322646,4.160714013219802e-77,1.8055914537577585e-09
1112.5250501002006,4.703553921518727e-78,1.7771131099819233e-09
1118.5170340681364,5.2413993116666866e-79,1.7492107865495581e-09
1124.5090180360721,5.757463934190128e-80,1.7218700896402566e-09
1130.5010020040081,6.234161712741214e-81,1.6950770555295694e-09
1136.4929859719439,6.654076042451255e-82,1.668818135615657e-09
1142.4849699398799,7.001003815722721e-83,1.6430801820410624e-09
1148.4769539078156,7.260988144842552e-84,1.6178504338830602e-09
1154.4689378757516,7.423248507309403e-85,1.5931165038872975e-09
1160.4609218436874,7.480922062317615e-86,1.568866365720727e-09
1166.4529058116234,7.431545128357851e-87,1.5450883417209742e-09
1172.4448897795592,7.277227755217187e-88,1.5217710911204409e-09
1178.4368737474952,7.024504154542882e-89,1.4989035987244442e-09
1184.428857715431,6.683873761681384e-90,1.4764751640237572e-09
1190.420841683367,6.269077842896526e-91,1.454475390722778e-09
1196.4128256513027,5.7961810787994895e-92,1.432894176665552e-09
1202.4048096192387,5.282543546000734e-93,1.4117217041426128e-09
1208.3967935871744,4.74577435716242e-94,1.390948430562507e-09
1214.3887775551102,4.202753742899072e-95,1.3705650794725546e-09
1220.3807615230462,3.668796815726305e-96,1.3505626319141752e-09
1226.372745490982,3.157012023574558e-97,1.3309323180987711e-09
1232.364729458918,2.6778834426409313e-98,1.3116656093907885e-09
1238.3567134268537,2.2390818147791705e-99,1.2927542105852518e-09
1244.3486973947897,1.8454875261371141e-100,1.2741900524675974e-09
1250.3406813627255,1.499391774672026e-101,1.2559652846442101e-09
1256.3326653306615,1.20083128145095e-102,1.2380722686326066e-09
1262.3246492985973,9.480073836841705e-104,1.2205035712006922e-09
1268.3166332665332,7.377416551957684e-105,1.203251957945001e-09
1274.308617234469,5.659261346525467e-106,1.1863103870982933e-09
1280.300601202405,4.279352417129861e-107,1.1696720035572896e-09
1286.2925851703408,3.1897688685580657e-108,1.153330133121773e-09
1292.2845691382765,2.34370655929186e-109,1.1372782769366214e-09
1298.2765531062125,1.6975012957895304e-110,1.121510106128766e-09
1304.2685370741483,1.2119364629845486e-111,1.1060194566313853e-09
1310.2605210420843,8.529281505074092e-113,1.0908003241879743e-09
1316.25250501002,5.917086296686579e-114,1.075846859529289e-09
1322.244488977956,4.046375819322834e-115,1.061153363716428e-09
1328.2364729458918,2.7276421242817225e-116,1.046714283643627e-09
1334.2284569138278,1.8124724737023803e-117,1.0325242076946059e-09
1340.2204408817636,1.1871847492976751e-118,1.0185778615465864e-09
1346.2124248496996,7.665280590323562e-120,1.004870104116328e-09
1352.2044088176353,4.878661246769235e-121,9.913959236427925e-10
1358.1963927855713,3.060808289568637e-122,9.781504339012479e-10
1364.188376753507,1.89292955800475e-123,9.65128870543878e-10
1370.180360721443,1.1539729673729183e-124,9.523265875621203e-10
1376.1723446893789,6.934572235281076e-126,9.397390538662093e-10
1382.1643286573146,4.1077743260192875e-127,9.273618499775408e-10
1388.1563126252506,2.398591744526391e-128,9.151906648296878e-10
1394.1482965931864,1.3806034414158477e-129,9.032212926740572e-10
1400.1402805611224,7.833294007763122e-131,8.914496300863274e-10
1406.1322645290581,4.381095917845774e-132,8.798716730700048e-10
1412.1242484969941,2.4153715938508486e-133,8.684835142535286e-10
1418.11623246493,1.3126471681615907e-134,8.572813401775521e-10
1424.108216432866,7.031936108569901e-136,8.462614286691295e-10
1430.1002004008017,3.713339735736463e-137,8.354201462996841e-10
1436.0921843687377,1.932935277451807e-138,8.247539459237484e-10
1442.0841683366734,9.91819855646026e-140,8.142593642956011e-10
1448.0761523046094,5.016619281301837e-141,8.039330197610231e-10
1454.0681362725452,2.5012226125865534e-142,7.937716100215183e-10
1460.060120240481,1.2292958294791106e-143,7.837719099684344e-10
1466.052104208417,5.955569934152752e-145,7.739307695845409e-10
1472.0440881763527,2.844153999197827e-146,7.642451119106933e-10
1478.0360721442887,1.3388926138887936e-147,7.54711931075315e-10
1484.0280561122245,6.212998405703492e-149,7.453282903845263e-10
1490.0200400801605,2.841970707025881e-150,7.360913204708117e-10
1496.0120240480962,1.2814474786194582e-151,7.269982174982187e-10
1502.0040080160322,5.695670843632731e-153,7.180462414221378e-10
1507.995991983968,2.4954669023041314e-154,7.092327143018159e-10
1513.987975951904,1.077758864773186e-155,7.005550186637858e-10
1519.9799599198398,4.588325841380985e-157,6.920105959145058e-10
1525.9719438877758,1.9255276471260516e-158,6.835969448005324e-10
1531.9639278557115,7.965409801444956e-160,6.75311619914638e-10
1537.9559118236475,3.248099676160244e-161,6.67152230246321e-10
1543.9478957915833,1.3056098890599753e-162,6.591164377752402e-10
1549.939879759519,5.1732131423520625e-164,6.512019561061342e-10
1555.931863727455,2.0205526533582617e-165,6.434065491438556e-10
1561.9238476953908,7.779341393006752e-167,6.35728029807197e-10
1567.9158316633268,2.9524214229327514e-168,6.281642587802284e-10
1573.9078156312626,1.1045279846424797e-169,6.207131432999223e-10
1579.8997995991986,4.0732208504159724e-171,6.133726359788759e-10
1585.8917835671343,1.4806828673555072e-172,6.061407336619944e-10
1591.8837675350703,5.3057771248448975e-174,5.990154763160297e-10
1597.875751503006,1.8741261191079592e-175,5.919949459509206e-10
1603.867735470942,6.5254652654315905e-177,5.850772655718995e-10
1609.8597194388778,2.239685353281929e-178,5.78260598161397e-10
1615.8517034068138,7.577490422143572e-180,5.715431456897735e-10
1621.8436873747496,2.527124516092904e-181,5.649231481539763e-10
1627.8356713426856,8.307890129110815e-183,5.583988826432273e-10
1633.8276553106214,2.692264387412996e-184,5.519686624308912e-10
1639.8196392785571,8.6001797265349e-186,5.456308360917003e-10
1645.8116232464931,2.7080719983755286e-187,5.393837866435367e-10
1651.803607214429,8.405735972996986e-189,5.332259307130128e-10
1657.795591182365,2.571900371330035e-190,5.271557177240967e-10
1663.7875751503007,7.757028666034023e-192,5.211716291090792e-10
1669.7795591182366,2.3062135009173447e-193,5.152721775411835e-10
1675.7715430861724,6.758751558338999e-195,5.094559061881559e-10
1681.7635270541084,1.9525236987390443e-196,5.037213879861875e-10
1687.7555110220442,5.560181950060356e-198,4.980672249335512e-10
1693.7474949899802,1.5607902805383608e-199,4.924920474033471e-10
1699.739478957916,4.318798669593242e-201,4.869945134747802e-10
1705.731462925852,1.1779971087585177e-202,4.815733082824039e-10
1711.7234468937877,3.167293786356378e-204,4.762271433827946e-10
1717.7154308617235,8.394509629768329e-206,4.70954756138123e-10
1723.7074148296595,2.19313402706394e-207,4.657549091161254e-10
1729.6993987975952,5.648041423993092e-209,4.606263895059792e-10
1735.6913827655312,1.433816031810037e-210,4.555680085496103e-10
1741.683366733467,3.5879951671227515e-212,4.5057860098797525e-10
1747.675350701403,8.850608396403948e-214,4.4565702452187355e-10
1753.6673346693387,2.1520742942289474e-215,4.4080215928686585e-10
1759.6593186372747,5.158272168332991e-217,4.360129073418771e-10
1765.6513026052105,1.2187485308261808e-218,4.312881921710904e-10
1771.6432865731465,2.8384863865948496e-220,4.266269581987394e-10
1777.6352705410823,6.516619817853218e-222,4.22028170316427e-10
1783.6272545090183,1.4747581761056451e-223,4.174908134226034e-10
1789.619238476954,3.289895467511981e-225,4.130138919738572e-10
1795.61122244489,7.234462070106889e-227,4.085964295476743e-10
1801.6032064128258,1.568170384020605e-228,4.0423746841633975e-10
1807.5951903807616,3.3507583608433094e-230,3.999360691316585e-10
1813.5871743486975,7.057580342896765e-232,3.956913101201934e-10
1819.5791583166333,1.4653164001069814e-233,3.915022872887144e-10
1825.5711422845693,2.9989543051603154e-235,3.87368113639574e-10
1831.563126252505,6.050219698887023e-237,3.832879188957273e-10
1837.555110220441,1.2031930113330413e-238,3.7926084913512384e-10
1843.5470941883768,2.358643558828051e-240,3.752860664342116e-10
1849.5390781563128,4.557767711139679e-242,3.713627485202927e-10
1855.5310621242486,8.681702881440952e-244,3.674900884324902e-10
1861.5230460921846,1.6301235010774402e-245,3.636672941910808e-10
1867.5150300601204,3.0171642774110744e-247,3.598935884749662e-10
1873.5070140280563,5.504783768685054e-249,3.5616820830705463e-10
1879.498997995992,9.900210530553737e-251,3.5249040474733756e-10
1885.4909819639279,1.7551387492318154e-252,3.488594425934478e-10
1891.4829659318639,3.067194646750194e-254,3.452746000884952e-10
1897.4749498997996,5.283650461117488e-256,3.417351686359837e-10
1903.4669338677356,8.972008565452848e-258,3.382404525216116e-10
1909.4589178356714,1.5017863009778937e-259,3.347897686417736e-10
1915.4509018036074,2.477932409771428e-261,3.313824462385806e-10
1921.4428857715432,4.0302652706384895e-263,3.280178266412232e-10
1927.4348697394792,6.461608884290338e-265,3.24695263013506e-10
1933.426853707415,1.0211994222696994e-266,3.2141412010738984e-10
1939.418837675351,1.590901577586883e-268,3.181737740223803e-10
1945.4108216432867,2.4430869460796386e-270,3.149736119706077e-10
1951.4028056112227,3.698259593448764e-272,3.1181303204744374e-10
1957.3947895791584,5.518470438427255e-274,3.0869144300751595e-10
1963.3867735470944,8.117137579778153e-276,3.0560826404596785e-10
1969.3787575150302,1.176928154600511e-277,3.0256292458483463e-10
1975.370741482966,1.682131160850819e-279,2.9955486406439594e-10
1981.362725450902,2.3699141744604456e-281,2.9658353173937676e-10
1987.3547094188377,3.291305833820444e-283,2.936483864798702e-10
1993.3466933867737,4.505746139416384e-285,2.9074889657685776e-10
1999.3386773547095,6.080342699274105e-287,2.8788453955221146e-10
2005.3306613226455,8.088206944308032e-289,2.850548019730567e-10
2011.3226452905812,1.0605699314493944e-290,2.8225917927038853e-10
2017.3146292585172,1.3708477524692197e-292,2.794971755618286e-10
2023.306613226453,1.7466343511006986e-294,2.7676830347841844e-10
2029.298597194389,2.1937019871550883e-296,2.7407208399534417e-10
2035.2905811623248,2.7159146562832496e-298,2.7140804626649497e-10
2041.2825651302608,3.314495757474347e-300,2.6877572746275513e-10
2047.2745490981965,3.9873253590267136e-302,2.661746726139375e-10
2053.2665330661325,4.728340468556635e-304,2.636044344542636e-10
2059.258517034068,5.5271170941191503e-306,2.610645732713051e-10
2065.250501002004,6.368709632198129e-308,2.585546567582937e-10
2071.24248496994,7.23380988110584e-310,2.560742598697225e-10
2077.234468937876,8.099264665157e-312,2.5362296468014924e-10
2083.2264529058116,8.938959097e-314,2.512003602461272e-10
2089.2184368737476,9.72503486e-316,2.488060424711824e-10
2095.2104208416836,1.0429375e-317,2.4643961397376434e-10
2101.2024048096196,1.1025e-319,2.441006839580951e-10
2107.194388777555,1.15e-321,2.4178886808784564e-10
2113.186372745491,1e-323,2.3950378836256954e-10
2119.178356713427,0.0,2.37245072996829e-10
2125.170340681363,0.0,2.350123563019434e-10
2131.1623246492986,0.0,2.3280527857029988e-10
2137.1543086172346,0.0,2.30623485962161e-10
2143.1462925851706,0.0,2.2846663039491228e-10
2149.138276553106,0.0,2.2633436943468692e-10
2155.130260521042,0.0,2.2422636619031251e-10
2161.122244488978,0.0,2.2214228920952427e-10
2167.114228456914,0.0,2.2008181237738946e-10
2173.1062124248497,0.0,2.180446148168894e-10
2179.0981963927857,0.0,2.160303807916098e-10
2185.0901803607217,0.0,2.1403879961048817e-10
2191.0821643286577,0.0,2.1206956553456852e-10
2197.074148296593,0.0,2.1012237768571716e-10
2203.066132264529,0.0,2.0819693995725292e-10
2209.058116232465,0.0,2.0629296092644732e-10
2215.050100200401,0.0,2.0441015376884928e-10
2221.0420841683367,0.0,2.025482361743937e-10
2227.0340681362727,0.0,2.0070693026524931e-10
2233.0260521042087,0.0,1.988859625153699e-10
2239.0180360721442,0.0,1.9708506367170425e-10
2245.0100200400802,0.0,1.9530396867702958e-10
2251.0020040080162,0.0,1.9354241659437072e-10
2256.993987975952,0.0,1.918001505329665e-10
2262.9859719438878,0.0,1.9007691757575098e-10
2268.9779559118238,0.0,1.8837246870831051e-10
2274.9699398797597,0.0,1.86686558749288e-10
2280.9619238476957,0.0,1.8501894628219703e-10
2286.9539078156313,0.0,1.8336939358861587e-10
2292.9458917835673,0.0,1.8173766658272896e-10
2298.9378757515033,0.0,1.8012353474718788e-10
2304.9298597194393,0.0,1.7852677107025794e-10
2310.921843687375,0.0,1.769471519842251e-10
2316.913827655311,0.0,1.753844573050325e-10
2322.905811623247,0.0,1.7383847017312086e-10
2328.8977955911823,0.0,1.7230897699544466e-10
2334.8897795591183,0.0,1.7079576738863743e-10
2340.8817635270543,0.0,1.6929863412330275e-10
2346.8737474949903,0.0,1.6781737306940327e-10
2352.865731462926,0.0,1.6635178314272585e-10
2358.857715430862,0.0,1.649016662523966e-10
2364.849699398798,0.0,1.6346682724942578e-10
2370.841683366734,0.0,1.620470738762568e-10
2376.8336673346694,0.0,1.6064221671729945e-10
2382.8256513026054,0.0,1.5925206915042447e-10
2388.8176352705414,0.0,1.5787644729940035e-10
2394.8096192384774,0.0,1.5651516998724933e-10
2400.801603206413,0.0,1.5516805869050465e-10
2406.793587174349,0.0,1.5383493749434844e-10
2412.785571142285,0.0,1.5251563304861267e-10
2418.7775551102204,0.0,1.5120997452462205e-10
2424.7695390781564,0.0,1.4991779357286308e-10
2430.7615230460924,0.0,1.486389242814612e-10
2436.7535070140284,0.0,1.4737320313544718e-10
2442.745490981964,0.0,1.4612046897679765e-10
2448.7374749499,0.0,1.448805629652323e-10
2454.729458917836,0.0,1.4365332853975282e-10
2460.721442885772,0.0,1.4243861138090575e-10
2466.7134268537075,0.0,1.412362593737564e-10
2472.7054108216435,0.0,1.4004612257155678e-10
2478.6973947895794,0.0,1.3886805316009462e-10
2484.689378757515,0.0,1.3770190542270786e-10
2490.681362725451,0.0,1.3654753570595113e-10
2496.673346693387,0.0,1.3540480238590135e-10
2502.665330661323,0.0,1.3427356583508766e-10
2508.6573146292585,0.0,1.3315368839003387e-10
2514.6492985971945,0.0,1.3204503431940017e-10
2520.6412825651305,0.0,1.309474697927123e-10
2526.6332665330665,0.0,1.2986086284966472e-10
2532.625250501002,0.0,1.2878508336998787e-10
2538.617234468938,0.0,1.2772000304386586e-10
2544.609218436874,0.0,1.26665495342895e-10
2550.60120240481,0.0,1.2562143549157153e-10
2556.5931863727455,0.0,1.2458770043929693e-10
2562.5851703406815,0.0,1.2356416883289112e-10
2568.5771543086175,0.0,1.225507209896041e-10
2574.569138276553,0.0,1.2154723887061344e-10
2580.561122244489,0.0,1.2055360605499972e-10
2586.553106212425,0.0,1.1956970771419066e-10
2592.545090180361,0.0,1.1859543058686233e-10
2598.5370741482966,0.0,1.1763066295429024e-10
2604.5290581162326,0.0,1.166752946161403e-10
2610.5210420841686,0.0,1.1572921686669169e-10
2616.5130260521046,0.0,1.1479232247148148e-10
2622.50501002004,0.0,1.1386450564436469e-10
2628.496993987976,0.0,1.1294566202497942e-10
2634.488977955912,0.0,1.1203568865661068e-10
2640.480961923848,0.0,1.1113448396444416e-10
2646.4729458917836,0.0,1.1024194773420229e-10
2652.4649298597196,0.0,1.0935798109115527e-10
2658.4569138276556,0.0,1.084824864794997e-10
2664.448897795591,0.0,1.0761536764209783e-10
2670.440881763527,0.0,1.0675652960056902e-10
2676.432865731463,0.0,1.0590587863572909e-10
2682.424849699399,0.0,1.0506332226836778e-10
2688.4168336673347,0.0,1.0422876924036045e-10
2694.4088176352707,0.0,1.0340212949610524e-10
2700.4008016032067,0.0,1.0258331416428116e-10
2706.3927855711427,0.0,1.0177223553992027e-10
2712.384769539078,0.0,1.0096880706678728e-10
2718.376753507014,0.0,1.0017294332006124e-10
2724.36873747495,0.0,9.938455998931422e-11
2730.360721442886,0.0,9.860357386177977e-11
2736.3527054108217,0.0,9.782990280590647e-11
2742.3446893787577,0.0,9.70634657551913e-11
2748.3366733466937,0.0,9.630418269228753e-11
2754.3286573146293,0.0,9.555197463338075e-11
2760.3206412825652,0.0,9.480676361282956e-11
2766.3126252505012,0.0,9.406847266806513e-11
2772.3046092184372,0.0,9.333702582474446e-11
2778.296593186373,0.0,9.261234808215315e-11
2784.2885771543088,0.0,9.189436539885267e-11
2790.2805611222448,0.0,9.118300467856776e-11
2796.2725450901808,0.0,9.047819375630902e-11
2802.2645290581163,0.0,8.977986138472686e-11
2808.2565130260523,0.0,8.908793722069187e-11
2814.2484969939883,0.0,8.840235181209836e-11
2820.2404809619243,0.0,8.772303658488566e-11
2826.23246492986,0.0,8.704992383027418e-11
2832.224448897796,0.0,8.638294669221157e-11
2838.216432865732,0.0,8.572203915502601e-11
2844.2084168336673,0.0,8.506713603128146e-11
2850.2004008016033,0.0,8.44181729498322e-11
2856.1923847695393,0.0,8.377508634407309e-11
2862.1843687374753,0.0,8.313781344038083e-11
2868.176352705411,0.0,8.250629224674432e-11
2874.168336673347,0.0,8.188046154157892e-11
2880.160320641283,0.0,8.126026086272315e-11
2886.152304609219,0.0,8.064563049661278e-11
2892.1442885771544,0.0,8.003651146763025e-11
2898.1362725450904,0.0,7.943284552762553e-11
2904.1282565130264,0.0,7.883457514560616e-11
2910.120240480962,0.0,7.824164349759252e-11
2916.112224448898,0.0,7.76539944566356e-11
2922.104208416834,0.0,7.70715725829951e-11
2928.09619238477,0.0,7.649432311447382e-11
2934.0881763527054,0.0,7.592219195690635e-11
2940.0801603206414,0.0,7.535512567479901e-11
2946.0721442885774,0.0,7.479307148211847e-11
2952.0641282565134,0.0,7.42359772332264e-11
2958.056112224449,0.0,7.368379141395734e-11
2964.048096192385,0.0,7.313646313283739e-11
2970.040080160321,0.0,7.259394211244154e-11
2976.032064128257,0.0,7.205617868088675e-11
2982.0240480961925,0.0,7.152312376345834e-11
2988.0160320641285,0.0,7.099472887436786e-11
2994.0080160320645,0.0,7.04709461086399e-11
3000.0,0.0,6.995172813412521e-11
