Frequency (Hz),White Hole B-mode Correlation,Inflationary B-mode Correlation,Cross-Correlation (WH),Cross-Correlation (Inflation)
9.999999999999999e-05,6.448781795164106e-18,1.074796965860684e-18,3.192307672093443e-32,5.320512786822404e-33
0.00010280732238308646,6.044572215635697e-18,1.0357104740678441e-18,2.8696877078770095e-32,4.917081822041537e-33
0.00010569345535579884,5.664210293934643e-18,9.977832630463957e-19,2.5789743369182147e-32,4.543011815713604e-33
0.00010866061138545968,5.306349784357926e-18,9.609853529890574e-19,2.3170669999123622e-32,4.196231947192502e-33
0.00011171106505048242,4.9697185527087475e-18,9.252875875403938e-19,2.0811623479985486e-32,3.874814373964677e-33
0.0001148471547840289,4.653114540384805e-18,8.906616097456488e-19,1.8687260437980233e-32,3.5769644866836266e-33
0.00011807128466661904,4.355401947151445e-18,8.570798385661085e-19,1.6774672179086327e-32,3.3010118234101934e-33
0.00012138592626906277,4.0755076207899995e-18,8.245154459436974e-19,1.505315332150625e-32,3.045401598668759e-33
0.00012479362054713115,3.812417642447951e-18,7.929423343980632e-19,1.350399224060777e-32,2.8086868059096826e-33
0.00012829697978941474,3.565174097121011e-18,7.623351151401322e-19,1.2110281281760058e-32,2.5895208547501634e-33
0.00013189868961986705,3.3328720192667863e-18,7.326690866866824e-19,1.0856744887328055e-32,2.386650706959603e-33
0.00013560151105656334,3.1146565040898375e-18,7.03920213961225e-19,9.729583957186239e-33,2.1989104775769184e-33
0.00013940828262825784,2.9097199755476822e-18,6.760651078670646e-19,8.71633491908917e-33,2.0252154698048934e-33
0.0001433219225503574,2.717299602610787e-18,6.490810053191669e-19,7.80574212760365e-33,1.8645566144341204e-33
0.00014734543096198358,2.536674855765828e-18,6.229457497220725e-19,6.98764233940937e-33,1.7159952865141284e-33
0.00015148189222583458,2.3671651961841864e-18,5.9763777188186585e-19,6.252860129855985e-33,1.5786584738234373e-33
0.0001557344772926135,2.2081278903860266e-18,5.731360713408487e-19,5.593113221831595e-33,1.4517342734005815e-33
0.00016010644613183178,2.0589559436175376e-18,5.494201981243603e-19,5.0009267942740003e-33,1.3344676939944408e-33
0.00016460115023085497,1.9190761455244293e-18,5.264702348898611e-19,4.469555924953344e-33,1.2261567437807554e-33
0.0001692220351641037,1.7879472220512594e-18,5.042667794691997e-19,3.9929154013144774e-33,1.1261487840808832e-33
0.0001739726432343801,1.6650580878234684e-18,4.82790927795719e-19,3.565516204941503e-33,1.0338371311144818e-33
0.0001788566161883462,1.5499261935787895e-18,4.620242572086432e-19,3.182408040284869e-33,9.486578890265631e-34
0.0001838776980082327,1.4420959635079097e-18,4.41948810127998e-19,2.8391273372962493e-33,8.700869985571293e-34
0.00018903973778192212,1.341137317641277e-18,4.2254707809409573e-19,2.5316502111113147e-33,7.976374867733846e-34
0.000194346692653602,1.2466442746814466e-18,4.038019861664796e-19,2.256349910421242e-33,7.308569042660329e-34
0.00019980263085725506,1.1582336309281879e-18,3.85696877678005e-19,2.0099583301421132e-33,6.693249371264159e-34
0.00020541173483530642,1.0755437111785012e-18,3.682154993406329e-19,1.789531203852472e-33,6.126511818754178e-34
0.00021117830444482443,9.982331877054492e-19,3.51341986700315e-19,1.5924166276027758e-33,5.604730723114995e-34
0.0002171067602537265,9.259799636299041e-19,3.3506084993925336e-19,1.416226599456313e-33,5.124539479885203e-34
0.00022320164692952345,8.584801171977373e-19,3.1935696002464216e-19,1.2588112888116274e-33,4.682812547270521e-34
0.0002294676367231936,7.954469036630506e-19,3.042155352039035e-19,1.1182357764696096e-33,4.276648682096779e-34
0.00023590953305086364,7.366098116555815e-19,2.896221278472548e-19,9.927590308010238e-34,3.9033553231382916e-34
0.0002425322741760353,6.817136710786723e-19,2.755626116393402e-19,8.808149074792747e-34,3.5604340439850437e-34
0.00024934093699518806,6.305178097430308e-19,2.6202316912246835e-19,7.809949802800811e-34,3.2455670028595642e-34
0.0002563407409296515,5.827952560920482e-19,2.4899027959486935e-19,6.920330286092139e-34,2.9566043216912766e-34
0.00026353705192673927,5.383319855165245e-19,2.36450707368155e-19,6.127910238754818e-34,2.691552331321877e-34
0.0002709353865732052,4.9692620789131865e-19,2.243914903889856e-19,5.422464717389779e-34,2.4485626239759433e-34
0.0002785414163241769,4.583876940935982e-19,2.1279992923067398e-19,4.7948098077737526e-34,2.2259218581039257e-34
0.00028636097185081157,4.2253713938273856e-19,2.016635764611714e-19,4.2366994035719895e-34,2.0220422644110475e-34
0.00029440004751000336,3.8920556163576893e-19,1.9097022639454657e-19,3.740732015908778e-34,1.835452805342892e-34
0.0003026648059395692,3.5823373253991484e-19,1.8070790523366808e-19,3.300266653114747e-34,1.6647909435230106e-34
0.000311161582782436,3.294716399456166e-19,1.7086486161233823e-19,2.9093469010290154e-34,1.5087949776456062e-34
0.00031989689154345377,3.0277797967972375e-19,1.614295575455844e-19,2.5626324167259502e-34,1.366296907131867e-34
0.000328877428582551,2.7801967520970315e-19,1.523906597972053e-19,2.255337123262394e-34,1.236215789475507e-34
0.00033811007824806853,2.550714236358393e-19,1.437370316739331e-19,1.9831734607277194e-34,1.11755155664357e-34
0.00034760191815419775,2.3381526656998333e-19,1.354577252557688e-19,1.7423021101875891e-34,1.0093792591755206e-34
0.00035736022460657887,2.1414018453649257e-19,1.2754197407209205e-19,1.5292866626377955e-34,9.108437087468134e-35
0.0003673924781802074,1.9594171360402548e-19,1.1997918623309898e-19,1.3410527553718202e-34,8.211544919440808e-35
0.0003777063694539368,1.7912158302586346e-19,1.1275893802590137e-19,1.174851243703588e-34,7.395813298462079e-35
0.0003883098049059605,1.6358737273182517e-19,1.0587096798428948e-19,1.0282250172232108e-34,6.654497597289549e-35
0.00039921091297480534,1.4925218957664762e-19,9.930517144063704e-20,8.989791071000281e-35,5.981371168177959e-35
0.0004104180502904709,1.3603436130829652e-19,9.305159556776758e-20,7.851537647520136e-35,5.370687955129076e-35
0.0004219398080805024,1.2385714727507458e-19,8.710043491773917e-20,6.850002228040033e-35,4.81714770908371e-35
0.00043378501875589886,1.1264846494292517e-19,8.144202746348335e-20,5.969588769613231e-35,4.315863627319464e-35
0.00044596276268190954,1.0234063134404799e-19,7.606685114800413e-20,5.196396525021103e-35,3.86233225048181e-35
0.0004584823751389096,9.287011862507315e-20,7.096552094442638e-20,4.5180434178866355e-35,3.452405462022303e-35
0.0004713534534786907,8.41773229077149e-20,6.612878642857056e-20,3.9235071973950206e-35,3.0822644454010707e-35
0.00048458586448164956,7.62063457171814e-20,6.154752986391301e-20,3.402982627924365e-35,2.7483954642812737e-35
0.0004981897519205165,6.890478727379065e-20,5.721276479677622e-20,2.9477531370903016e-35,2.447567340149903e-35
0.000512175544336424,6.222355098137419e-20,5.3115635157384273e-20,2.550075497892019e-35,2.1768105103863712e-35
0.0005265539630332755,5.611665848224647e-20,4.92474148600196e-20,2.203076258325059e-35,1.9333975578093002e-35
0.0005413360302965381,5.054107468290344e-20,4.55995078929397e-20,1.9006587563687611e-35,1.7148251102017005e-35
0.0005565330778427646,4.545654218728176e-20,4.216344888596233e-20,1.6374196709040617e-35,1.518797015280874e-35
0.0005721567555063251,4.0825424605478506e-20,3.893090414073113e-20,1.4085741609965352e-35,1.3432087030763694e-35
0.0005882190401699955,3.661255823538755e-20,3.589367310564623e-20,1.2098887381087388e-35,1.1861326537380159e-35
0.0006047322449462648,3.2785111642826245e-20,3.30436902743004e-20,1.0376210991079158e-35,1.0458048944452344e-35
0.0006217090286163827,2.931245269251903e-20,3.0373027483049465e-20,8.88466223248254e-36,9.20612454356897e-36
0.0006391624053344006,2.616602260780991e-20,2.7873896580070154e-20,7.595081043871144e-36,8.09081711451732e-36
0.000657105754603627,2.3319216661301703e-20,2.553865243498355e-20,6.481765512304866e-36,7.098675696878092e-36
0.0006755528315331639,2.0747271121795106e-20,2.335979625485821e-20,5.5220854401467964e-36,6.217434091765377e-36
0.0006945177773823697,1.8427156105016726e-20,2.132997916922364e-20,4.6961368628376106e-36,5.435917560435654e-36
0.0007140151304013404,1.6337473996706184e-20,1.9442006043644458e-20,3.986433358245982e-36,4.74395622354043e-36
0.0007340598369757212,1.4458363136746587e-20,1.7688839478493296e-20,3.377630398364819e-36,4.1323046993131983e-36
0.0007546672630843886,1.277140647220339e-20,1.6063603946859962e-20,2.856279364584436e-36,3.592567551125587e-36
0.0007758532060787836,1.125954490542136e-20,1.4559590023098665e-20,2.410608182334914e-36,3.117130144773821e-36
0.0007976339067929281,9.906995080752673e-21,1.317025865139846e-20,2.030325832984112e-36,2.6990945437095393e-36
0.0008200260619934131,8.699171370077383e-21,1.1889245402017335e-20,1.7064482736119382e-36,2.332220096342427e-36
0.0008430468371788967,7.62261183305678e-21,1.0710364661501586e-20,1.4311435414696577e-36,2.010868393641667e-36
0.0008667138797389233,6.664907943045598e-21,9.62761370236636e-21,1.197594042121212e-36,1.7299522976651583e-36
0.0008910453324821513,5.814637883799594e-21,8.635176577389205e-21,9.998742207582677e-37,1.4848887624598045e-36
0.0009160598475443709,5.061303235562515e-21,7.727427783908716e-21,8.328419970687419e-37,1.2715551881055686e-36
0.000941776600686952,4.395268881811216e-21,6.89893564436218e-21,6.920425072088819e-37,1.0862490666167607e-36
0.0009682153059967086,3.807705979884071e-21,6.144465350764923e-21,5.736228435901174e-37,9.25650695055513e-37
0.0009953962309984233,3.2905378499268307e-21,5.458981622958038e-21,4.742566158919335e-37,7.867887466414959e-37
0.0010233402121916423,2.8363886470599703e-21,4.8376509332338595e-21,3.910772763487649e-37,6.670085049367911e-37
0.0010520686710236227,2.438534691412223e-21,4.27584325339843e-21,3.216192601996386e-37,5.639425794230576e-37
0.0010816036303107094,2.0908583396747426e-21,3.769133284429374e-21,2.6376608937778952e-37,4.754839330397937e-37
0.0011119677311206989,1.7878042901191026e-21,3.3133011336193174e-21,2.157046750902147e-37,3.997610635869894e-37
0.0011431842501291502,1.5243382205913866e-21,2.904332409416613e-21,1.7588513382942217e-37,3.3511519137608872e-37
0.0011752771174629451,1.2959076658555754e-21,2.538417710041457e-21,1.429855024184647e-37,2.800793152022736e-37
0.001208270935044776,1.0984050468209163e-21,2.211951488300349e-21,1.1588080168025879e-37,2.333590076665742e-37
0.0012421909954526173,9.281327696645908e-22,1.921530281769755e-21,9.361595593447282e-38,1.938148291541519e-37
0.0012770633013086446,7.817703176700169e-22,1.6639503045812998e-21,7.538212738424689e-38,1.604462474283252e-37
0.0013129145852124654,6.563432627645759e-22,1.4362044043159158e-21,6.049607112461291e-38,1.323769568792583e-37
0.0013497723302339417,5.491941272844949e-22,1.235478394892648e-21,4.838215849380678e-38,1.0884149801988914e-37
0.0013876647909813085,4.579550294500399e-22,1.059146783701048e-21,3.855675425725699e-38,8.917308389552369e-38
0.0014266210152607385,3.8052204843693365e-22,9.047679184503237e-22,3.0614667076569066e-38,7.279254571107411e-38
0.0014666708663439686,3.150312468207869e-22,7.700785861667736e-22,2.4217423246392505e-38,5.919831522234177e-38
0.001507845045861051,2.5983628959567504e-22,6.529881033362599e-22,1.9083141118010818e-38,4.795736632376655e-38
0.0015501751173357704,2.134875999754119e-22,5.51571942236027e-22,1.4977808273991212e-38,3.8697042830945e-38
0.001593693530381776,1.7471299283024086e-22,4.640649439119876e-22,1.1707785647448178e-38,3.109770373572463e-38
0.0016384336455779846,1.4239972694939992e-22,3.8885417292502494e-22,9.113382639502358e-39,2.4886121235978285e-38
0.001684429760042315,1.1557791741059728e-22,3.244714728168715e-22,7.06336510199516e-39,1.982957063974162e-38
0.0017317171337233527,9.34052492416592e-23,2.6958578415246905e-22,5.450274020057895e-39,1.5730554840035857e-38
0.0017803320164301137,7.515293333890367e-23,2.2299528891981386e-22,4.1864470314906647e-39,1.2422109475419402e-38
0.0018303116756206129,6.019284532203472e-23,1.8361944596957621e-22,3.200647719971619e-39,9.763638152354246e-39
0.0018816944249705557,4.7985787715606063e-23,1.5049098203712754e-22,2.435219063707589e-39,7.637230226267647e-39
0.0019345196537440444,3.807081560873291e-23,1.2274790171526559e-22,1.843687642648362e-39,5.944416633447138e-39
0.0019888278569888096,3.0055565809926693e-23,9.962557756723773e-23,1.3887543252534669e-39,4.603322147629654e-39
0.0020446606665791177,2.360752952986652e-23,8.044897844137183e-23,1.0406152778512904e-39,3.546175212773056e-39
0.002102060883130158,1.8446208832612466e-23,6.462509004847449e-23,7.755643632885442e-40,2.7171391840309936e-39
0.0021610725088083765,1.4336097529247458e-23,5.16355770900873e-23,5.748344089420144e-40,2.070431397136166e-39
0.0022217407810628848,1.1080427873558353e-23,4.1029730797184174e-23,4.236405070243068e-40,1.568698984943434e-39
0.0022841122073038256,8.515625375310515e-24,3.241773978762161e-23,3.1039353476754315e-40,1.1816227697178827e-39
0.0023482346005542763,6.506415282666659e-24,2.5464315820554974e-23,2.2605651413506083e-40,8.84722880287728e-40
0.002414157116103018,4.941525802589178e-24,1.98826994678789e-23,1.6362032981850416e-40,6.58341972617441e-40
0.002481930289186255,3.729934919616645e-24,1.5429064089483413e-23,1.176787446710547e-40,4.867840679875103e-40
0.0025516060737271863,2.79760972438669e-24,1.1897329941105532e-23,8.408564280695347e-41,3.575890614991287e-40
0.0026232378821631234,2.0846894517270785e-24,9.114393903860574e-24,5.9680037388628e-41,2.6092489147793424e-40
0.0026968806263906924,1.5430659258693458e-24,6.935774334534426e-24,4.2066643688329695e-41,1.8908119396722776e-40
0.002772590759860481,1.1343177840192814e-24,5.2416650111954606e-24,2.9441775808585275e-41,1.3604999260127897e-40
0.0028504263208534346,8.279576618670094e-25,3.933387186563319e-24,2.0456011637398158e-41,9.718058998487312e-41
0.0029304469769721444,5.999544357188218e-25,2.930224437455417e-24,1.4106516337448885e-41,6.889733026114209e-41
0.003012714070881164,4.314955845562476e-25,2.1666213651928342e-24,9.653148270574207e-42,4.847029270510181e-41
0.0030972906673314067,3.079577202754795e-25,1.589724288236498e-24,6.553518502173193e-42,3.383025282494122e-41
0.003184241601504653,2.180562957128373e-25,1.1572398804646954e-24,4.413059274543886e-42,2.3420411553180974e-41
0.0032736335287152475,1.5314840033795214e-25,8.355862303590428e-25,2.946899203001174e-42,1.6078446727814807e-41
0.0033655349755070943,1.0666535864813066e-25,5.983099920088197e-25,1.9509624610870438e-42,1.0943387331149738e-41
0.003460016392185109,7.36545265257442e-26,4.24743115229513e-25,1.2802229528454449e-42,7.382654004161437e-42
0.0035571502068213858,5.0412211179950344e-26,2.9887301237513956e-25,8.32467665956669e-43,4.935354216883136e-42
0.003657010880777493,3.4192001076232935e-26,2.084008666188994e-25,5.36269601325701e-43,3.2685729451304956e-42
0.003759674965785468,2.2974969151729008e-26,1.4396402726574825e-25,3.421518410823817e-43,2.1439661856913975e-42
0.003865221162631262,1.529019665591063e-26,9.849998615869921e-26,2.1615094083639152e-43,1.3924519847391307e-42
0.003973730381485609,1.0075852277986689e-26,6.673120052732781e-26,1.35169056730272e-43,8.952089789430561e-43
0.004085285803928565,6.572652641715716e-27,4.475194088559134e-26,8.36479514861403e-44,5.695429812233907e-43
0.004199972946715306,4.24293071945873e-27,2.9700323727523294e-26,5.121105205128966e-44,3.5847505531374323e-43
0.004317879727332021,2.7097566885184277e-27,1.9500672452260122e-26,3.100782867007613e-44,2.231467913385107e-43
0.004439096531392171,1.7116024666305277e-27,1.2663280954569764e-26,1.856280110812203e-44,1.373367766866454e-43
0.0045637162819247585,1.0689299383178188e-27,8.130488272896427e-27,1.098352162558743e-44,8.35427941259434e-44
0.004691834510607799,6.598284119553506e-28,5.159676190486089e-27,6.42130361110205e-45,5.021282314276512e-44
0.004823549431001467,4.024445393301169e-28,3.235351881159056e-27,3.7080181645213774e-45,2.980968151270033e-44
0.004958962013837212,2.4245332871648084e-28,2.0038614120556927e-27,2.1142045307600295e-45,1.7473766595869194e-44
0.005098176064420424,1.4422716767852713e-28,1.2254924901630302e-27,1.1898271141776174e-45,1.0109913523831261e-44
0.0052412983022060615,8.468535616606882e-29,7.397686891582204e-28,6.60683275197583e-46,5.77139688098172e-45
0.005388438442608223,4.906288161380005e-29,4.4062052898822725e-28,3.61835988087552e-46,3.2495515802168274e-45
0.005539709281106401,2.8036125008744243e-29,2.5885330319533295e-28,1.953759100578326e-46,1.803876237086641e-45
0.005695226779712825,1.5795568210237172e-29,1.4993223845287221e-28,1.0396763577001233e-46,9.86865439101339e-46
0.005855110155867244,8.770659759391503e-30,8.558863171811559e-29,5.450237903480684e-47,5.318623883427059e-46
0.006019481973827274,4.7976834412044584e-30,4.813261498409974e-29,2.813456052123306e-47,2.8225913316519147e-46
0.006188468238624382,2.5843469561692728e-30,2.665524842639857e-29,1.4295005034195015e-47,1.4744030770848582e-46
0.006362198492657489,1.3702582329547762e-30,1.452975810709399e-29,7.145865424181681e-48,7.577235705076997e-47
0.006540805914998259,7.148149013806414e-31,7.792442558465664e-30,3.512797511054872e-48,3.8294211230831466e-47
0.006724427423484249,3.6671286118405337e-31,4.109890033817369e-30,1.6973640812076623e-48,1.9023002625516585e-47
0.006913203779678127,1.8492527762860256e-31,2.130710213766804e-30,8.057691211755955e-49,9.284076890098418e-48
0.007107279696773419,9.162089227865686e-32,1.0852921791539375e-30,3.75616079765128e-49,4.449347562493866e-48
0.007306803950529507,4.457645004422667e-32,5.428523021395611e-31,1.7185170202902065e-49,2.0928111588181134e-48
0.007511929493320969,2.1286670879855614e-32,2.665066179950067e-31,7.712790635066343e-50,9.656323241227439e-49
0.007722813571388642,9.971802717735103e-33,1.2835062226622468e-31,3.3937732611760677e-50,4.368246366604405e-49
0.007939617845382276,4.5800397664774613e-33,6.060627577080821e-32,1.46327729021046e-50,1.9363104143495983e-49
0.008162508514287228,2.0613600771446368e-33,2.8043115301174803e-32,6.178672178364763e-51,8.40557737714867e-50
0.00839165644283016,9.086155425909333e-34,1.2707982453398048e-32,2.5534867816248927e-51,3.5713306337840313e-50
0.00862723729246145,3.9200702975881655e-34,5.636562776737181e-33,1.0322385857930736e-51,1.4842278703452792e-50
0.008869431656014705,1.6543732789803345e-34,2.4455584552421716e-33,4.079108913145485e-52,6.029896287097385e-51
0.00911842519614657,6.825435112561377e-35,1.0372869917507196e-33,1.5747528843451742e-52,2.3932110630529208e-51
0.009374408787663,2.7511105474618786e-35,4.298339148659834e-34,5.935219895044976e-53,9.273196256803649e-52
0.009637578663841089,1.0826361614118053e-35,1.738998528320872e-34,2.182458057825843e-53,3.5056018688050685e-52
0.009908136566858666,4.156825099522774e-36,6.864398461769585e-35,7.824180780517179e-54,1.2920508616192507e-52
0.010186289902446875,1.556128510370611e-36,2.6418626886829753e-35,2.7327912994122624e-54,4.639500736449634e-53
0.010472251898884344,5.675772417711281e-37,9.906353079835393e-36,9.29246076296953e-55,1.6218831645052656e-53
0.010766241770454932,2.0155006711658897e-37,3.616561252381025e-36,3.0738652118499145e-55,5.515662673427808e-54
0.01106848488549412,6.962947608306386e-38,1.2844880060171113e-36,9.883998625342523e-56,1.8233481565474732e-54
0.01137921293915315,2.3384069921709988e-38,4.434871850386406e-37,3.0869445599376234e-56,5.85449991314844e-55
0.01169866413101307,7.628146735228175e-39,1.4873187766253051e-37,9.356600921291669e-57,1.824328859768645e-55
0.012027083347685121,2.4151017383574714e-39,4.84110498339409e-38,2.7500168873926266e-57,5.512447052035456e-56
0.01236472235053715,7.414891746669457e-40,1.5280512951142886e-38,7.830783146688542e-58,1.613757656601158e-56
0.012711839968690289,2.20573075302542e-40,4.673149391079645e-39,2.1584484557788115e-58,4.572975225087823e-57
0.013068702297433463,6.351748127197164e-41,1.3834850890436713e-39,5.753711021793288e-59,1.2532256074879698e-57
0.013435582902208263,1.769013300108195e-41,3.961287474785446e-40,1.4818914125951878e-59,3.3183458209988586e-58
0.013812763028320095,4.7605687753737876e-42,1.0959434729043021e-40,3.6840653901925183e-60,8.481187035927478e-59
0.014200531816536832,1.2366816905040931e-42,2.9269229488219887e-41,8.831810878891784e-61,2.0902735230556487e-59
0.014599186524739786,3.0981185701076473e-43,7.538335146793611e-42,2.0395785621036723e-61,4.962697976668681e-60
0.015009032755797366,7.477161310687344e-44,1.8704159838747852e-42,4.532561295057467e-62,1.1338226824196142e-60
0.015430384691835646,1.7366777946929848e-44,4.466267742980254e-43,9.682578640319326e-63,2.490098553817969e-61
0.015863565335085896,3.8777333797368125e-45,1.0252446136916395e-43,1.9860988420336933e-63,5.251101457089989e-62
0.016308906755493326,8.314422906132693e-46,2.2599857983642655e-44,3.9073113559470184e-64,1.062066276147002e-62
0.01676675034527699,1.7099662255808342e-46,4.778429467194909e-45,7.363994826218907e-65,2.0578377132520645e-63
0.0172374470806362,3.3692723680284175e-47,9.679609024023275e-46,1.3279566277977027e-65,3.815097016173833e-64
0.017721357790803586,6.352658655263273e-48,1.876295615879427e-46,2.2885017218102117e-66,6.759226302844802e-65
0.01821885343465167,1.1447448920898232e-48,3.4759899015084384e-47,3.764110847225405e-67,1.1429630639563698e-65
0.018730315385064367,1.9689904464375537e-49,6.146635341992344e-48,5.9013139048319064e-68,1.842224510396122e-66
0.019256135721291985,3.22843919393277e-50,1.0361210547717989e-48,8.806950580941278e-69,2.8264639279552766e-67
0.019796717529513324,5.039322977511989e-51,1.662700892096515e-49,1.2493723787808786e-69,4.122245345316865e-68
0.020352475211835776,7.477948133457005e-52,2.5365792336929554e-50,1.6824022227830898e-70,5.706841589255042e-69
0.020923834803969768,1.0534322882497526e-52,3.6736405294176154e-51,2.1473562792155902e-71,7.4884880085957e-70
0.021511234301821672,1.4067297130407641e-53,5.0434154094257074e-52,2.5939501967658834e-72,9.299845074981225e-71
0.02211512399725489,1.7780447612217402e-54,6.553613394514709e-53,2.9609494577535836e-73,1.0913627401304192e-71
0.022735966823277175,2.123892585411641e-55,8.048125226353909e-54,3.1887606318557924e-74,1.208325932220761e-72
0.02337423870891815,2.3938187240265365e-56,9.32561504687902e-55,3.2346311350241754e-75,1.2601173380892322e-73
0.024030428944069697,2.5416193179762104e-57,1.0179367070583702e-55,3.085389190804104e-76,1.2357204285736451e-74
0.024705040554568253,2.5378273513788726e-58,1.0449521272717934e-56,2.7626600179199534e-77,1.1375271296866121e-75
0.025398590687807265,2.3790157916624536e-59,1.0070608055377404e-57,2.3179609856793345e-78,9.812157050929283e-77
0.026111611009174595,2.0900014711352603e-60,9.095550903814426e-59,1.8190860259081493e-79,7.916544450123148e-78
0.026844648109619625,1.7175864413013272e-61,7.684667269097998e-60,1.3327656165465056e-80,5.9629373314652e-79
0.027598263924661803,1.3179528505414452e-62,6.0622017682505255e-61,9.098501259512347e-82,4.185047317981493e-80
0.028373036165162114,9.424408051275554e-64,4.456651174568105e-62,5.7761713007442336e-83,2.7314586202031274e-81
0.02916955876018796,6.2678908692467766e-65,3.0471935168823246e-63,3.403132042496103e-84,1.654464334704476e-82
0.02998844231231028,3.869171410653783e-66,1.9338403940805196e-64,1.85684482237521e-85,9.280647306451837e-84
0.030830314565682772,2.2122538532779263e-67,1.1367413699283714e-65,9.362557147356192e-87,4.810843033202883e-85
0.03169582088726115,1.1690635833163242e-68,6.175738323768987e-67,4.35284416694e-88,2.299449484424829e-86
0.03258562476153226,5.697272526268257e-70,3.0941530784194068e-68,1.861753667622417e-89,1.0111067735258425e-87
0.033500408299131326,2.5546657742705706e-71,1.4263724417646763e-69,7.308440188559144e-91,4.080595505775195e-89
0.034440872759738235,1.0515362314762364e-72,6.035970925087953e-71,2.6268478819411894e-92,1.5078488943520734e-90
0.035407739089652696,3.963636073312238e-74,2.3390565321695885e-72,8.623387693539629e-94,5.0889110253628876e-92
0.03640174847446141,1.3648021778294073e-75,8.280197599123873e-74,2.5789830928601126e-95,1.5646582311030397e-93
0.03742366290721981,4.282022518893259e-77,2.670816121803094e-75,7.008264480385135e-97,4.371248791309589e-95
0.03847426577258506,1.2209487287960909e-78,7.829184314400113e-77,1.7258211553101805e-98,1.1066616967558946e-96
0.039554362447347016,3.155362391711383e-80,2.0801391282413296e-78,3.8406393875839415e-100,2.531900706100868e-98
0.04066478091781858,7.370649638637534e-82,4.9954308796199006e-80,7.701922081073363e-102,5.219949567882629e-100
0.04180637241455758,1.5517963024539296e-83,1.0812495688653737e-81,1.387756610655987e-103,9.669511614308065e-102
0.04298001206490798,2.936088916115823e-85,2.103218950638345e-83,2.239964838421606e-105,1.6045619296721717e-103
0.04418659956385941,4.977448764171309e-87,3.665608923201075e-85,3.22880111401742e-107,2.3778290316071818e-105
0.04542705986374043,7.537173130390778e-89,5.7065269166272955e-87,4.143185793578219e-109,3.136879151191278e-107
0.04670234388327335,1.0162432794162993e-90,7.91015718406091e-89,4.717399436255781e-111,3.671893511779622e-109
0.048013429236534504,1.2160715910718074e-92,9.731294547414359e-91,4.749942164097103e-113,3.801016866225131e-111
0.049361320982379164,1.2871758670068963e-94,1.0589450188683267e-92,4.214953623161196e-115,3.4675946453116964e-113
0.05074705239490466,1.200986446483846e-96,1.0157753687547681e-94,3.284546354108757e-117,2.778017432090836e-115
0.05217168575554349,9.842875364521893e-99,8.558656674146948e-97,2.2395056481123517e-119,1.94731308201804e-117
0.053636313167392397,7.060062509983013e-101,6.311262062780256e-99,1.3310509817385534e-121,1.1898777883049027e-119
0.05514205739240302,4.415424094335102e-103,4.057926147027089e-101,6.869558938833227e-124,6.31336022109395e-122
0.05669007271207434,2.3985160165152872e-105,2.266200789622109e-103,3.066433355967635e-126,2.8972721652755897e-124
0.058281545812308454,1.127200678714197e-107,1.094916633269111e-105,1.1790691557420395e-128,1.1452995502709922e-126
0.05991769669310619,4.564383727927896e-110,4.558122663348884e-108,3.8889018578303785e-131,3.8835673664456296e-129
0.06159977960380169,1.5858774781304737e-112,1.6281617188578338e-110,1.0955355162132172e-133,1.1247457724478551e-131
0.06332908400455114,4.707572379457833e-115,4.968770777936499e-113,2.6243093518487046e-136,2.769918456619264e-134
0.06510693555481462,1.188625884185288e-117,1.2897964806739349e-115,5.321278896003521e-139,5.774202702521607e-137
0.0669346971295866,2.5412137706493087e-120,2.834922901332438e-118,9.09069923449486e-142,1.0141386665951307e-139
0.0688137698641567,4.57885303912581e-123,5.251468987936634e-121,1.3021758299140415e-144,1.4934604647062022e-142
0.07074559422819879,6.92000493647633e-126,8.15933102155145e-124,1.5562708796653255e-147,1.834988469366085e-145
0.07273165113001454,8.728637629155881e-129,1.058080378140138e-126,1.543959213631113e-150,1.8715783814131615e-148
0.07477346305177587,9.142666233895597e-132,1.1393813597248522e-129,1.2648860058293842e-153,1.5763317836931973e-151
0.07687259521663728,7.910787452871285e-135,1.013537936182379e-132,8.511341470532066e-157,1.0904815126913165e-154
0.07903065678861347,5.624157990507984e-138,7.408014997879576e-136,4.6781734001972045e-160,6.161985273143436e-158
0.08124930210614047,3.267317610662976e-141,4.42445459375782e-139,2.0884281703989594e-163,2.828055522395321e-161
0.08353023195026779,1.5422653722530005e-144,2.147096404552654e-142,7.528209564689206e-167,1.0480551518478567e-164
0.0858751948484517,5.8807067290299874e-148,8.416780603367524e-146,2.178139030465849e-170,3.1174685608045423e-168
0.0882859884149515,1.8005296702670904e-151,2.6493590268329465e-149,5.02713851301669e-174,7.397098208675801e-172
0.09076446072885357,4.399426041801768e-155,6.655192203343538e-153,9.196907814078909e-178,1.3912539635297526e-175
0.0933125117507825,8.524447955411183e-159,1.3257294166804e-156,1.3249990097630949e-181,2.0606497611382333e-179
0.09593209477938242,1.3013176494135482e-162,2.080635468027061e-160,1.493239579011649e-185,2.3874933470345107e-183
0.09862521794868784,1.554676803729892e-166,2.5555056434605e-164,1.3073424587276947e-189,2.148948915426539e-187
0.10139394576752918,1.4436036691730009e-170,2.43954453569889e-168,8.829108034715361e-194,1.492030168745976e-191
0.10424040070215568,1.0345090891666777e-174,1.7972940330792768e-172,4.56611794364842e-198,7.932899401653575e-196
0.10716676480328632,5.679894607860994e-179,1.014493215913489e-176,1.7948437271244337e-202,3.205793259389967e-200
0.11017528137883874,2.3714739379874177e-183,4.354630140005776e-181,5.321210428508754e-207,9.771097603949386e-205
0.11326825671361537,7.471879479467254e-188,1.4105446050224863e-185,1.1804827663992978e-211,2.228520417175242e-209
0.11644806183726866,1.762553734970169e-192,3.420766105355251e-190,1.9437432818189345e-216,3.772418964617113e-214
0.1197171343418967,3.087643169503843e-197,6.16072986872219e-195,2.3556651465180396e-221,4.7002246801703995e-219
0.12307798025066646,3.983421219074684e-202,8.171190635522664e-200,2.083276567805617e-226,4.2734245378176006e-224
0.1265331759388943,3.7523217031097834e-207,7.91321970398203e-205,1.332592754452693e-231,2.81028655756764e-229
0.13008537010905705,2.5581394387576723e-212,5.546275261356123e-210,6.109640982098145e-237,1.3246248473161673e-234
0.13373728582124964,1.2507964591255885e-217,2.7879687259714305e-215,1.989030140799419e-242,4.433458207452873e-240
0.1374917225806419,4.3454489884616135e-223,9.957721113498255e-221,4.554075101764861e-248,1.0435793841721049e-245
0.14135155848353956,1.0624335606725323e-228,2.5029439931046443e-226,7.261071239311694e-254,1.7106062265611902e-251
0.14531975242368952,1.8101083856385143e-234,4.3840750410172205e-232,7.980515616963634e-260,1.932877589450905e-257
0.14939934636052576,2.127352053738915e-240,5.297083438455267e-238,5.983498034386457e-266,1.4898844921447124e-263
0.1535934676510897,1.7067850400224094e-246,4.369183880534097e-244,3.0276813661414483e-272,7.750534666137563e-270
0.15790533144741759,9.248441486882577e-253,2.4339636972637353e-250,1.022590976415379e-278,2.691209451100147e-276
0.1623382431612278,3.3475222329310405e-259,9.057181303952926e-257,2.279302103179495e-285,6.166964984397514e-283
0.16689560099780248,8.00247216671416e-266,2.2259623362199114e-263,3.313927364756449e-292,9.217998320068193e-290
0.17158089856100048,1.2488582587861364e-272,3.571337036964196e-270,3.105388949409537e-299,8.880423772018162e-297
0.1763977275314045,1.257161040153812e-279,3.696005843735821e-277,1.8525309409059843e-306,5.446370802623838e-304
0.18134978041964955,8.063284916848732e-287,2.4371249152193165e-284,6.946812324e-314,2.099671482616e-311
0.18644085339704872,3.25372546433815e-294,1.0110455871515224e-291,1.616e-321,5.02233e-319
0.1916748492056815,8.153570237386844e-302,2.6047239095650944e-299,0.0,0.0
0.19705578015018002,1.252000007609807e-309,4.111897304126362e-307,0.0,0.0
0.2025877711735017,1.1619273e-317,3.923204624e-315,0.0,0.0
0.20827506301905144,0.0,2.5e-323,0.0,0.0
0.21412201548157292,0.0,0.0,0.0,0.0
0.220133110749303,0.0,0.0,0.0,0.0
0.22631295683995295,0.0,0.0,0.0,0.0
0.2326662911331458,0.0,0.0,0.0,0.0
0.23919798400202397,0.0,0.0,0.0,0.0
0.2459130425468044,0.0,0.0,0.0,0.0
0.25281661443315007,0.0,0.0,0.0,0.0
0.2599139918382933,0.0,0.0,0.0,0.0
0.2672106155079435,0.0,0.0,0.0,0.0
0.27471207892708116,0.0,0.0,0.0,0.0
0.2824241326078436,0.0,0.0,0.0,0.0
0.29035268849778134,0.0,0.0,0.0,0.0
0.29850382451187324,0.0,0.0,0.0,0.0
0.30688378919176423,0.0,0.0,0.0,0.0
0.31549900649580886,0.0,0.0,0.0,0.0
0.32435608072358113,0.0,0.0,0.0,0.0
0.33346180157863625,0.0,0.0,0.0,0.0
0.34282314937339703,0.0,0.0,0.0,0.0
0.35244730038015837,0.0,0.0,0.0,0.0
0.36234163233231503,0.0,0.0,0.0,0.0
0.372513730080021,0.0,0.0,0.0,0.0
0.3829713914046281,0.0,0.0,0.0,0.0
0.3937226329963479,0.0,0.0,0.0,0.0
0.4047756965997322,0.0,0.0,0.0,0.0
0.41613905533167067,0.0,0.0,0.0,0.0
0.4278214201767617,0.0,0.0,0.0,0.0
0.4398317466650224,0.0,0.0,0.0,0.0
0.4521792417370702,0.0,0.0,0.0,0.0
0.4648733708020257,0.0,0.0,0.0,0.0
0.47792386499356,0.0,0.0,0.0,0.0
0.4913407286296362,0.0,0.0,0.0,0.0
0.5051342468816766,0.0,0.0,0.0,0.0
0.5193149936590212,0.0,0.0,0.0,0.0
0.5338938397147355,0.0,0.0,0.0,0.0
0.5488819609789671,0.0,0.0,0.0,0.0
0.5642908471262537,0.0,0.0,0.0,0.0
0.5801323103833378,0.0,0.0,0.0,0.0
0.5964184945842459,0.0,0.0,0.0,0.0
0.6131618844795775,0.0,0.0,0.0,0.0
0.6303753153071274,0.0,0.0,0.0,0.0
0.648071982631197,0.0,0.0,0.0,0.0
0.666265452458115,0.0,0.0,0.0,0.0
0.6849696716357446,0.0,0.0,0.0,0.0
0.7041989785449289,0.0,0.0,0.0,0.0
0.7239681140910877,0.0,0.0,0.0,0.0
0.7442922330043759,0.0,0.0,0.0,0.0
0.7651869154570825,0.0,0.0,0.0,0.0
0.7866681790071581,0.0,0.0,0.0,0.0
0.8087524908770457,0.0,0.0,0.0,0.0
0.8314567805772064,0.0,0.0,0.0,0.0
0.8547984528840413,0.0,0.0,0.0,0.0
0.878795401182132,0.0,0.0,0.0,0.0
0.9034660211810535,0.0,0.0,0.0,0.0
0.9288292250172498,0.0,0.0,0.0,0.0
0.9549044557518077,0.0,0.0,0.0,0.0
0.9817117022752194,0.0,0.0,0.0,0.0
1.0092715146305717,0.0,0.0,0.0,0.0
1.0376050197669118,0.0,0.0,0.0,0.0
1.066733937734857,0.0,0.0,0.0,0.0
1.0966805983368675,0.0,0.0,0.0,0.0
1.1274679582449472,0.0,0.0,0.0,0.0
1.1591196185988857,0.0,0.0,0.0,0.0
1.1916598430985588,0.0,0.0,0.0,0.0
1.2251135766041177,0.0,0.0,0.0,0.0
1.2595064642583589,0.0,0.0,0.0,0.0
1.2948648711459048,0.0,0.0,0.0,0.0
1.3312159025043078,0.0,0.0,0.0,0.0
1.3685874245025176,0.0,0.0,0.0,0.0
1.4070080856026863,0.0,0.0,0.0,0.0
1.4465073385216471,0.0,0.0,0.0,0.0
1.4871154628089538,0.0,0.0,0.0,0.0
1.5288635880587296,0.0,0.0,0.0,0.0
1.571783717773161,0.0,0.0,0.0,0.0
1.6159087538959191,0.0,0.0,0.0,0.0
1.661272522034293,0.0,0.0,0.0,0.0
1.7079097973894268,0.0,0.0,0.0,0.0
1.7558563314144668,0.0,0.0,0.0,0.0
1.8051488792211101,0.0,0.0,0.0,0.0
1.8558252277555187,0.0,0.0,0.0,0.0
1.907924224765265,0.0,0.0,0.0,0.0
1.9614858085794296,0.0,0.0,0.0,0.0
2.0165510387247485,0.0,0.0,0.0,0.0
2.0731621274012313,0.0,0.0,0.0,0.0
2.1313624718414372,0.0,0.0,0.0,0.0
2.1911966875781475,0.0,0.0,0.0,0.0
2.2527106426459826,0.0,0.0,0.0,0.0
2.3159514927431544,0.0,0.0,0.0,0.0
2.3809677173803583,0.0,0.0,0.0,0.0
2.44780915704444,0.0,0.0,0.0,0.0
2.516527051405389,0.0,0.0,0.0,0.0
2.5871740785959236,0.0,0.0,0.0,0.0
2.6598043955937585,0.0,0.0,0.0,0.0
2.73447367973758,0.0,0.0,0.0,0.0
2.8112391714084612,0.0,0.0,0.0,0.0
2.8901597179095115,0.0,0.0,0.0,0.0
2.9712958185773344,0.0,0.0,0.0,0.0
3.054709671159968,0.0,0.0,0.0,0.0
3.1404652194967486,0.0,0.0,0.0,0.0
3.2286282025367337,0.0,0.0,0.0,0.0
3.31926620473319,0.0,0.0,0.0,0.0
3.412448707852889,0.0,0.0,0.0,0.0
3.5082471442397885,0.0,0.0,0.0,0.0
3.6067349515740315,0.0,0.0,0.0,0.0
3.7079876291681724,0.0,0.0,0.0,0.0
3.812082795843888,0.0,0.0,0.0,0.0
3.919100249433402,0.0,0.0,0.0,0.0
4.0291220279513515,0.0,0.0,0.0,0.0
4.142232472483898,0.0,0.0,0.0,0.0
4.258518291843414,0.0,0.0,0.0,0.0
4.378068629038166,0.0,0.0,0.0,0.0
4.500975129608042,0.0,0.0,0.0,0.0
4.627332011878693,0.0,0.0,0.0,0.0
4.7572361391878895,0.0,0.0,0.0,0.0
4.89078709413959,0.0,0.0,0.0,0.0
5.028087254942474,0.0,0.0,0.0,0.0
5.169241873891604,0.0,0.0,0.0,0.0
5.314359158053241,0.0,0.0,0.0,0.0
5.463550352214876,0.0,0.0,0.0,0.0
5.616929824163804,0.0,0.0,0.0,0.0
5.774615152359826,0.0,0.0,0.0,0.0
5.9367272160691265,0.0,0.0,0.0,0.0
6.1033902880286215,0.0,0.0,0.0,0.0
6.274732129711574,0.0,0.0,0.0,0.0
6.450884089267699,0.0,0.0,0.0,0.0
6.631981202212676,0.0,0.0,0.0,0.0
6.818162294944479,0.0,0.0,0.0,0.0
7.009570091165617,0.0,0.0,0.0,0.0
7.206351321293045,0.0,0.0,0.0,0.0
7.408656834939568,0.0,0.0,0.0,0.0
7.616641716552891,0.0,0.0,0.0,0.0
7.830465404301183,0.0,0.0,0.0,0.0
8.050291812295972,0.0,0.0,0.0,0.0
8.276289456246351,0.0,0.0,0.0,0.0
8.50863158264058,0.0,0.0,0.0,0.0
8.747496301554415,0.0,0.0,0.0,0.0
8.993066723187614,0.0,0.0,0.0,0.0
9.24553109823358,0.0,0.0,0.0,0.0
9.50508296218951,0.0,0.0,0.0,0.0
9.771921283717996,0.0,0.0,0.0,0.0
10.046250617173403,0.0,0.0,0.0,0.0
10.328281259410295,0.0,0.0,0.0,0.0
10.618229410993846,0.0,0.0,0.0,0.0
10.916317341936146,0.0,0.0,0.0,0.0
11.22277356208507,0.0,0.0,0.0,0.0
11.537832996296597,0.0,0.0,0.0,0.0
11.861737164524792,0.0,0.0,0.0,0.0
12.194734366967383,0.0,0.0,0.0,0.0
12.537079874409196,0.0,0.0,0.0,0.0
12.889036123908916,0.0,0.0,0.0,0.0
13.250872919979539,0.0,0.0,0.0,0.0
13.622867641416468,0.0,0.0,0.0,0.0
14.005305453932197,0.0,0.0,0.0,0.0
14.398479528760065,0.0,0.0,0.0,0.0
14.802691267395101,0.0,0.0,0.0,0.0
15.21825053264387,0.0,0.0,0.0,0.0
15.645475886160959,0.0,0.0,0.0,0.0
16.08469483265355,0.0,0.0,0.0,0.0
16.536244070941823,0.0,0.0,0.0,0.0
17.00046975206718,0.0,0.0,0.0,0.0
17.47772774464681,0.0,0.0,0.0,0.0
17.968383907677193,0.0,0.0,0.0,0.0
18.472814370996357,0.0,0.0,0.0,0.0
18.991405823619353,0.0,0.0,0.0,0.0
19.524555810168607,0.0,0.0,0.0,0.0
20.072673035625684,0.0,0.0,0.0,0.0
20.636177678638564,0.0,0.0,0.0,0.0
21.215501713624523,0.0,0.0,0.0,0.0
21.811089241915198,0.0,0.0,0.0,0.0
22.42339683219845,0.0,0.0,0.0,0.0
23.05289387051706,0.0,0.0,0.0,0.0
23.700062920093306,0.0,0.0,0.0,0.0
24.36540009125466,0.0,0.0,0.0,0.0
25.049415421745024,0.0,0.0,0.0,0.0
25.752633267711985,0.0,0.0,0.0,0.0
26.475592705670692,0.0,0.0,0.0,0.0
27.218847945751794,0.0,0.0,0.0,0.0
27.982968756551156,0.0,0.0,0.0,0.0
28.76854090190591,0.0,0.0,0.0,0.0
29.576166589932566,0.0,0.0,0.0,0.0
30.406464934670684,0.0,0.0,0.0,0.0
31.260072430687035,0.0,0.0,0.0,0.0
32.13764344100276,0.0,0.0,0.0,0.0
33.039850698718546,0.0,0.0,0.0,0.0
33.96738582272209,0.0,0.0,0.0,0.0
34.920959847872716,0.0,0.0,0.0,0.0
35.90130377007068,0.0,0.0,0.0,0.0
36.90916910662774,0.0,0.0,0.0,0.0
37.94532847236942,0.0,0.0,0.0,0.0
39.01057617190993,0.0,0.0,0.0,0.0
40.10572880855496,0.0,0.0,0.0,0.0
41.23162591029748,0.0,0.0,0.0,0.0
42.38913057338783,0.0,0.0,0.0,0.0
43.579130123970295,0.0,0.0,0.0,0.0
44.802536798294895,0.0,0.0,0.0,0.0
46.06028844202398,0.0,0.0,0.0,0.0
47.35334922917121,0.0,0.0,0.0,0.0
48.68271040122284,0.0,0.0,0.0,0.0
50.049391027009534,0.0,0.0,0.0,0.0
51.45443878390924,0.0,0.0,0.0,0.0
52.89893076098146,0.0,0.0,0.0,0.0
54.38397428464801,0.0,0.0,0.0,0.0
55.91070776755293,0.0,0.0,0.0,0.0
57.48030158125351,0.0,0.0,0.0,0.0
59.09395895340965,0.0,0.0,0.0,0.0
60.75291689016077,0.0,0.0,0.0,0.0
62.45844712439618,0.0,0.0,0.0,0.0
64.21185709064758,0.0,0.0,0.0,0.0
66.01449092734883,0.0,0.0,0.0,0.0
67.86773050723302,0.0,0.0,0.0,0.0
69.77299649665537,0.0,0.0,0.0,0.0
71.73174944465613,0.0,0.0,0.0,0.0
73.74549090259546,0.0,0.0,0.0,0.0
75.81576457522118,0.0,0.0,0.0,0.0
77.9441575040495,0.0,0.0,0.0,0.0
80.13230128396886,0.0,0.0,0.0,0.0
82.38187331399601,0.0,0.0,0.0,0.0
84.69459808314593,0.0,0.0,0.0,0.0
87.07224849239921,0.0,0.0,0.0,0.0
89.516647213783,0.0,0.0,0.0,0.0
92.02966808760411,0.0,0.0,0.0,0.0
94.6132375589076,0.0,0.0,0.0,0.0
97.2693361542618,0.0,0.0,0.0,0.0
100.0,0.0,0.0,0.0,0.0
