Frequency (Hz),White Hole SGWB,LISA Sensitivity
9.999999999999999e-05,9.900498337491682e-14,1.0000000200000005e-32
0.00010280732238308646,9.495089496834507e-14,8.951664915991562e-33
0.00010569345535579884,9.10620970298308e-14,8.013230317913534e-33
0.00010866061138545968,8.73318606603213e-14,7.173175129160226e-33
0.00011171106505048242,8.375373075661235e-14,6.421185889197061e-33
0.0001148471547840289,8.032151487263765e-14,5.748030333941128e-33
0.00011807128466661904,7.702927253388143e-14,5.1454440501226736e-33
0.00012138592626906277,7.387130498648576e-14,4.6060290120701394e-33
0.00012479362054713115,7.084214536336509e-14,4.1231627552416046e-33
0.00012829697978941474,6.793654925036893e-14,3.690917071415702e-33
0.00013189868961986705,6.514948563621401e-14,3.303985227352159e-33
0.00013560151105656334,6.247612823057938e-14,2.9576168133772323e-33
0.00013940828262825784,5.99118471353831e-14,2.6475594220215053e-33
0.0001433219225503574,5.745220085487722e-14,2.3700064406920435e-33
0.00014734543096198358,5.509292863077468e-14,2.1215503174227388e-33
0.00015148189222583458,5.2829943089189085e-14,1.8991407259410673e-33
0.0001557344772926135,5.065932318670005e-14,1.7000471164383437e-33
0.00016010644613183178,4.8577307443378204e-14,1.5218251922749652e-33
0.00016460115023085497,4.658028745109476e-14,1.3622869010508218e-33
0.0001692220351641037,4.466480164591797e-14,1.219473571617702e-33
0.0001739726432343801,4.282752933385377e-14,1.0916318672334705e-33
0.0001788566161883462,4.106528495962338e-14,9.77192259631875e-34
0.0001838776980082327,3.9375012608592974e-14,8.747497597316135e-34
0.00018903973778192212,3.7753780732369e-14,7.830466684130907e-34
0.000194346692653602,3.6198777088962355e-14,7.009571355921598e-34
0.00019980263085725506,3.470730388879087e-14,6.274733380205772e-34
0.00020541173483530642,3.327677313814863e-14,5.616931061164486e-34
0.00021117830444482443,3.190470217210717e-14,5.0280884791764885e-34
0.0002171067602537265,3.058870936914464e-14,4.5009763417631165e-34
0.00022320164692952345,2.9326510040108014e-14,4.029123228678124e-34
0.0002294676367231936,2.8115912484418733e-14,3.606736141488142e-34
0.00023590953305086364,2.6954814206716285e-14,3.2286293822206207e-34
0.0002425322741760353,2.5841198287414872e-14,2.8901608879142675e-34
0.00024934093699518806,2.4773129900910418e-14,2.5871752394429284e-34
0.0002563407409296515,2.3748752975433023e-14,2.3159526449257256e-34
0.00026353705192673927,2.2766286988781265e-14,2.0731632713861013e-34
0.0002709353865732052,2.1824023894411747e-14,1.8558263639842681e-34
0.0002785414163241769,2.0920325172580658e-14,1.661273650924728e-34
0.00028636097185081157,2.0053619001449916e-14,1.4871165847563805e-34
0.00029440004751000336,1.9222397543278042e-14,1.331217017882727e-34
0.0003026648059395692,1.8425214341014226e-14,1.1916609522618242e-34
0.000311161582782436,1.7660681820803995e-14,1.066735041017769e-34
0.00031989689154345377,1.6927468896097948e-14,9.549055534711229e-35
0.000328877428582551,1.622429866923088e-14,8.547995453394619e-35
0.00033811007824806853,1.5549946226505238e-14,7.651880029321593e-35
0.00034760191815419775,1.490323652297614e-14,6.849707543987607e-35
0.00035736022460657887,1.428304235328781e-14,6.131629627843583e-35
0.0003673924781802074,1.36882824050618e-14,5.488830350656707e-35
0.0003777063694539368,1.3117919391477806e-14,4.913417987254797e-35
0.0003883098049059605,1.2570958259826302e-14,4.398328129849856e-35
0.00039921091297480534,1.2046444472941717e-14,3.9372369574382824e-35
0.0004104180502904709,1.1543462360551815e-14,3.524483597475993e-35
0.0004219398080805024,1.1061133537698634e-14,3.1550006266528584e-35
0.00043378501875589886,1.0598615387502708e-14,2.8242518575162337e-35
0.00044596276268190954,1.0155099605652996e-14,2.5281766471422104e-35
0.0004584823751389096,9.729810804111216e-15,2.263140044125246e-35
0.0004713534534786907,9.32200517162189e-15,2.0258881618347557e-35
0.00048458586448164956,8.930969188717134e-15,1.8135082300506726e-35
0.0004981897519205165,8.556018394999211e-15,1.623392834526959e-35
0.000512175544336424,8.196496206574102e-15,1.453207905447799e-35
0.0005265539630332755,7.851772781595833e-15,1.3008640617668414e-35
0.0005413360302965381,7.521243931964501e-15,1.1644909596204866e-35
0.0005565330778427646,7.204330079300197e-15,1.0424143298874759e-35
0.0005721567555063251,6.900475253391552e-15,9.33135422982065e-36
0.0005882190401699955,6.609146131391229e-15,8.353126085221106e-36
0.0006047322449462648,6.32983111610028e-15,7.477449039687831e-36
0.0006217090286163827,6.062039451751533e-15,6.693572300171399e-36
0.0006391624053344006,5.8053003757660895e-15,5.991872117160621e-36
0.000657105754603627,5.559162305019766e-15,5.363733632733918e-36
0.0006755528315331639,5.323192055215222e-15,4.801445114895794e-36
0.0006945177773823697,5.096974092013151e-15,4.298103279701161e-36
0.0007140151304013404,4.880109812630387e-15,3.8475285387952864e-36
0.0007340598369757212,4.672216856665354e-15,3.444189131852935e-36
0.0007546672630843886,4.472928444961874e-15,3.083133212481568e-36
0.0007758532060787836,4.2818927453706054e-15,2.759928053798897e-36
0.0007976339067929281,4.0987722643137925e-15,2.4706056273041605e-36
0.0008200260619934131,3.92324326310348e-15,2.2116138869081963e-36
0.0008430468371788967,3.754995198006161e-15,1.9797731600304947e-36
0.0008667138797389233,3.593730183087748e-15,1.7722371103713803e-36
0.0008910453324821513,3.4391624749120112e-15,1.5864577930944535e-36
0.0009160598475443709,3.2910179782033132e-15,1.4201543733974411e-36
0.000941776600686952,3.149033771620829e-15,1.271285124425682e-36
0.0009682153059967086,3.0129576528258197e-15,1.1380223607429957e-36
0.0009953962309984233,2.8825477020571527e-15,1.0187299996152852e-36
0.0010233402121916423,2.757571863461885e-15,9.119434746238346e-37
0.0010520686710236227,2.6378075434586496e-15,8.163517550054303e-37
0.0010816036303107094,2.523041225440662e-15,7.3078124996839145e-37
0.0011119677311206989,2.413068100153676e-15,6.541814003759642e-37
0.0011431842501291502,2.307691711111006e-15,5.8561178090432594e-37
0.0011752771174629451,2.206723614433807e-15,5.2423055432684774e-37
0.001208270935044776,2.109983052529655e-15,4.692841361764442e-37
0.0012421909954526173,2.017296641046384e-15,4.200979428978173e-37
0.0012770633013086446,1.928498068560988e-15,3.7606810990351955e-37
0.0013129145852124654,1.8434278084853986e-15,3.366540778553941e-37
0.0013497723302339417,1.7619328426920244e-15,3.0137195615226656e-37
0.0013876647909813085,1.6838663963821931e-15,2.6978858214662436e-37
0.0014266210152607385,1.6090876837399885e-15,2.415162031545546e-37
0.0014666708663439686,1.5374616639326044e-15,2.162077159693208e-37
0.001507845045861051,1.4688588070362018e-15,1.935524054335112e-37
0.0015501751173357704,1.403154869483404e-15,1.7327212975169495e-37
0.001593693530381776,1.3402306786449476e-15,1.5511790571019553e-37
0.0016384336455779846,1.279971926173804e-15,1.3886685188030726e-37
0.001684429760042315,1.2222689697552076e-15,1.2431945227629265e-37
0.0017317171337233527,1.167016642920545e-15,1.1129710687375621e-37
0.0017803320164301137,1.1141140725969531e-15,9.963993891580719e-38
0.0018303116756206129,1.06346450407785e-15,8.920483208704367e-38
0.0018816944249705557,1.014975133112424e-15,7.98636734575028e-38
0.0019345196537440444,9.685569448243949e-16,7.150178062498629e-38
0.0019888278569888096,9.241245591821744e-16,6.401649374559814e-38
0.0020446606665791177,8.815960827538349e-16,5.731591516668015e-38
0.002102060883130158,8.408929664911572e-16,5.131778118846527e-38
0.0021610725088083765,8.019398692974559e-16,4.594845210292996e-38
0.0022217407810628848,7.646645271438592e-16,4.114200811043146e-38
0.0022841122073038256,7.289976275083024e-16,3.683944001458673e-38
0.0023482346005542763,6.948726889206845e-16,3.2987924759456093e-38
0.002414157116103018,6.622259454064699e-16,2.9540176914714405e-38
0.002481930289186255,6.309962356294919e-16,2.64538681469149e-38
0.0025516060737271863,6.011248965427961e-16,2.36911075496233e-38
0.0026232378821631234,5.725556613641958e-16,2.1217976452372544e-38
0.0026968806263906924,5.452345617006586e-16,1.9004111997231326e-38
0.002772590759860481,5.191098336528385e-16,1.7022334370506487e-38
0.0028504263208534346,4.941318277379237e-16,1.5248313113056739e-38
0.0029304469769721444,4.702529224756038e-16,1.3660268412470109e-38
0.003012714070881164,4.474274414882625e-16,1.223870370983228e-38
0.0030972906673314067,4.2561157397261087e-16,1.0966166338267652e-38
0.003184241601504653,4.047632984057962e-16,9.82703325458359e-39
0.0032736335287152475,3.848423093546207e-16,8.807319233419303e-39
0.0033655349755070943,3.658099472618676e-16,7.894505169075935e-39
0.003460016392185109,3.476291310889014e-16,7.077384377068847e-39
0.0035571502068213858,3.3026429369864785e-16,6.34592500842817e-39
0.003657010880777493,3.1368131986780097e-16,5.691146887591192e-39
0.003759674965785468,2.9784748682165925e-16,5.105011261810764e-39
0.003865221162631262,2.8273140718937123e-16,4.58032210852009e-39
0.003973730381485609,2.68302974281558e-16,4.110637788992814e-39
0.004085285803928565,2.545333095963062e-16,3.690191963659765e-39
0.004199972946715306,2.4139471246338256e-16,3.313822798150264e-39
0.004317879727332021,2.2886061174023566e-16,2.976909590912299e-39
0.004439096531392171,2.169055194769015e-16,2.6753160443813965e-39
0.0045637162819247585,2.0550498647034362e-16,2.405339483231578e-39
0.004691834510607799,1.946355596320265e-16,2.163665396254828e-39
0.004823549431001467,1.842747410956801e-16,1.9473267437746125e-39
0.004958962013837212,1.7440094899520475e-16,1.7536675310055293e-39
0.005098176064420424,1.6499347984558135e-16,1.5803102001452014e-39
0.0052412983022060615,1.5603247246241168e-16,1.4251264408672151e-39
0.005388438442608223,1.474988733583791e-16,1.286211060852124e-39
0.005539709281106401,1.3937440355747904e-16,1.1618585955620398e-39
0.005695226779712825,1.316415267703133e-16,1.0505423700943236e-39
0.005855110155867244,1.2428341887609182e-16,9.508957560543106e-40
0.006019481973827274,1.1728393865923708e-16,8.61695393335537e-40
0.006188468238624382,1.106275997506482e-16,7.818461708193727e-40
0.006362198492657489,1.0429954372574855e-16,7.1036778160038255e-40
0.006540805914998259,9.828551431342629e-17,6.463826876743972e-40
0.006724427423484249,9.2571832671871e-17,5.891053463303735e-40
0.006913203779678127,8.714537368913665e-17,5.3783256597727155e-40
0.007107279696773419,8.199354326799717e-17,4.919348730033386e-40
0.007306803950529507,7.710425655632848e-17,4.508487836777603e-40
0.007511929493320969,7.246591708584409e-17,4.140698862159369e-40
0.007722813571388642,6.806739678353556e-17,3.811466480761378e-40
0.007939617845382276,6.389801682162582e-17,3.516748724590281e-40
0.008162508514287228,5.994752927322975e-17,3.252927359518787e-40
0.00839165644283016,5.6206099542246e-17,3.0167634639407658e-40
0.00862723729246145,5.266428953726474e-17,2.805357664273432e-40
0.008869431656014705,4.931304156048295e-17,2.6161145391135094e-40
0.00911842519614657,4.614366288376354e-17,2.446710755033182e-40
0.009374408787663,4.3147810985063433e-17,2.295066542815412e-40
0.009637578663841089,4.0317479419490694e-17,2.1593201639390917e-40
0.009908136566858666,3.7644984300231624e-17,2.0378050538361663e-40
0.010186289902446875,3.512295136551948e-17,1.929029361305865e-40
0.010472251898884344,3.2744303608694216e-17,1.8316576328890027e-40
0.010766241770454932,3.0502249449232894e-17,1.7444944173391606e-40
0.01106848488549412,2.8390271423416986e-17,1.666469588900919e-40
0.01137921293915315,2.640211537403654e-17,1.5966252092070744e-40
0.01169866413101307,2.453178011922916e-17,1.5341037664966912e-40
0.012027083347685121,2.2773507581199732e-17,1.478137647765208e-40
0.01236472235053715,2.11217733561812e-17,1.428039714594718e-40
0.012711839968690289,1.9571277707564666e-17,1.3831948669624035e-40
0.013068702297433463,1.811693696466591e-17,1.3430524914546949e-40
0.013435582902208263,1.675387531009013e-17,1.3071197011724971e-40
0.013812763028320095,1.5477416939127215e-17,1.2749552843325798e-40
0.014200531816536832,1.4283078575040248e-17,1.2461642872708148e-40
0.014599186524739786,1.3166562324519458e-17,1.2203931653415934e-40
0.015009032755797366,1.2123748857949427e-17,1.197325442179758e-40
0.015430384691835646,1.115069089949531e-17,1.1766778240326098e-40
0.015863565335085896,1.0243607012344374e-17,1.1581967214563733e-40
0.016308906755493326,9.398875664755992e-18,1.1416551356727567e-40
0.01676675034527699,8.613029562870501e-18,1.1268498713581035e-40
0.0172374470806362,7.882750236513395e-18,1.1135990416452281e-40
0.017721357790803586,7.2048628645084e-18,1.1017398347054942e-40
0.01821885343465167,6.5763313262812995e-18,1.0911265144900357e-40
0.018730315385064367,5.994253466804787e-18,1.081628631083773e-40
0.019256135721291985,5.4558565622002395e-18,1.0731294186991952e-40
0.019796717529513324,4.958492973584789e-18,1.0655243616404953e-40
0.020352475211835776,4.499635977029241e-18,1.0587199106307179e-40
0.020923834803969768,4.076875757782896e-18,1.0526323337405206e-40
0.021511234301821672,3.68791555722363e-18,1.0471866878095492e-40
0.02211512399725489,3.3305679613139088e-18,1.0423158977306375e-40
0.022735966823277175,3.0027513196838665e-18,1.0379599322911465e-40
0.02337423870891815,2.7024862848289075e-18,1.0340650664511087e-40
0.024030428944069697,2.4278924612997318e-18,1.0305832209988834e-40
0.024705040554568253,2.177185155183171e-18,1.0274713714748782e-40
0.025398590687807265,1.9486722146216152e-18,1.0246910191041697e-40
0.026111611009174595,1.740750952601049e-18,1.0222077172399794e-40
0.026844648109619625,1.5519051437512948e-18,1.019990647501331e-40
0.027598263924661803,1.3807020874494066e-18,1.0180122403981437e-40
0.028373036165162114,1.2257897300960888e-18,1.01624783578302e-40
0.02916955876018796,1.0858938400454514e-18,1.0146753789577586e-40
0.02998844231231028,9.598152293084656e-19,1.0132751487001673e-40
0.030830314565682772,8.464270168166791e-19,1.0120295138684233e-40
0.03169582088726115,7.446719287230095e-19,1.0109227155908859e-40
0.03258562476153226,6.535596319250941e-19,1.0099406723631208e-40
0.033500408299131326,5.721640977200558e-19,1.0090708056549154e-40
0.034440872759738235,4.996209932307127e-19,1.0083018838815977e-40
0.035407739089652696,4.351250989767806e-19,1.0076238828191661e-40
0.03640174847446141,3.7792775169244653e-19,1.0070278607443416e-40
0.03742366290721981,3.273343122070505e-19,1.0065058467611176e-40
0.03847426577258506,2.827016588996191e-19,1.0060507409369795e-40
0.039554362447347016,2.434357079030078e-19,1.005656225016598e-40
0.04066478091781858,2.0898896186027547e-19,1.005316682610321e-40
0.04180637241455758,1.7885808961671852e-19,1.005027127870735e-40
0.04298001206490798,1.5258153975696858e-19,1.0047831417743745e-40
0.04418659956385941,1.2973719136032052e-19,1.0045808152186231e-40
0.04542705986374043,1.09940045741351e-19,1.004416698227063e-40
0.04670234388327335,9.283996326087033e-20,1.004287754631073e-40
0.048013429236534504,7.811944952863593e-20,1.0041913216622098e-40
0.049361320982379164,6.549149547003762e-20,1.0041250739496707e-40
0.05074705239490466,5.469747579125468e-20,1.0040869914706814e-40
0.05217168575554349,4.550511034985828e-20,1.0040753310495908e-40
0.053636313167392397,3.770649282089022e-20,1.0040886010444168e-40
0.05514205739240302,3.111619084403117e-20,1.0041255388980637e-40
0.05669007271207434,2.556942154943572e-20,1.004185091265925e-40
0.058281545812308454,2.0920305993552256e-20,1.0042663964624862e-40
0.05991769669310619,1.704020559899696e-20,1.0043687689972493e-40
0.06159977960380169,1.3816143192911716e-20,1.0044916859951383e-40
0.06332908400455114,1.1149310686332744e-20,1.004634775318842e-40
0.06510693555481462,8.953664844091545e-21,1.004797805230512e-40
0.0669346971295866,7.1546119728228e-21,1.004980675448219e-40
0.0688137698641567,5.6877817164564495e-21,1.0051834094686434e-40
0.07074559422819879,4.497889507164945e-21,1.0054061480419843e-40
0.07273165113001454,3.537686588051025e-21,1.0056491436980823e-40
0.07477346305177587,2.7669959144739097e-21,1.0059127562344605e-40
0.07687259521663728,2.15183166561827e-21,1.0061974490875432e-40
0.07903065678861347,1.6635995674704235e-21,1.0065037865178307e-40
0.08124930210614047,1.278374752171824e-21,1.0068324315483801e-40
0.08353023195026779,9.762534645631974e-22,1.0071841446037262e-40
0.0858751948484517,7.407745806174998e-22,1.0075597828033784e-40
0.0882859884149515,5.584066284529447e-22,1.0079602998704335e-40
0.09076446072885357,4.180958028021469e-22,1.0083867466216244e-40
0.0933125117507825,3.108703382773325e-22,1.0088402720104078e-40
0.09593209477938242,2.2949655369457137e-22,1.0093221246995408e-40
0.09862521794868784,1.6818189550280717e-22,1.0098336551440058e-40
0.10139394576752918,1.2232038783571813e-22,1.010376318169229e-40
0.10424040070215568,8.827603336625178e-23,1.0109516760333103e-40
0.10716676480328632,6.31998954572278e-23,1.011561401965463e-40
0.11017528137883874,4.4876819797772426e-23,1.0122072841761464e-40
0.11326825671361537,3.159801411795433e-23,1.0128912303374067e-40
0.11644806183726866,2.2055988912608467e-23,1.01361527253485e-40
0.1197171343418967,1.525866181548805e-23,1.0143815726954015e-40
0.12307798025066646,1.0459735253855704e-23,1.0151924284976167e-40
0.1265331759388943,7.102763888012534e-24,1.0160502797738262e-40
0.13008537010905705,4.776628583675027e-24,1.0169577154158474e-40
0.13373728582124964,3.1804217645290074e-24,1.0179174807983426e-40
0.1374917225806419,2.0960205096675663e-24,1.0189324857362563e-40
0.14135155848353956,1.3668753526037626e-24,1.0200058129950574e-40
0.14531975242368952,8.817721281533661e-25,1.021140727374807e-40
0.14939934636052576,5.625301203785424e-25,1.022340685391356e-40
0.1535934676510897,3.547818026459496e-25,1.0236093455802997e-40
0.15790533144741759,2.2113801073743273e-25,1.0249505794516394e-40
0.1623382431612278,1.3617845944424223e-25,1.0263684831254871e-40
0.16689560099780248,8.282259021257322e-26,1.0278673896815791e-40
0.17158089856100048,4.973164772802814e-26,1.029451882257855e-40
0.1763977275314045,2.9471656879843006e-26,1.0311268079359372e-40
0.18134978041964955,1.7230725183629017e-26,1.0328972924540025e-40
0.18644085339704872,9.934934165778583e-27,1.034768755790285e-40
0.1916748492056815,5.647020595086402e-27,1.0367469286633351e-40
0.19705578015018002,3.1629508098481218e-27,1.0388378699981308e-40
0.2025877711735017,1.7450386410464174e-27,1.041047985410264e-40
0.20827506301905144,9.479229312939846e-28,1.0433840467636865e-40
0.21412201548157292,5.067654968582261e-28,1.0458532128609226e-40
0.220133110749303,2.665093288637664e-28,1.0484630513282332e-40
0.22631295683995295,1.3781263540757206e-28,1.0512215617619962e-40
0.2326662911331458,7.003758510427551e-29,1.0541372002065051e-40
0.23919798400202397,3.4964496127065213e-29,1.057218905037581e-40
0.2459130425468044,1.713799116863787e-29,1.0604761243307468e-40
0.25281661443315007,8.243383886411032e-30,1.063918844797356e-40
0.2599139918382933,3.8889670949380146e-30,1.0675576223769167e-40
0.2672106155079435,1.798497575810204e-30,1.071403614578997e-40
0.27471207892708116,8.14871948482465e-31,1.0754686146734995e-40
0.2824241326078436,3.615122846798121e-31,1.0797650878338093e-40
0.29035268849778134,1.5694741982612299e-31,1.0843062093433469e-40
0.29850382451187324,6.663751128007358e-32,1.089105904982415e-40
0.30688378919176423,2.765320384209595e-32,1.0941788937189477e-40
0.31549900649580886,1.1208700099149905e-32,1.0995407328338631e-40
0.32435608072358113,4.434670234197369e-33,1.105207865619213e-40
0.33346180157863625,1.711468170396113e-33,1.1111976717952278e-40
0.34282314937339703,6.43835005072924e-34,1.1175285208007244e-40
0.35244730038015837,2.359211876094071e-34,1.1242198281201623e-40
0.36234163233231503,8.41444540023446e-35,1.131292114819974e-40
0.372513730080021,2.9189108605903586e-35,1.1387670704766375e-40
0.3829713914046281,9.840435059299625e-36,1.1466676196893908e-40
0.3937226329963479,3.2214970484826963e-36,1.1550179923814731e-40
0.4047756965997322,1.0232769996447228e-36,1.1638437981054314e-40
0.41613905533167067,3.1510314735365245e-37,1.173172104580288e-40
0.4278214201767617,9.398488408912659e-38,1.1830315207013893e-40
0.4398317466650224,2.712814424732728e-38,1.1934522842774386e-40
0.4521792417370702,7.570753680866182e-39,1.2044663547637666e-40
0.4648733708020257,2.04081681388971e-39,1.216107511276173e-40
0.47792386499356,5.308748975533752e-40,1.2284114561859178e-40
0.4913407286296362,1.331279160990631e-40,1.2414159246135248e-40
0.5051342468816766,3.215053287298335e-41,1.2551608001571888e-40
0.5193149936590212,7.469475306197434e-42,1.269688237210668e-40
0.5338938397147355,1.667641845765272e-42,1.2850427902457952e-40
0.5488819609789671,3.573887489014979e-43,1.3012715504560598e-40
0.5642908471262537,7.343538590412817e-44,1.318424290180335e-40
0.5801323103833378,1.4450514214034595e-44,1.336553615549656e-40
0.5964184945842459,2.7198642982802806e-45,1.3557151278251865e-40
0.6131618844795775,4.8905193350313724e-46,1.375967593922185e-40
0.6303753153071274,8.389751661645578e-47,1.3973731266429146e-40
0.648071982631197,1.3713759754537019e-47,1.4199973751712801e-40
0.666265452458115,2.1329865139556142e-48,1.4439097264133755e-40
0.6849696716357446,3.15237677880141e-49,1.4691835178014642e-40
0.7041989785449289,4.42062687295465e-50,1.4958962622140122e-40
0.7239681140910877,5.873339959491598e-51,1.5241298857015969e-40
0.7442922330043759,7.382165847483462e-52,1.5539709787477535e-40
0.7651869154570825,8.76401670385159e-53,1.585511061835381e-40
0.7866681790071581,9.811777745293852e-54,1.6188468661331368e-40
0.8087524908770457,1.0341943284627556e-54,1.6540806301627004e-40
0.8314567805772064,1.02454563266172e-55,1.691320413356721e-40
0.8547984528840413,9.523120641360717e-57,1.73068042746914e-40
0.878795401182132,8.290276034516468e-58,1.7722813868542633e-40
0.9034660211810535,6.746857008847607e-59,1.816250878688892e-40
0.9288292250172498,5.123367238453575e-60,1.862723754272924e-40
0.9549044557518077,3.62315181925538e-61,1.9118425426085453e-40
0.9817117022752194,2.3813681253906027e-62,1.9637578875264008e-40
1.0092715146305717,1.4517205391507107e-63,2.0186290096993845e-40
1.0376050197669118,8.1910288544373e-65,2.0766241949610233e-40
1.066733937734857,4.2682470608933084e-66,2.137921310426081e-40
1.0966805983368675,2.049493440681086e-67,2.2027083499962812e-40
1.1274679582449472,9.047579513195076e-69,2.2711840109241796e-40
1.1591196185988857,3.663381879527238e-70,2.343558303203458e-40
1.1916598430985588,1.357194611683857e-71,2.4200531936546328e-40
1.2251135766041177,4.5891142349991794e-73,2.500903286681484e-40
1.2595064642583589,1.4126307767181996e-74,2.586356543786076e-40
1.2948648711459048,3.948175886712228e-76,2.6766750440490352e-40
1.3312159025043078,9.992063528206116e-78,2.7721357879075086e-40
1.3685874245025176,2.283465929028823e-79,2.8730315466957988e-40
1.4070080856026863,4.698620326846681e-81,2.979671760554285e-40
1.4465073385216471,8.679676178739313e-83,3.09238348746033e-40
1.4871154628089538,1.435089612199041e-84,3.2115124062919416e-40
1.5288635880587296,2.1171172274408322e-86,3.337423877000338e-40
1.571783717773161,2.7778659488980346e-88,3.4705040611430102e-40
1.6159087538959191,3.231091388983171e-90,3.6111611062138464e-40
1.661272522034293,3.320395003414565e-92,3.759826397402512e-40
1.7079097973894268,3.0041564478893336e-94,3.916955880622302e-40
1.7558563314144668,2.38448699562757e-96,4.083031460863899e-40
1.8051488792211101,1.6542865354890935e-98,4.258562480163844e-40
1.8558252277555187,9.993757561120172e-101,4.444087279720396e-40
1.907924224765265,5.236752468807939e-103,4.6401748509479255e-40
1.9614858085794296,2.3706964246825927e-105,4.847426580533191e-40
2.0165510387247485,9.233945626383112e-108,5.066478094845724e-40
2.0731621274012313,3.081505151401174e-110,5.2980012093587976e-40
2.1313624718414372,8.772391035420529e-113,5.542705989059958e-40
2.1911966875781475,2.1208743410949357e-115,5.80134292616998e-40
2.2527106426459826,4.3347269028022865e-118,6.074705241849344e-40
2.3159514927431544,7.4543614338431965e-121,6.363631318951255e-40
2.3809677173803583,1.0733852291609674e-123,6.6690072732825724e-40
2.44780915704444,1.2877533895223173e-126,6.991769671258109e-40
2.516527051405389,1.280608548695336e-129,7.332908402283495e-40
2.5871740785959236,1.050071610890968e-132,7.693469714675861e-40
2.6598043955937585,7.061358421892805e-136,8.074559424433195e-40
2.73447367973758,3.872633311035248e-139,8.47734630669381e-40
2.8112391714084612,1.722214975510937e-142,8.903065680286768e-40
2.8901597179095115,6.174126220989566e-146,9.35302319636728e-40
2.9712958185773344,1.773549651495526e-149,9.82859884275613e-40
3.054709671159968,4.0568569113421555e-153,1.0331251176264754e-39
3.1404652194967486,7.342390431488841e-157,1.086252179598551e-39
3.2286282025367337,1.0445559277721789e-160,1.1424040071266927e-39
3.31926620473319,1.1602116055676423e-164,1.2017528138873901e-39
3.412448707852889,9.991632265157926e-169,1.264480618465935e-39
3.5082471442397885,6.624103961628919e-173,1.3307798025945138e-39
3.6067349515740315,3.355984464244365e-177,1.400853701173355e-39
3.7079876291681724,1.289543372692669e-181,1.474917225884442e-39
3.812082795843888,3.729101752371241e-186,1.5531975243104444e-39
3.919100249433402,8.05117386677563e-191,1.635934676580241e-39
4.0291220279513515,1.2871762068283355e-195,1.7233824316776755e-39
4.142232472483898,1.5110461914535357e-200,1.8158089856716854e-39
4.258518291843414,1.2912570368876278e-205,1.9134978042546777e-39
4.378068629038166,7.961070205461304e-211,2.0167484921117062e-39
4.500975129608042,3.508923361705724e-216,2.125877711786811e-39
4.627332011878693,1.0952875186569695e-221,2.241220154864614e-39
4.7572361391878895,2.3978803008262688e-227,2.3631295684456686e-39
4.89078709413959,3.645416448945222e-233,2.4919798400637916e-39
5.028087254942474,3.8092621077142622e-239,2.6281661443726135e-39
5.169241873891604,2.7073074228301703e-245,2.7721061551182623e-39
5.314359158053241,1.2946069311477942e-251,2.924241326115097e-39
5.463550352214876,4.119178560426447e-258,3.0850382451533515e-39
5.616929824163804,8.621616793643806e-265,3.254990064990782e-39
5.774615152359826,1.173183246284958e-271,3.434618015817257e-39
5.9367272160691265,1.0253976277061935e-278,3.6244730038307656e-39
6.1033902880286215,5.685530416933892e-286,3.825137300827775e-39
6.274732129711574,1.9744824547594277e-293,4.037226329989518e-39
6.450884089267699,4.238720747706785e-301,4.2613905533413235e-39
6.631981202212676,5.549464140705463e-309,4.4983174666734815e-39
6.818162294944479,4.369914e-317,4.74873370804223e-39
7.009570091165617,0.0,5.013407286317122e-39
7.206351321293045,0.0,5.293149936609829e-39
7.408656834939568,0.0,5.5888196098082285e-39
7.616641716552891,0.0,5.901323103850912e-39
7.830465404301183,0.0,6.231618844812344e-39
8.050291812295972,0.0,6.580719826327625e-39
8.276289456246351,0.0,6.949696716372264e-39
8.50863158264058,0.0,7.339681140924879e-39
8.747496301554415,0.0,7.751869154584056e-39
8.993066723187614,0.0,8.187524908782956e-39
9.24553109823358,0.0,8.647984528852257e-39
9.50508296218951,0.0,9.134660211821719e-39
9.771921283717996,0.0,9.649044557528657e-39
10.046250617173403,0.0,1.0192715146315703e-38
10.328281259410295,0.0,1.0767339377358053e-38
10.618229410993846,0.0,1.137467958245842e-38
10.916317341936146,0.0,1.2016598430994046e-38
11.22277356208507,0.0,1.2695064642591563e-38
11.537832996296597,0.0,1.3412159025050616e-38
11.861737164524792,0.0,1.4170080856034022e-38
12.194734366967383,0.0,1.4971154628096306e-38
12.537079874409196,0.0,1.5817837177738012e-38
12.889036123908916,0.0,1.6712725220348954e-38
13.250872919979539,0.0,1.7658563314150434e-38
13.622867641416468,0.0,1.8658252277560604e-38
14.005305453932197,0.0,1.9714858085799417e-38
14.398479528760065,0.0,2.0831621274017113e-38
14.802691267395101,0.0,2.20119668757861e-38
15.21825053264387,0.0,2.325951492743588e-38
15.645475886160959,0.0,2.457809157044851e-38
16.08469483265355,0.0,2.5971740785963067e-38
16.536244070941823,0.0,2.744473679737953e-38
17.00046975206718,0.0,2.900159717909858e-38
17.47772774464681,0.0,3.064709671160297e-38
17.968383907677193,0.0,3.2386282025370373e-38
18.472814370996357,0.0,3.422448707853189e-38
18.991405823619353,0.0,3.6167349515743086e-38
19.524555810168607,0.0,3.82208279584415e-38
20.072673035625684,0.0,4.0391220279515925e-38
20.636177678638564,0.0,4.2685182918436395e-38
21.215501713624523,0.0,4.510975129608273e-38
21.811089241915198,0.0,4.7672361391881e-38
22.42339683219845,0.0,5.038087254942673e-38
23.05289387051706,0.0,5.324359158053418e-38
23.700062920093306,0.0,5.626929824163994e-38
24.36540009125466,0.0,5.946727216069294e-38
25.049415421745024,0.0,6.284732129711733e-38
25.752633267711985,0.0,6.641981202212811e-38
26.475592705670692,0.0,7.019570091165775e-38
27.218847945751794,0.0,7.418656834939701e-38
27.982968756551156,0.0,7.840465404301308e-38
28.76854090190591,0.0,8.286289456246455e-38
29.576166589932566,0.0,8.757496301554548e-38
30.406464934670684,0.0,9.255531098233688e-38
31.260072430687035,0.0,9.781921283718098e-38
32.13764344100276,0.0,1.033828125941037e-37
33.039850698718546,0.0,1.0926317341936214e-37
33.96738582272209,0.0,1.1547832996296704e-37
34.920959847872716,0.0,1.2204734366967465e-37
35.90130377007068,0.0,1.2899036123908989e-37
36.90916910662774,0.0,1.3632867641416509e-37
37.94532847236942,0.0,1.440847952876016e-37
39.01057617190993,0.0,1.5228250532643933e-37
40.10572880855496,0.0,1.609469483265361e-37
41.23162591029748,0.0,1.7010469752067202e-37
42.38913057338783,0.0,1.7978383907677285e-37
43.579130123970295,0.0,1.90014058236194e-37
44.802536798294895,0.0,2.008267303562573e-37
46.06028844202398,0.0,2.1225501713624525e-37
47.35334922917121,0.0,2.243339683219854e-37
48.68271040122284,0.0,2.3710062920093347e-37
50.049391027009534,0.0,2.505941542174506e-37
51.45443878390924,0.0,2.648559270567067e-37
52.89893076098146,0.0,2.799296875655114e-37
54.38397428464801,0.0,2.9586166589932593e-37
55.91070776755293,0.0,3.127007243068706e-37
57.48030158125351,0.0,3.304985069871857e-37
59.09395895340965,0.0,3.493095984787267e-37
60.75291689016077,0.0,3.6919169106627835e-37
62.45844712439618,0.0,3.902057617190995e-37
64.21185709064758,0.0,4.12416259102975e-37
66.01449092734883,0.0,4.3589130123970226e-37
67.86773050723302,0.0,4.607028844202409e-37
69.77299649665537,0.0,4.869271040122284e-37
71.73174944465613,0.0,5.146443878390927e-37
73.74549090259546,0.0,5.439397428464792e-37
75.81576457522118,0.0,5.7490301581253635e-37
77.9441575040495,0.0,6.0762916890160765e-37
80.13230128396886,0.0,6.422185709064758e-37
82.38187331399601,0.0,6.787773050723289e-37
84.69459808314593,0.0,7.174174944465628e-37
87.07224849239921,0.0,7.582576457522117e-37
89.516647213783,0.0,8.014230128396886e-37
92.02966808760411,0.0,8.470459808314579e-37
94.6132375589076,0.0,8.952664721378285e-37
97.2693361542618,0.0,9.46232375589078e-37
100.0,0.0,1.0001e-36
