Multipole Moment (l),White Hole Detection Ratio
10.0,2.029438974409492e-05
15.991983967935873,0.00010299774373639554
21.983967935871746,0.0003530168664204486
27.975951903807616,0.0009833612944578228
33.96793587174349,0.0024010782337355995
39.95991983967936,0.0053399661082118586
45.95190380761523,0.011059595111247903
51.943887775551104,0.021631080001932552
57.93587174348698,0.040329983708482724
63.92785571142285,0.07215280106425039
69.91983967935872,0.12446390885674702
75.9118236472946,0.20776295709933668
81.90380761523046,0.33653713503235466
87.89579158316634,0.5301281905805294
93.88777555110221,0.8135015252706321
99.87975951903809,1.2177569771331227
105.87174348697395,1.7801730418704864
111.86372745490982,2.5435355678012543
117.8557114228457,3.5544780286490756
123.84769539078157,4.860565371036424
129.83967935871743,6.505901892300104
135.8316633266533,8.525153641976075
141.8236472945892,10.936069089839897
147.81563126252507,13.730881955299882
153.80761523046093,16.867405811969633
159.7995991983968,20.261176769911412
165.79158316633269,23.780605573699894
171.78356713426854,27.247594222309058
177.77555110220442,30.44613905639905
183.7675350701403,33.14065100353261
189.75951903807618,35.10371087955827
195.75150300601203,36.149813195626606
201.7434869739479,36.16822520038826
207.7354709418838,35.14610284753609
213.72745490981964,33.17419280867506
219.71943887775552,30.432214983205206
225.7114228456914,27.157605034697575
231.70340681362728,23.60654066036308
237.69539078156313,20.017583578559215
243.687374749499,16.58565546878237
249.6793587174349,13.449369727550968
255.67134268537075,10.69041868520273
261.6633266533066,8.341253437467872
267.6553106212425,6.396823647531318
273.6472945891784,4.826968620046808
279.63927855711427,3.587333339029909
285.63126252505015,2.627853297378932
291.62324649298597,1.8986705267440351
297.61523046092185,1.35379846577275
303.60721442885773,0.9530344443210021
309.5991983967936,0.6626314542782141
315.5911823647295,0.45517005612067696
321.58316633266537,0.30897171580497157
327.57515030060125,0.2072968666760313
333.5671342685371,0.13748816795715674
339.55911823647295,0.09015569111996966
345.55110220440883,0.05845509722249454
351.5430861723447,0.03747923782245825
357.5350701402806,0.02376452173310034
363.5270541082165,0.014902620837167703
369.51903807615236,0.00924298485801931
375.5110220440882,0.005670155289051349
381.50300601202406,0.0034405265196389948
387.49498997995994,0.00206497026271193
393.4869739478958,0.0012259459725648106
399.4789579158317,0.0007199553621355688
405.4709418837676,0.00041823777410673484
411.46292585170346,0.00024034219098210507
417.4549098196393,0.00013662512684811895
423.44689378757516,7.682966013973798e-05
429.43887775551104,4.2739394363282636e-05
435.4308617234469,2.3519699001706265e-05
441.4228456913828,1.2803876953427852e-05
447.4148296593187,6.895402000869567e-06
453.40681362725456,3.673565437856087e-06
459.3987975951904,1.9360988629011155e-06
465.39078156312627,1.0094390254749308e-06
471.38276553106215,5.206507895405644e-07
477.374749498998,2.656609758039801e-07
483.3667334669339,1.3409869953237864e-07
489.3587174348698,6.696341652063533e-08
495.35070140280567,3.308014782022253e-08
501.3426853707415,1.616644616966052e-08
507.3346693386774,7.815906696490754e-09
513.3266533066133,3.738197126298763e-09
519.3186372745491,1.7687373298303942e-09
525.310621242485,8.279098018384323e-10
531.3026052104209,3.833729176458001e-10
537.2945891783568,1.7562191119345618e-10
543.2865731462927,7.958934507758236e-11
549.2785571142285,3.568208205174623e-11
555.2705410821644,1.5825757013082606e-11
561.2625250501003,6.943810124430302e-12
567.2545090180361,3.0140480372497283e-12
573.2464929859719,1.2942596359784962e-12
579.2384769539078,5.49808468289838e-13
585.2304609218437,2.310574932506613e-13
591.2224448897796,9.606099828461081e-14
597.2144288577155,3.950865830232827e-14
603.2064128256513,1.607515997290465e-14
609.1983967935872,6.470469441754575e-15
615.1903807615231,2.5765187284632316e-15
621.182364729459,1.0149562625235484e-15
627.1743486973949,3.955280237096307e-16
633.1663326653307,1.5248333947110042e-16
639.1583166332666,5.815431080081774e-17
645.1503006012025,2.1940921248913356e-17
651.1422845691383,8.18917434377693e-18
657.1342685370741,3.0236839178886925e-18
663.12625250501,1.1044400884931768e-18
669.1182364729459,3.9907604830198123e-19
675.1102204408818,1.4265100059324956e-19
681.1022044088177,5.044257086783891e-20
687.0941883767536,1.7644931888472253e-20
693.0861723446894,6.1057608891792904e-21
699.0781563126253,2.0900307927874158e-21
705.0701402805612,7.07707831957367e-22
711.0621242484971,2.370490559878893e-22
717.054108216433,7.854143514695286e-23
723.0460921843688,2.5741155797849782e-23
729.0380761523047,8.344813139358234e-24
735.0300601202405,2.6757992189973663e-24
741.0220440881764,8.486440666251395e-25
747.0140280561122,2.6620548344457525e-25
753.0060120240481,8.258645647628417e-26
758.997995991984,2.5338349102061504e-26
764.9899799599199,7.687728462870294e-27
770.9819639278558,2.3064016854292516e-27
776.9739478957916,6.841465878887176e-28
782.9659318637275,2.0062844569649806e-28
788.9579158316634,5.815763513831374e-29
794.9498997995993,1.6661782255325163e-29
800.9418837675352,4.716844837924966e-30
806.933867735471,1.319150869038131e-30
812.9258517034069,3.643563862525167e-31
818.9178356713428,9.935706179893453e-32
824.9098196392786,2.6738296398105174e-32
830.9018036072144,7.097735581925813e-33
836.8937875751503,1.8574071631136237e-33
842.8857715430862,4.788541841290148e-34
848.8777555110221,1.215263408804453e-34
854.869739478958,3.0333597417434606e-35
860.8617234468938,7.439339842166046e-36
866.8537074148297,1.790745722465569e-36
872.8456913827656,4.225982134429871e-37
878.8376753507015,9.765887394562736e-38
884.8296593186374,2.2074812047892346e-38
890.8216432865732,4.87570895894985e-39
896.8136272545091,1.0513847095701988e-39
902.805611222445,2.212063214994944e-40
908.7975951903808,4.539376980515198e-41
914.7895791583167,9.085328128471734e-42
920.7815631262525,1.7739553729853846e-42
926.7735470941884,3.3808737967238373e-43
932.7655310621243,6.293849170416673e-44
938.7575150300602,1.14546868589173e-44
944.749498997996,2.0400472624079495e-45
950.7414829659319,3.558803392371248e-46
956.7334669338678,6.086623806230338e-47
962.7254509018037,1.0214809812522449e-47
968.7174348697396,1.6834496638113274e-48
974.7094188376755,2.7263325550459687e-49
980.7014028056113,4.3412733790460905e-50
986.6933867735472,6.800267784799336e-51
992.685370741483,1.048287283740237e-51
998.6773547094189,1.590827707794313e-52
1004.6693386773547,2.3772254657639085e-53
1010.6613226452906,3.498766509017342e-54
1016.6533066132265,5.072603203779503e-55
1022.6452905811624,7.245638071762978e-56
1028.6372745490983,1.0197603419687307e-56
1034.629258517034,1.4142663436769676e-57
1040.62124248497,1.9328750508329875e-58
1046.6132264529058,2.6033791187263035e-59
1052.6052104208418,3.4558012085054625e-60
1058.5971943887776,4.521167227209185e-61
1064.5891783567135,5.829786834594597e-62
1070.5811623246493,7.409050707279899e-63
1076.5731462925853,9.280812196679831e-64
1082.565130260521,1.1458488100979555e-64
1088.557114228457,1.3944082202661928e-65
1094.5490981963928,1.6725396595312745e-66
1100.5410821643288,1.9773738921012776e-67
1106.5330661322646,2.304244796229672e-68
1112.5250501002006,2.6466537155962156e-69
1118.5170340681364,2.996369107376202e-70
1124.5090180360721,3.3436744847943607e-71
1130.5010020040081,3.677763841167675e-72
1136.4929859719439,3.987268002043356e-73
1142.4849699398799,4.260879548763302e-74
1148.4769539078156,4.488030209695489e-75
1154.4689378757516,4.6595649797924066e-76
1160.4609218436874,4.76835335611061e-77
1166.4529058116234,4.809780910050379e-78
1172.4448897795592,4.782073988690254e-79
1178.4368737474952,4.686425708759083e-80
1184.428857715431,4.526910772288125e-81
1190.420841683367,4.3101975778548274e-82
1196.4128256513027,4.045085967465624e-83
1202.4048096192387,3.7419152453246397e-84
1208.3967935871744,3.4118978869776983e-85
1214.3887775551102,3.0664385097595808e-86
1220.3807615230462,2.7164950458275485e-87
1226.372745490982,2.3720304288777723e-88
1232.364729458918,2.0415900109138586e-89
1238.3567134268537,1.7320243680645905e-90
1244.3486973947897,1.448361264290022e-91
1250.3406813627255,1.193816252177872e-92
1256.3326653306615,9.69920180692535e-94
1262.3246492985973,7.767346237673618e-95
1268.3166332665332,6.131231697345532e-96
1274.308617234469,4.770472723136556e-97
1280.300601202405,3.658591812337782e-98
1286.2925851703408,2.7657032241630968e-99
1292.2845691382765,2.0608030650144608e-100
1298.2765531062125,1.513585375933747e-101
1304.2685370741483,1.095764143775526e-102
1310.2605210420843,7.819287651017685e-104
1316.25250501002,5.499933604928328e-105
1322.244488977956,3.813186630299774e-106
1328.2364729458918,2.6059089541934986e-107
1334.2284569138278,1.7553801258769716e-108
1340.2204408817636,1.1655316634106524e-109
1346.2124248496996,7.628130799025833e-111
1352.2044088176353,4.921001923012913e-112
1358.1963927855713,3.129179503941021e-113
1364.188376753507,1.9613231100603843e-114
1370.180360721443,1.2117407856001682e-115
1376.1723446893789,7.379253002922764e-117
1382.1643286573146,4.429526970593009e-118
1388.1563126252506,2.620865614867686e-119
1394.1482965931864,1.5285328773783939e-120
1400.1402805611224,8.787141464085302e-122
1406.1322645290581,4.979244191950877e-123
1412.1242484969941,2.7811369521493537e-124
1418.11623246493,1.531174314227357e-125
1424.108216432866,8.309413462865184e-127
1430.1002004008017,4.444876930655141e-128
1436.0921843687377,2.343650839115932e-129
1442.0841683366734,1.218063800214134e-130
1448.0761523046094,6.240096075081818e-132
1454.0681362725452,3.1510608101582738e-133
1460.060120240481,1.568435681131944e-134
1466.052104208417,7.695223097632944e-136
1472.0440881763527,3.72152069386473e-137
1478.0360721442887,1.7740445840883903e-138
1484.0280561122245,8.335921882711245e-140
1490.0200400801605,3.860894196075451e-141
1496.0120240480962,1.762655599090202e-142
1502.0040080160322,7.932178340315185e-144
1507.995991983968,3.518544550959607e-145
1513.987975951904,1.538435720314275e-146
1519.9799599198398,6.630427147218919e-148
1525.9719438877758,2.8167587081006284e-149
1531.9639278557115,1.1795161768923602e-150
1537.9559118236475,4.8686034893600204e-152
1543.9478957915833,1.980848624329685e-153
1549.939879759519,7.944099512854475e-155
1555.931863727455,3.1403980205291535e-156
1561.9238476953908,1.2236901675145101e-157
1567.9158316633268,4.700078652387472e-159
1573.9078156312626,1.779449970646084e-160
1579.8997995991986,6.640695413236276e-162
1585.8917835671343,2.442803766685577e-163
1591.8837675350703,8.85749589874885e-165
1597.875751503006,3.165780606565645e-166
1603.867735470942,1.1153168392112395e-167
1609.8597194388778,3.873141902395508e-169
1615.8517034068138,1.3257949953832462e-170
1621.8436873747496,4.4733952296098396e-172
1627.8356713426856,1.4878056506194905e-173
1633.8276553106214,4.8775674609992974e-175
1639.8196392785571,1.5761901926180562e-176
1645.8116232464931,5.020677420018576e-178
1651.803607214429,1.576392948782416e-179
1657.795591182365,4.878824766209461e-181
1663.7875751503007,1.4883827577386544e-182
1669.7795591182366,4.4757190498380084e-184
1675.7715430861724,1.3266607524047709e-185
1681.7635270541084,3.8761977261005684e-187
1687.7555110220442,1.1163517034654353e-188
1693.7474949899802,3.169168494670928e-190
1699.739478957916,8.868269662196543e-192
1705.731462925852,2.4461428581570306e-193
1711.7234468937877,6.6508048318950554e-195
1717.7154308617235,1.7824450268696552e-196
1723.7074148296595,4.708772755994815e-198
1729.6993987975952,1.2261654027091212e-199
1735.6913827655312,3.1473150108660992e-201
1741.683366733467,7.963083819728213e-203
1747.675350701403,1.985968560845819e-204
1753.6673346693387,4.8821772961860554e-206
1759.6593186372747,1.1830549236860301e-207
1765.6513026052105,2.8258332894828e-209
1771.6432865731465,6.653321671262131e-211
1777.6352705410823,1.5441196289841967e-212
1783.6272545090183,3.5324326396075757e-214
1789.619238476954,7.965580653254558e-216
1795.61122244489,1.7705641916495819e-217
1801.6032064128258,3.879329618121131e-219
1807.5951903807616,8.378234971491059e-221
1813.5871743486975,1.7836076158899285e-222
1819.5791583166333,3.742804186962392e-224
1825.5711422845693,7.741871877129435e-226
1831.563126252505,1.5785051916481414e-227
1837.555110220441,3.1724682736040613e-229
1843.5470941883768,6.284921742967712e-231
1849.5390781563128,1.2273088049831401e-232
1855.5310621242486,2.362431846321641e-234
1861.5230460921846,4.482458354300357e-236
1867.5150300601204,8.383489936879246e-238
1873.5070140280563,1.545557306952223e-239
1879.498997995992,2.8086468161790864e-241
1885.4909819639279,5.031077089769073e-243
1891.4829659318639,8.883348632871421e-245
1897.4749498997996,1.5461242932801628e-246
1903.4669338677356,2.6525533827490176e-248
1909.4589178356714,4.485759248335792e-250
1915.4509018036074,7.477560860036176e-252
1921.4428857715432,1.2286726339796814e-253
1927.4348697394792,1.9900533269629365e-255
1933.426853707415,3.177207715382036e-257
1939.418837675351,5.000102797363111e-259
1945.4108216432867,7.756481346856622e-261
1951.4028056112227,1.1860503613484162e-262
1957.3947895791584,1.787697898096295e-264
1963.3867735470944,2.6560595816517627e-266
1969.3787575150302,3.889862434984553e-268
1975.370741482966,5.61543597714058e-270
1981.362725450902,7.990713983617621e-272
1987.3547094188377,1.120832255597625e-273
1993.3466933867737,1.5497036075837165e-275
1999.3386773547095,2.1120768445990656e-277
2005.3306613226455,2.8374217476921456e-279
2011.3226452905812,3.757432917339611e-281
2017.3146292585172,4.90469268487088e-283
2023.306613226453,6.310817854089234e-285
2029.298597194389,8.004105909277185e-287
2035.2905811623248,1.0006758066105496e-288
2041.2825651302608,1.2331826942261095e-290
2047.2745490981965,1.4980108061070747e-292
2053.2665330661325,1.7937256928800445e-294
2059.258517034068,2.1171455876410746e-296
2065.250501002004,2.463196645460349e-298
2071.24248496994,2.8248875480509213e-300
2077.234468937876,3.1934271705448973e-302
2083.2264529058116,3.5584977219418065e-304
2089.2184368737476,3.9086811426232594e-306
2095.2104208416836,4.232020505350761e-308
2101.2024048096196,4.5166095840962e-310
2107.194388777555,4.761066809513e-312
2113.186372745491,4.125743891e-314
2119.178356713427,0.0
2125.170340681363,0.0
2131.1623246492986,0.0
2137.1543086172346,0.0
2143.1462925851706,0.0
2149.138276553106,0.0
2155.130260521042,0.0
2161.122244488978,0.0
2167.114228456914,0.0
2173.1062124248497,0.0
2179.0981963927857,0.0
2185.0901803607217,0.0
2191.0821643286577,0.0
2197.074148296593,0.0
2203.066132264529,0.0
2209.058116232465,0.0
2215.050100200401,0.0
2221.0420841683367,0.0
2227.0340681362727,0.0
2233.0260521042087,0.0
2239.0180360721442,0.0
2245.0100200400802,0.0
2251.0020040080162,0.0
2256.993987975952,0.0
2262.9859719438878,0.0
2268.9779559118238,0.0
2274.9699398797597,0.0
2280.9619238476957,0.0
2286.9539078156313,0.0
2292.9458917835673,0.0
2298.9378757515033,0.0
2304.9298597194393,0.0
2310.921843687375,0.0
2316.913827655311,0.0
2322.905811623247,0.0
2328.8977955911823,0.0
2334.8897795591183,0.0
2340.8817635270543,0.0
2346.8737474949903,0.0
2352.865731462926,0.0
2358.857715430862,0.0
2364.849699398798,0.0
2370.841683366734,0.0
2376.8336673346694,0.0
2382.8256513026054,0.0
2388.8176352705414,0.0
2394.8096192384774,0.0
2400.801603206413,0.0
2406.793587174349,0.0
2412.785571142285,0.0
2418.7775551102204,0.0
2424.7695390781564,0.0
2430.7615230460924,0.0
2436.7535070140284,0.0
2442.745490981964,0.0
2448.7374749499,0.0
2454.729458917836,0.0
2460.721442885772,0.0
2466.7134268537075,0.0
2472.7054108216435,0.0
2478.6973947895794,0.0
2484.689378757515,0.0
2490.681362725451,0.0
2496.673346693387,0.0
2502.665330661323,0.0
2508.6573146292585,0.0
2514.6492985971945,0.0
2520.6412825651305,0.0
2526.6332665330665,0.0
2532.625250501002,0.0
2538.617234468938,0.0
2544.609218436874,0.0
2550.60120240481,0.0
2556.5931863727455,0.0
2562.5851703406815,0.0
2568.5771543086175,0.0
2574.569138276553,0.0
2580.561122244489,0.0
2586.553106212425,0.0
2592.545090180361,0.0
2598.5370741482966,0.0
2604.5290581162326,0.0
2610.5210420841686,0.0
2616.5130260521046,0.0
2622.50501002004,0.0
2628.496993987976,0.0
2634.488977955912,0.0
2640.480961923848,0.0
2646.4729458917836,0.0
2652.4649298597196,0.0
2658.4569138276556,0.0
2664.448897795591,0.0
2670.440881763527,0.0
2676.432865731463,0.0
2682.424849699399,0.0
2688.4168336673347,0.0
2694.4088176352707,0.0
2700.4008016032067,0.0
2706.3927855711427,0.0
2712.384769539078,0.0
2718.376753507014,0.0
2724.36873747495,0.0
2730.360721442886,0.0
2736.3527054108217,0.0
2742.3446893787577,0.0
2748.3366733466937,0.0
2754.3286573146293,0.0
2760.3206412825652,0.0
2766.3126252505012,0.0
2772.3046092184372,0.0
2778.296593186373,0.0
2784.2885771543088,0.0
2790.2805611222448,0.0
2796.2725450901808,0.0
2802.2645290581163,0.0
2808.2565130260523,0.0
2814.2484969939883,0.0
2820.2404809619243,0.0
2826.23246492986,0.0
2832.224448897796,0.0
2838.216432865732,0.0
2844.2084168336673,0.0
2850.2004008016033,0.0
2856.1923847695393,0.0
2862.1843687374753,0.0
2868.176352705411,0.0
2874.168336673347,0.0
2880.160320641283,0.0
2886.152304609219,0.0
2892.1442885771544,0.0
2898.1362725450904,0.0
2904.1282565130264,0.0
2910.120240480962,0.0
2916.112224448898,0.0
2922.104208416834,0.0
2928.09619238477,0.0
2934.0881763527054,0.0
2940.0801603206414,0.0
2946.0721442885774,0.0
2952.0641282565134,0.0
2958.056112224449,0.0
2964.048096192385,0.0
2970.040080160321,0.0
2976.032064128257,0.0
2982.0240480961925,0.0
2988.0160320641285,0.0
2994.0080160320645,0.0
3000.0,0.0
