Multipole Moment (l),CMB-S4 SNR,LiteBIRD SNR,Simons Observatory SNR
10.0,0.014694709815780714,0.02447486101222587,0.018360516790404808
15.991983967935873,0.023059880975450652,0.038392181988397764,0.028805102278106145
21.983967935871746,0.03567105606052237,0.059364691547678386,0.044546829608803074
27.975951903807616,0.0543923385582513,0.0904849798952276,0.06790895361265746
33.96793587174349,0.08175651192230526,0.13595263565778506,0.10204697492821764
39.95991983967936,0.1211350536367713,0.20135463326583514,0.15115972394693156
45.95190380761523,0.17692132212091388,0.2939669333667579,0.220716552393469
51.943887775551104,0.254714327852891,0.42305632751579375,0.3176849025120778
57.93587174348698,0.36148429395357756,0.6001513216049517,0.45073481767761997
63.92785571142285,0.5056946378265792,0.8392400427109847,0.6303888118156635
69.91983967935872,0.6973489050179844,1.1568431683189633,0.8690779772087298
75.9118236472946,0.9479267012289717,1.5719026057024892,1.1810597023973632
81.90380761523046,1.270171163049431,2.1054243438994793,1.5821505886173044
87.89579158316634,1.6776934124232947,2.779818910745841,2.089231865707597
93.88777555110221,2.1843680140210737,3.617897250374436,2.719495371142315
99.87975951903809,2.803508494581049,4.641504872844111,3.489416941415733
105.87174348697395,3.546833508865673,5.86981280754522,4.413470877674819
111.86372745490982,4.42326122134157,7.317328474389522,5.502632689188063
117.8557114228457,5.437599684094245,8.991739344942612,6.762754795744895
123.84769539078157,6.589231016495323,10.891751536486776,8.192937029105195
129.83967935871743,7.870912692515735,13.005127099024326,9.784045222168057
135.8316633266533,9.267835457663976,15.307149887405444,11.517551012115504
141.8236472945892,10.75707986242732,17.759753244864683,13.364868690343753
147.81563126252507,12.307598771813145,20.311517837421977,15.287346401581459
153.80761523046093,13.88082008832773,22.898692669382903,17.237027539753186
159.7995991983968,15.43191346851235,25.447308613121155,19.158235307924162
165.79158316633269,16.911701019444127,27.876348406068438,20.989954121886157
171.78356713426854,18.26912147683055,30.101821041169863,22.668894129784253
177.77555110220442,19.454088784084885,32.04147600118718,24.133040275195253
183.7675350701403,20.42052870730644,33.61979931686929,25.325416693852937
189.75951903807618,21.129339898016294,34.772873311468345,26.19775163433205
195.75150300601203,21.551015306158256,35.45266594031711,26.713715712333535
201.7434869739479,21.66767934158927,35.63034908050141,26.85143114033295
207.7354709418838,21.474344849015655,35.29832640393843,26.605010490443945
213.72745490981964,20.979266738516355,34.47077207118396,25.984974187654736
219.71943887775552,20.203357332468645,33.182627017221044,25.017505481975785
225.7114228456914,19.17872112574195,31.48715186478253,23.74261641517868
231.70340681362728,17.946452005949947,29.4522752606585,22.211403782167594
237.69539078156313,16.55390346014185,27.15608637177182,20.482657215933
243.687374749499,15.051684035073059,24.681887615824238,18.619132622144082
249.6793587174349,13.490642278319559,22.113241980242744,16.683818338261066
255.67134268537075,11.919087793879344,19.529419070199292,14.736498967831134
261.6633266533066,10.380452117877866,17.001572425797434,12.83086815259691
267.6553106212425,8.911532164061725,14.589879787760658,11.012365702492053
273.6472945891784,7.541389066123356,12.34176281647639,9.316827758006594
279.63927855711427,6.290905677035172,10.291188589436494,7.769952553279682
285.63126252505015,5.172944976207967,8.458955425526398,6.387509007652826
291.62324649298597,4.193005217687094,6.853790018011142,5.176158220049022
297.61523046092185,3.3502391191841316,5.474036785042246,4.134722991325134
303.60721442885773,2.638694224812617,4.3097044375429485,3.255728292917087
309.5991983967936,2.0486378217015737,3.3446457119975572,2.5270436692185445
315.5911823647295,1.567848752490069,2.5586778750216745,1.9334822916699879
321.58316633266537,1.1827855273424623,1.9294963667677492,1.4582450448083393
327.57515030060125,0.8795705859039213,1.4342840706444833,1.0841357817947421
333.5671342685371,0.6447602452492827,1.0509673972659284,0.7945106192890672
339.55911823647295,0.46589565989129567,0.7591125491171609,0.5739559900066641
345.55110220440883,0.3318500873569626,0.5404878763826003,0.4087147750281411
351.5430861723447,0.23300115104884683,0.37933996629271444,0.286896296070218
357.5350701402806,0.1612638616611997,0.2624424626745607,0.19851457745839463
363.5270541082165,0.11002183973348946,0.1789791602614216,0.1354012658690146
369.51903807615236,0.07399180277176098,0.1203188539261515,0.09103657372370172
375.5110220440882,0.049051373593374206,0.07973110177072637,0.060335364716169175
381.50300601202406,0.03205395307584278,0.05208164621191886,0.03941765999660225
387.49498997995994,0.020647852007946138,0.033535477873576996,0.025384732691871234
393.4869739478958,0.013110855151721024,0.02128566163681012,0.016114513869421657
399.4789579158317,0.008206349676969475,0.013317805492230553,0.010083810631174887
405.4709418837676,0.005063279204713472,0.008213741671093703,0.006220066280993331
411.46292585170346,0.0030794743625893193,0.004993582974011907,0.003782058154780354
417.4549098196393,0.0018462230461782341,0.0029925840710549167,0.0022668576609277875
423.44689378757516,0.0010910749919571308,0.001767841431689397,0.001339316311797992
429.43887775551104,0.0006356058620490198,0.001029444919373065,0.0007800185375263118
435.4308617234469,0.0003649925877487656,0.0005909160414616498,0.0004478056290349396
441.4228456913828,0.0002066060594115429,0.0003343576804430591,0.0002534177505108786
447.4148296593187,0.00011528290793095743,0.00018649177659128,0.0001413667823813653
453.40681362725456,6.340881682568657e-05,0.00010253471470447792,7.773571071523058e-05
459.3987975951904,3.437931625170387e-05,5.5570592477050844e-05,4.213632280624431e-05
465.39078156312627,1.8374167839113522e-05,2.9688071379228104e-05,2.251414973160729e-05
471.38276553106215,9.680125366343595e-06,1.563442100644632e-05,1.1858160555791578e-05
477.374749498998,5.0270955877102734e-06,8.116045594955237e-06,6.156614503463922e-06
483.3667334669339,2.5734525390506245e-06,4.153077279662061e-06,3.150862522195312e-06
489.3587174348698,1.2986079036794357e-06,2.0948764055129504e-06,1.5895705449513066e-06
495.35070140280567,6.459557656651903e-07,1.0416208316393834e-06,7.904838788069244e-07
501.3426853707415,3.1673085625841216e-07,5.105329384350841e-07,3.8749766213903785e-07
507.3346693386774,1.5308788721780945e-07,2.466611408228744e-07,1.8724404502969217e-07
513.3266533066133,7.293804902536528e-08,1.1747367715066435e-07,8.918869331198429e-08
519.3186372745491,3.425550025614762e-08,5.514971205249136e-08,4.187689243171852e-08
525.310621242485,1.585876430286071e-08,2.55216526666874e-08,1.93821499983813e-08
531.3026052104209,7.237210982309837e-09,1.164225740720816e-08,8.842851109990048e-09
537.2945891783568,3.255637042107429e-09,5.2351419151165445e-09,3.97690790367411e-09
543.2865731462927,1.4436555586898473e-09,2.320505379956395e-09,1.763037758354391e-09
549.2785571142285,6.310358783091316e-10,1.0139103557252257e-09,7.704430678028826e-10
555.2705410821644,2.71898853159264e-10,4.3669618367568934e-10,3.318809685491206e-10
561.2625250501003,1.1548446264833982e-10,1.8540527792216606e-10,1.4092466283985184e-10
567.2545090180361,4.8350681371116784e-11,7.759391202085789e-11,5.898675682154291e-11
573.2464929859719,1.9954667610552656e-11,3.201076563489754e-11,2.4338000266958722e-11
579.2384769539078,8.1180039078717e-12,1.3017492437454454e-11,9.898699104883115e-12
585.2304609218437,3.2554938007045483e-12,5.2182089455830955e-12,3.968571535783443e-12
591.2224448897796,1.2869075474507766e-12,2.0619515411836633e-12,1.5683867399057588e-12
597.2144288577155,5.014650637447912e-13,8.031530310621238e-13,6.109912196901691e-13
603.2064128256513,1.926180022936891e-13,3.083763114940361e-13,2.346278900932892e-13
609.1983967935872,7.293163091518083e-14,1.1671497328040812e-13,8.881517171831157e-14
615.1903807615231,2.7220608868294494e-14,4.3544669536509674e-14,3.314038451480412e-14
621.182364729459,1.0014807447640822e-14,1.6014238113992805e-14,1.2189637340852314e-14
627.1743486973949,3.632036720416995e-15,5.805510608803136e-15,4.419639897384415e-15
633.1663326653307,1.298436502907707e-15,2.0746145668351583e-15,1.5795953425513106e-15
639.1583166332666,4.575663312144608e-16,7.307978845468788e-16,5.565031953105903e-16
645.1503006012025,1.589462417133698e-16,2.537581495630685e-16,1.9326461177297474e-16
651.1422845691383,5.442636439206943e-17,8.685714991336131e-17,6.616066681086927e-17
657.1342685370741,1.837093434858676e-17,2.9305828853189805e-17,2.2325966425630488e-17
663.12625250501,6.112459913017423e-18,9.746872882006277e-18,7.426488614239217e-18
669.1182364729459,2.0047658757454826e-18,3.1955046493435707e-18,2.4351158665566307e-18
675.1102204408818,6.48147958384229e-19,1.0327054384065025e-18,7.870794979906371e-19
681.1022044088177,2.0656061218058265e-19,3.289851789368304e-19,2.507727994233425e-19
687.0941883767536,6.489088919797345e-20,1.0330921478267123e-19,7.875989252840493e-20
693.0861723446894,2.0094758780229456e-20,3.197898290495855e-20,2.4383310005203296e-20
699.0781563126253,6.134013504506968e-21,9.757826496726503e-21,7.441201488323731e-21
705.0701402805612,1.845735719448474e-21,2.9349749246505338e-21,2.2384960217973166e-21
711.0621242484971,5.474660150703627e-22,8.701989546259186e-22,6.637926636049951e-22
717.054108216433,1.6006916194624545e-22,2.5432882097475085e-22,1.9403113676269525e-22
723.0460921843688,4.6133992025224676e-23,7.327156324668961e-23,5.59079111870512e-23
729.0380761523047,1.3106817728093217e-23,2.0808376405456884e-23,1.5879541687627652e-23
735.0300601202405,3.670593930900222e-24,5.825105452745272e-24,4.4459596771274095e-24
741.0220440881764,1.01330056106889e-24,1.6074306574934995e-24,1.2270321271557668e-24
747.0140280561122,2.757421024807158e-25,4.372437002543056e-25,3.338175819596375e-25
753.0060120240481,7.396576287230841e-26,1.172405193012117e-25,8.952108528756522e-26
758.997995991984,1.955785660692335e-26,3.098808685254471e-26,2.366488121602284e-26
764.9899799599199,5.097704219567616e-27,8.073738040840418e-27,6.166605668753812e-27
770.9819639278558,1.3097574190683423e-27,2.073563801018507e-27,1.5839843462539619e-27
776.9739478957916,3.317187039258898e-28,5.2495612780571855e-28,4.0106840559443694e-28
782.9659318637275,8.281555394872614e-29,1.310060870755286e-28,1.0010341102275792e-28
788.9579158316634,2.0380588537207512e-29,3.2227216708459486e-29,2.462873805584121e-29
794.9498997995993,4.9440674802718074e-30,7.814784065861975e-30,5.973079591523335e-30
800.9418837675352,1.182265228809001e-30,1.86798774977541e-30,1.4279641438435751e-30
806.933867735471,2.786816047616878e-31,4.401431263458695e-31,3.365109198604825e-31
812.9258517034069,6.47536937813969e-32,1.0222960498264312e-31,7.817067816620822e-32
818.9178356713428,1.4831451305984825e-32,2.3405735884475275e-32,1.7899935094753665e-32
824.9098196392786,3.3486180351184413e-33,5.282393818464423e-33,4.040377011202851e-33
830.9018036072144,7.452644961903196e-34,1.1751738275858767e-33,8.989906714493884e-34
836.8937875751503,1.6350013336180744e-34,2.5771298658823822e-34,1.971747676146721e-34
842.8857715430862,3.53580779419586e-35,5.571002531522613e-35,4.2629510783519175e-35
848.8777555110221,7.53740836028306e-36,1.187116294800628e-35,9.085152432766172e-36
854.869739478958,1.5838655030293964e-36,2.493538255271751e-36,1.9086089090747735e-36
860.8617234468938,3.28078230071221e-37,5.1629945095550155e-37,3.952433154396533e-37
866.8537074148297,6.698836614634077e-38,1.0537804801490042e-37,8.068168863073077e-38
872.8456913827656,1.3482928024601619e-38,2.1201251340082079e-38,1.623485011391241e-38
878.8376753507015,2.6750500096062867e-39,4.204706616189337e-39,3.2202118678689815e-39
884.8296593186374,5.231695435268794e-40,8.22001784802623e-40,6.296271801873019e-40
890.8216432865732,1.0085927919020894e-40,1.5840638441205636e-40,1.2135155555936486e-40
896.8136272545091,1.916691095799482e-41,3.009091964455899e-41,2.3055263303541175e-41
902.805611222445,3.590469560134699e-42,5.634574157548265e-42,4.317751898350454e-42
908.7975951903808,6.629995469344116e-43,1.0400389301264605e-42,7.970914299009207e-43
914.7895791583167,1.2068077006078852e-43,1.8923477635619654e-43,1.450512428449615e-43
920.7815631262525,2.165338373816019e-44,3.394026002924705e-44,2.601942096335907e-44
926.7735470941884,3.829802081274941e-45,6.000566290811828e-45,4.600835010117455e-45
932.7655310621243,6.677128708947105e-46,1.0457603444509717e-45,8.019338577553822e-46
938.7575150300602,1.1475352192221619e-46,1.796532007579544e-46,1.377854309567091e-46
944.749498997996,1.944039825739842e-47,3.0422899843053207e-47,2.333624129129043e-47
950.7414829659319,3.2464382791376605e-48,5.078425839788371e-48,3.896021752423831e-48
956.7334669338678,5.3440683248189444e-49,8.356424248467831e-49,6.411722207296242e-49
962.7254509018037,8.671609493436837e-50,1.3554225449220215e-49,1.0401378048966825e-49
968.7174348697396,1.38704413688555e-50,2.167164051465615e-50,1.6632974579258582e-50
974.7094188376755,2.186974444898927e-51,3.415637159934513e-51,2.6218740468359346e-51
980.7014028056113,3.399069106188594e-52,5.3065777294519014e-52,4.0739583444838415e-52
986.6933867735472,5.207618233193027e-53,8.126811546626058e-53,6.239994432679042e-53
992.685370741483,7.864681548714252e-54,1.226842201191356e-53,9.421383428541972e-54
998.6773547094189,1.170808870194251e-54,1.825660766683373e-54,1.402193708978898e-54
1004.6693386773547,1.7181209147670393e-55,2.678023091937268e-55,2.0571417023100436e-55
1010.6613226452906,2.485331382250643e-56,3.8723215307476564e-56,2.9749745915499475e-56
1016.6533066132265,3.5438696670252963e-57,5.519393566182264e-57,4.2409697245445046e-57
1022.6452905811624,4.9812006699873184e-58,7.754863783071148e-58,5.959501617593261e-58
1028.6372745490983,6.901654155760122e-59,1.0740384842282202e-58,8.255009368682043e-59
1034.629258517034,9.426168666235359e-60,1.4663186924156408e-59,1.1271664604894898e-59
1040.62124248497,1.269053931188544e-60,1.9733301776500788e-60,1.5171251341384305e-60
1046.6132264529058,1.684177300772007e-61,2.6177851677592187e-61,2.0128787161088147e-61
1052.6052104208418,2.203222708515482e-62,3.423190801703897e-62,2.6325502559907965e-62
1058.5971943887776,2.8411348501465863e-63,4.412564523101334e-63,3.3938964872678145e-63
1064.5891783567135,3.611504448285111e-64,5.606784835179155e-64,4.313038874778145e-64
1070.5811623246493,4.525299415749968e-65,7.022626479669587e-65,5.402950783366098e-65
1076.5731462925853,5.589453449123721e-66,8.670579169352225e-66,6.671776802331717e-66
1082.565130260521,6.805408923386376e-67,1.0552600695733432e-66,8.121100128318686e-67
1088.557114228457,8.16774118286678e-68,1.2660001600323539e-67,9.744309729984915e-68
1094.5490981963928,9.66301307992831e-69,1.4971691676839945e-68,1.152524465520061e-68
1100.5410821643288,1.1269016789612137e-69,1.7453030499291754e-69,1.3437302227129867e-69
1106.5330661322646,1.2954550344120352e-70,2.0055508557520125e-70,1.5443185065898993e-70
1112.5250501002006,1.4679846652114966e-71,2.2717438926260958e-71,1.7495426141066876e-71
1118.5170340681364,1.6397723284565932e-72,2.5365762269208897e-72,1.9537771814053066e-72
1124.5090180360721,1.8055455381619978e-73,2.791896570394067e-73,2.150742413229871e-73
1130.5010020040081,1.9597298063219047e-74,3.0290998619490653e-74,2.3338053159441207e-74
1136.4929859719439,2.0967507562649193e-75,3.2395949685006504e-75,2.4963398438436013e-75
1142.4849699398799,2.2113642141674202e-76,3.415314476703448e-76,2.632119792532485e-76
1148.4769539078156,2.298987472847092e-77,3.549225072827312e-77,2.735712481976283e-77
1154.4689378757516,2.3560027388926066e-78,3.6357937715618554e-78,2.8028387403227857e-78
1160.4609218436874,2.380004815631412e-79,3.671367003995868e-79,2.830666009073427e-79
1166.4529058116234,2.369969403282081e-80,3.654426387525535e-80,2.818006605606474e-80
1172.4448897795592,2.3263256074553965e-81,3.5856962293191045e-81,2.7654018072340086e-81
1178.4368737474952,2.250925504130587e-82,3.468092157804121e-82,2.675083462185495e-82
1184.428857715431,2.1469137689101988e-83,3.306515958364813e-83,2.5508169211968228e-83
1190.420841683367,2.0185101576393583e-84,3.10751672923105e-84,2.397640691911672e-84
1196.4128256513027,1.870725799848994e-85,2.878850989459896e-85,2.2215278941311332e-85
1202.4048096192387,1.709039856395008e-86,2.6289828661006452e-86,2.029001179063801e-86
1208.3967935871744,1.5390655062129904e-87,2.366569067912822e-87,1.826735575501966e-87
1214.3887775551102,1.3662333340284407e-88,2.099971837721904e-88,1.6211825954094438e-88
1220.3807615230462,1.1955163180248578e-89,1.8368369871890965e-89,1.4182442686021926e-89
1226.372745490982,1.0312144691083456e-90,1.5837645578260431e-90,1.2230184265108487e-90
1232.364729458918,8.768097013433423e-92,1.3460880925949846e-91,1.0396276515499649e-91
1238.3567134268537,7.348937490412408e-93,1.1277665361893484e-92,8.711350795108967e-93
1244.3486973947897,6.071648464571454e-94,9.313818781992127e-94,7.195418221528435e-94
1250.3406813627255,4.9448320229626255e-95,7.582269595526647e-95,5.8585405375469116e-95
1256.3326653306615,3.9697149781255995e-96,6.084620822016474e-96,4.702033247399649e-96
1262.3246492985973,3.141448666290755e-97,4.81316416962561e-97,3.720016023638221e-97
1268.3166332665332,2.450549432282315e-98,3.753104781035407e-98,2.90112728858833e-98
1274.308617234469,1.8843424252369384e-99,2.8847857390100654e-99,2.2302400800048503e-99
1280.300601202405,1.4282987086709978e-100,2.1857439958788343e-100,1.6900490418030924e-100
1286.2925851703408,1.0671884578985616e-101,1.6324800565132802e-101,1.2624374129578366e-101
1292.2845691382765,7.860063490481529e-103,1.2018750875922907e-102,9.295724943711204e-103
1298.2765531062125,5.7065528971777e-104,8.722352635345555e-104,6.747137043547112e-104
1304.2685370741483,4.083988393615421e-105,6.239801970266256e-105,4.827459697102254e-105
1310.2605210420843,2.8810978585986036e-106,4.400183940786867e-106,3.4047140321673455e-106
1316.25250501002,2.0035232138832366e-107,3.05867768797473e-107,2.367039379706463e-107
1322.244488977956,1.3733891323547268e-108,2.0958464294676057e-108,1.6221581184629834e-108
1328.2364729458918,9.280164890379324e-110,1.4156244590704919e-109,1.0958314092876985e-109
1334.2284569138278,6.18131161281336e-111,9.425394073818312e-111,7.297215344818174e-111
1340.2204408817636,4.05852701793031e-112,6.186055825376358e-112,4.789977129316072e-112
1346.2124248496996,2.626752194042711e-113,4.002128340073956e-113,3.0993639374219347e-113
1352.2044088176353,1.6758402790842152e-114,2.5522960398252504e-114,1.976853881866022e-114
1358.1963927855713,1.0539232953720004e-115,1.6044786421517971e-115,1.2429092576418771e-115
1364.188376753507,6.533535303983492e-117,9.942593706995401e-117,7.70312835432781e-117
1370.180360721443,3.992549772410412e-118,6.073349917973797e-118,4.706062651659117e-118
1376.1723446893789,2.4050011826379227e-119,3.656956324411327e-119,2.8340736582389805e-119
1382.1643286573146,1.428048996127596e-120,2.1705715273446027e-120,1.6823928770111474e-120
1388.1563126252506,8.358604586140182e-122,1.2699636451925071e-121,9.844792503611776e-122
1394.1482965931864,4.822667408177735e-123,7.324387862635539e-123,5.678695368920139e-123
1400.1402805611224,2.7428603849045005e-124,4.164033726940381e-124,3.2288913766143973e-124
1406.1322645290581,1.5377401383119188e-125,2.3335655312288097e-125,1.8097607170248682e-125
1412.1242484969941,8.49816301549691e-127,1.2891059789299552e-126,9.998888781607637e-127
1418.11623246493,4.629456667901261e-128,7.019725063087415e-128,5.445592970097445e-128
1424.108216432866,2.4859812446428144e-129,3.7680307769924114e-129,2.9234890721923456e-129
1430.1002004008017,1.3159171009524445e-130,1.9937543076543326e-130,1.5471079980704314e-130
1436.0921843687377,6.866288899787469e-132,1.0399002788491914e-131,8.070540967588173e-132
1442.0841683366734,3.531656635064333e-133,5.346562022813441e-133,4.149994490599383e-133
1448.0761523046094,1.7905965014651785e-134,2.709694828102843e-134,2.1035616883992685e-134
1454.0681362725452,8.949110057567749e-136,1.3537205266403469e-135,1.0510559704135111e-135
1460.060120240481,4.408844944226173e-137,6.66654023635949e-137,5.176775043450172e-137
1466.052104208417,2.1410788431258153e-138,3.2361962755848695e-138,2.5133652222060978e-138
1472.0440881763527,1.0249515899061147e-139,1.5485743497681036e-139,1.2028591281160812e-139
1478.0360721442887,4.8365636271458474e-141,7.304527488378205e-141,5.674620122691022e-141
1484.0280561122245,2.2497451080449903e-142,3.396370442508647e-142,2.6388923728860604e-142
1490.0200400801605,1.031555467847351e-143,1.5566853428331394e-143,1.2096769925275474e-143
1496.0120240480962,4.6624556453414346e-145,7.03314349832811e-145,5.4661308283017745e-145
1502.0040080160322,2.0773022899547123e-146,3.1322828982467196e-146,2.4347449966915475e-146
1507.995991983968,9.123207339664727e-148,1.375103345807058e-147,1.0690297729862942e-147
1513.987975951904,3.949646695799307e-149,5.950761668319712e-149,4.626887904098633e-149
1519.9799599198398,1.6855118540627765e-150,2.5384734973481484e-150,1.9740175699672963e-150
1525.9719438877758,7.090359118691267e-152,1.0674205728677981e-151,8.301869616344497e-152
1531.9639278557115,2.940136624008987e-153,4.424471101646084e-153,3.4416259012245364e-153
1537.9559118236475,1.2017929450691251e-154,1.8077984739626802e-154,1.406417537553463e-154
1543.9478957915833,4.842332946887089e-156,7.281175962423121e-156,5.665363023228748e-156
1549.939879759519,1.9232799435759654e-157,2.8907856920669398e-157,2.2495936253785533e-157
1555.931863727455,7.529969496065578e-159,1.1313399545139952e-158,8.805281817538685e-159
1561.9238476953908,2.9060748079347165e-160,4.364487078722588e-160,3.3973892371702976e-160
1567.9158316633268,1.1055623010041482e-161,1.6597250844588634e-161,1.2921419060784397e-161
1573.9078156312626,4.1459352121618587e-163,6.221598226602111e-163,4.844377463193522e-163
1579.8997995991986,1.5325853148217014e-164,2.2989558189638297e-164,1.7903114829550523e-164
1585.8917835671343,5.584569076308759e-166,8.373791569365749e-166,6.522019275385876e-166
1591.8837675350703,2.0059381269063625e-167,3.0066060495899143e-167,2.3420621601999393e-167
1597.875751503006,7.102451187411868e-169,1.0641277428705815e-168,8.290440666222108e-169
1603.867735470942,2.4789161725817464e-170,3.712563266762525e-170,2.8928084148878247e-170
1609.8597194388778,8.528610538198116e-172,1.2767822000174017e-171,9.950034518787441e-172
1615.8517034068138,2.892394873435584e-173,4.328352617472766e-173,3.3735904711669195e-173
1621.8436873747496,9.669404805756323e-175,1.4464096397116162e-174,1.1275167280530231e-174
1627.8356713426856,3.186432770489764e-176,4.764560429441437e-176,3.71463789634915e-176
1633.8276553106214,1.035076947033156e-177,1.547095882010764e-177,1.2063486286350564e-177
1639.8196392785571,3.314388177462198e-179,4.9519298002082636e-179,3.8618201412706546e-179
1645.8116232464931,1.046157239430951e-180,1.5624084794044392e-180,1.218636299560639e-180
1651.803607214429,3.2550181679305864e-182,4.859342984870845e-182,3.790696689690706e-182
1657.795591182365,9.98326795159758e-184,1.4897842509847026e-183,1.1623229695490802e-183
1663.7875751503007,3.018247831094634e-185,4.50227545986564e-185,3.513156229645279e-185
1669.7795591182366,8.994974268271196e-187,1.3412310687422967e-186,1.0467210661637582e-186
1675.7715430861724,2.6424562889675817e-188,3.938564898400613e-188,3.074166070758502e-188
1681.7635270541084,7.652063359587676e-190,1.1400798387891198e-189,8.89992903633981e-190
1687.7555110220442,2.1842993740803723e-191,3.25308479620826e-191,2.5398532323030744e-191
1693.7474949899802,6.146227393449289e-193,9.14994241415424e-193,7.144857267248666e-193
1699.739478957916,1.704778443259873e-194,2.536904952757593e-194,1.9812594545294406e-194
1705.731462925852,4.661118293959007e-196,6.933505916250671e-196,5.415667659056301e-196
1711.7234468937877,1.2562473639208889e-197,1.867946542250054e-197,1.4592359392726327e-197
1717.7154308617235,3.33751372659816e-199,4.96065306432834e-199,3.8758047251927523e-199
1723.7074148296595,8.740450473348279e-201,1.2986021711787074e-200,1.0147548064501226e-200
1729.6993987975952,2.2563550047676683e-202,3.3510140852308185e-202,2.6189258652252286e-202
1735.6913827655312,5.7417450360822174e-204,8.523917556800172e-204,6.662667668310804e-204
1741.683366733467,1.440267746680844e-205,2.1372980350027184e-205,1.6708442037915709e-205
1747.675350701403,3.561274298597778e-207,5.282673760504875e-207,4.130347769017391e-207
1753.6673346693387,8.680214839599171e-209,1.2870794437947539e-208,1.0064683966059982e-208
1759.6593186372747,2.0855393176472165e-210,3.091147835909258e-210,2.4175558920639056e-210
1765.6513026052105,4.939342570531849e-212,7.318078374617803e-212,5.72421270185937e-212
1771.6432865731465,1.1531419528839354e-213,1.7078007320709044e-213,1.3360350792805848e-213
1777.6352705410823,2.6537454100996073e-215,3.9286215360759287e-215,3.073851043421408e-215
1783.6272545090183,6.020029203034269e-217,8.908530051106946e-217,6.971249615560142e-217
1789.619238476954,1.346172761052037e-218,1.9912911530483675e-218,1.558480266650555e-218
1795.61122244489,2.967330071883048e-220,4.387593028933774e-220,3.434431354554446e-220
1801.6032064128258,6.44753600071553e-222,9.529733812716389e-222,7.460556637757221e-222
1807.5951903807616,1.380970979804999e-223,2.040318938519815e-223,1.597535367523282e-223
1813.5871743486975,2.9156687853696314e-225,4.306041491229065e-225,3.372039010861895e-225
1819.5791583166333,6.068127273507349e-227,8.958209570972297e-227,7.0161288719314655e-227
1825.5711422845693,1.2448987576311899e-228,1.8370758368792365e-228,1.4390152068661867e-228
1831.563126252505,2.5175392171786014e-230,3.7136058753914864e-230,2.909350650358787e-230
1837.555110220441,5.018585346204233e-232,7.399926296261484e-232,5.7981521959765846e-232
1843.5470941883768,9.861642223215735e-234,1.4535227604870297e-233,1.1390584566888018e-233
1849.5390781563128,1.910205227924716e-235,2.8143566839477634e-235,2.20579563559391e-235
1855.5310621242486,3.647318377001098e-237,5.371545981188563e-237,4.210633021753754e-237
1861.5230460921846,6.864836197956766e-239,1.0106070327570396e-238,7.92304950852767e-239
1867.5150300601204,1.2736483630256058e-240,1.874252907393388e-240,1.4696035958693587e-240
1873.5070140280563,2.329333985314512e-242,3.426391065156508e-242,2.687020011347906e-242
1879.498997995992,4.1992994316624146e-244,6.174595658451687e-244,4.842888322808564e-244
1885.4909819639279,7.462507520792642e-246,1.0968392324018734e-245,8.604009206873947e-246
1891.4829659318639,1.3072407549499847e-247,1.9206148733255337e-247,1.506815702023583e-247
1897.4749498997996,2.2572997579236795e-249,3.3151291937051785e-249,2.601251038311627e-249
1903.4669338677356,3.842251152491874e-251,5.6405764099429695e-251,4.426569166347789e-251
1909.4589178356714,6.446813737722955e-253,9.460397272660236e-253,7.425318744307081e-253
1915.4509018036074,1.0662704030778995e-254,1.5640769661099187e-254,1.2277948473878322e-254
1921.4428857715432,1.7384109340253164e-256,2.5489993516205345e-256,2.0012409011066157e-256
1927.4348697394792,2.7938326855053893e-258,4.094908371393427e-258,3.21540581521844e-258
1933.426853707415,4.425997880222507e-260,6.484574890461391e-260,5.0925473299832894e-260
1939.418837675351,6.911699815514744e-262,1.0122357949461546e-261,7.95055074381569e-262
1945.4108216432867,1.0639504260190142e-263,1.557559801449147e-263,1.223551382770435e-263
1951.4028056112227,1.614435788465743e-265,2.3624935306669595e-265,1.8561371760645796e-265
1957.3947895791584,2.4148102939782056e-267,3.5323146652495784e-267,2.775624963711724e-267
1963.3867735470944,3.560476464334795e-269,5.2060819421919144e-269,4.091422782241356e-269
1969.3787575150302,5.174829899037002e-271,7.563546360147087e-271,5.944985394821825e-271
1975.370741482966,7.413902951655707e-273,1.0831854197894879e-272,8.515106488424578e-273
1981.362725450902,1.0470334909678869e-274,1.529125027443731e-274,1.2022429352292365e-274
1987.3547094188377,1.4575958018483972e-276,2.1278746765431907e-276,1.67323616389401e-276
1993.3466933867737,2.0002141843446662e-278,2.9188511912268146e-278,2.2955412955053462e-278
1999.3386773547095,2.7056944778124156e-280,3.946760029055144e-280,3.1043868557210345e-280
2005.3306613226455,3.60781173179229e-282,5.260564461597866e-282,4.138370985989254e-282
2011.3226452905812,4.7421123195939556e-284,6.911731055144059e-284,5.438083401333137e-284
2017.3146292585172,6.144162095017534e-286,8.951672263931082e-286,7.044094373159328e-286
2023.306613226453,7.847229456858774e-288,1.142837216933614e-287,8.994299113617984e-288
2029.298597194389,9.879452954341459e-290,1.4382269912006952e-289,1.132067559654249e-289
2035.2905811623248,1.2260616315188672e-291,1.78415817202966e-291,1.4045597644554868e-291
2041.2825651302608,1.4998732676819655e-293,2.1817356630903804e-293,1.7177935183842652e-293
2047.2745490981965,1.8086714626765447e-295,2.6298668856140205e-295,2.070925876777828e-295
2053.2665330661325,2.1499465673157543e-297,3.124843424108102e-297,2.461053237403645e-297
2059.258517034068,2.519175972081122e-299,3.6600381668983417e-299,2.8829713115725093e-299
2065.250501002004,2.9097267240634808e-301,4.225769711908202e-301,3.329066662165355e-301
2071.24248496994,3.312903295354769e-303,4.8093778222962787e-303,3.7893744385766e-303
2077.234468937876,3.718160849066207e-305,5.395538867348126e-305,4.251825276453686e-305
2083.2264529058116,4.113490010090047e-307,5.9668292910827964e-307,4.702687889705983e-307
2089.2184368737476,4.485961872391787e-309,6.5045200755169e-309,5.12719412379855e-309
2095.2104208416836,4.8224041959406e-311,6.989559450547e-311,5.5103129513816e-311
2101.2024048096196,5.1100810404e-313,7.4035582313e-313,5.8375272025e-313
2107.194388777555,5.34844743e-315,7.74581205e-315,6.10825747e-315
2113.186372745491,4.6019586e-317,6.6620587e-317,5.254372e-317
2119.178356713427,0.0,0.0,0.0
2125.170340681363,0.0,0.0,0.0
2131.1623246492986,0.0,0.0,0.0
2137.1543086172346,0.0,0.0,0.0
2143.1462925851706,0.0,0.0,0.0
2149.138276553106,0.0,0.0,0.0
2155.130260521042,0.0,0.0,0.0
2161.122244488978,0.0,0.0,0.0
2167.114228456914,0.0,0.0,0.0
2173.1062124248497,0.0,0.0,0.0
2179.0981963927857,0.0,0.0,0.0
2185.0901803607217,0.0,0.0,0.0
2191.0821643286577,0.0,0.0,0.0
2197.074148296593,0.0,0.0,0.0
2203.066132264529,0.0,0.0,0.0
2209.058116232465,0.0,0.0,0.0
2215.050100200401,0.0,0.0,0.0
2221.0420841683367,0.0,0.0,0.0
2227.0340681362727,0.0,0.0,0.0
2233.0260521042087,0.0,0.0,0.0
2239.0180360721442,0.0,0.0,0.0
2245.0100200400802,0.0,0.0,0.0
2251.0020040080162,0.0,0.0,0.0
2256.993987975952,0.0,0.0,0.0
2262.9859719438878,0.0,0.0,0.0
2268.9779559118238,0.0,0.0,0.0
2274.9699398797597,0.0,0.0,0.0
2280.9619238476957,0.0,0.0,0.0
2286.9539078156313,0.0,0.0,0.0
2292.9458917835673,0.0,0.0,0.0
2298.9378757515033,0.0,0.0,0.0
2304.9298597194393,0.0,0.0,0.0
2310.921843687375,0.0,0.0,0.0
2316.913827655311,0.0,0.0,0.0
2322.905811623247,0.0,0.0,0.0
2328.8977955911823,0.0,0.0,0.0
2334.8897795591183,0.0,0.0,0.0
2340.8817635270543,0.0,0.0,0.0
2346.8737474949903,0.0,0.0,0.0
2352.865731462926,0.0,0.0,0.0
2358.857715430862,0.0,0.0,0.0
2364.849699398798,0.0,0.0,0.0
2370.841683366734,0.0,0.0,0.0
2376.8336673346694,0.0,0.0,0.0
2382.8256513026054,0.0,0.0,0.0
2388.8176352705414,0.0,0.0,0.0
2394.8096192384774,0.0,0.0,0.0
2400.801603206413,0.0,0.0,0.0
2406.793587174349,0.0,0.0,0.0
2412.785571142285,0.0,0.0,0.0
2418.7775551102204,0.0,0.0,0.0
2424.7695390781564,0.0,0.0,0.0
2430.7615230460924,0.0,0.0,0.0
2436.7535070140284,0.0,0.0,0.0
2442.745490981964,0.0,0.0,0.0
2448.7374749499,0.0,0.0,0.0
2454.729458917836,0.0,0.0,0.0
2460.721442885772,0.0,0.0,0.0
2466.7134268537075,0.0,0.0,0.0
2472.7054108216435,0.0,0.0,0.0
2478.6973947895794,0.0,0.0,0.0
2484.689378757515,0.0,0.0,0.0
2490.681362725451,0.0,0.0,0.0
2496.673346693387,0.0,0.0,0.0
2502.665330661323,0.0,0.0,0.0
2508.6573146292585,0.0,0.0,0.0
2514.6492985971945,0.0,0.0,0.0
2520.6412825651305,0.0,0.0,0.0
2526.6332665330665,0.0,0.0,0.0
2532.625250501002,0.0,0.0,0.0
2538.617234468938,0.0,0.0,0.0
2544.609218436874,0.0,0.0,0.0
2550.60120240481,0.0,0.0,0.0
2556.5931863727455,0.0,0.0,0.0
2562.5851703406815,0.0,0.0,0.0
2568.5771543086175,0.0,0.0,0.0
2574.569138276553,0.0,0.0,0.0
2580.561122244489,0.0,0.0,0.0
2586.553106212425,0.0,0.0,0.0
2592.545090180361,0.0,0.0,0.0
2598.5370741482966,0.0,0.0,0.0
2604.5290581162326,0.0,0.0,0.0
2610.5210420841686,0.0,0.0,0.0
2616.5130260521046,0.0,0.0,0.0
2622.50501002004,0.0,0.0,0.0
2628.496993987976,0.0,0.0,0.0
2634.488977955912,0.0,0.0,0.0
2640.480961923848,0.0,0.0,0.0
2646.4729458917836,0.0,0.0,0.0
2652.4649298597196,0.0,0.0,0.0
2658.4569138276556,0.0,0.0,0.0
2664.448897795591,0.0,0.0,0.0
2670.440881763527,0.0,0.0,0.0
2676.432865731463,0.0,0.0,0.0
2682.424849699399,0.0,0.0,0.0
2688.4168336673347,0.0,0.0,0.0
2694.4088176352707,0.0,0.0,0.0
2700.4008016032067,0.0,0.0,0.0
2706.3927855711427,0.0,0.0,0.0
2712.384769539078,0.0,0.0,0.0
2718.376753507014,0.0,0.0,0.0
2724.36873747495,0.0,0.0,0.0
2730.360721442886,0.0,0.0,0.0
2736.3527054108217,0.0,0.0,0.0
2742.3446893787577,0.0,0.0,0.0
2748.3366733466937,0.0,0.0,0.0
2754.3286573146293,0.0,0.0,0.0
2760.3206412825652,0.0,0.0,0.0
2766.3126252505012,0.0,0.0,0.0
2772.3046092184372,0.0,0.0,0.0
2778.296593186373,0.0,0.0,0.0
2784.2885771543088,0.0,0.0,0.0
2790.2805611222448,0.0,0.0,0.0
2796.2725450901808,0.0,0.0,0.0
2802.2645290581163,0.0,0.0,0.0
2808.2565130260523,0.0,0.0,0.0
2814.2484969939883,0.0,0.0,0.0
2820.2404809619243,0.0,0.0,0.0
2826.23246492986,0.0,0.0,0.0
2832.224448897796,0.0,0.0,0.0
2838.216432865732,0.0,0.0,0.0
2844.2084168336673,0.0,0.0,0.0
2850.2004008016033,0.0,0.0,0.0
2856.1923847695393,0.0,0.0,0.0
2862.1843687374753,0.0,0.0,0.0
2868.176352705411,0.0,0.0,0.0
2874.168336673347,0.0,0.0,0.0
2880.160320641283,0.0,0.0,0.0
2886.152304609219,0.0,0.0,0.0
2892.1442885771544,0.0,0.0,0.0
2898.1362725450904,0.0,0.0,0.0
2904.1282565130264,0.0,0.0,0.0
2910.120240480962,0.0,0.0,0.0
2916.112224448898,0.0,0.0,0.0
2922.104208416834,0.0,0.0,0.0
2928.09619238477,0.0,0.0,0.0
2934.0881763527054,0.0,0.0,0.0
2940.0801603206414,0.0,0.0,0.0
2946.0721442885774,0.0,0.0,0.0
2952.0641282565134,0.0,0.0,0.0
2958.056112224449,0.0,0.0,0.0
2964.048096192385,0.0,0.0,0.0
2970.040080160321,0.0,0.0,0.0
2976.032064128257,0.0,0.0,0.0
2982.0240480961925,0.0,0.0,0.0
2988.0160320641285,0.0,0.0,0.0
2994.0080160320645,0.0,0.0,0.0
3000.0,0.0,0.0,0.0
