Multipole Moment (l),White Hole Detection Ratio (CMB-S4)
10.0,1.0149307216183308e-05
15.991983967935873,5.150142911567196e-05
21.983967935871746,0.00017624760272939312
27.975951903807616,0.0004863728777019773
33.96793587174349,0.001233710103439536
39.95991983967936,0.002651683218173157
45.95190380761523,0.0052853299901102204
51.943887775551104,0.011532457424663103
57.93587174348698,0.01930587012805951
63.92785571142285,0.040042342919144595
69.91983967935872,0.060608029141281744
75.9118236472946,0.1050453959521256
81.90380761523046,0.1952113871847198
87.89579158316634,0.2504908120400562
93.88777555110221,0.5042718083864465
99.87975951903809,0.42542679997129984
105.87174348697395,0.7492850292249611
111.86372745490982,1.9241211263512112
117.8557114228457,2.2082919277068758
123.84769539078157,4.952164789153126
129.83967935871743,2.997177290832448
135.8316633266533,6.1372975414779996
141.8236472945892,3.2549068258001257
147.81563126252507,-112.35828042960665
153.80761523046093,29.790674591954545
159.7995991983968,4.937032074493184
165.79158316633269,20.643764834266516
171.78356713426854,9.668835014173762
177.77555110220442,22.7983748932316
183.7675350701403,22.30396227643797
189.75951903807618,12.33436647132593
195.75150300601203,52.314529499115004
201.7434869739479,12.92586052824096
207.7354709418838,101.470170200794
213.72745490981964,157.44795054636316
219.71943887775552,114.28818265586466
225.7114228456914,225.08839989471863
231.70340681362728,15.513567896764217
237.69539078156313,78.64495977909849
243.687374749499,9.2050479780851
249.6793587174349,13.262093750755048
255.67134268537075,10.002489887752205
261.6633266533066,4.932953946592793
267.6553106212425,-18.060430642920803
273.6472945891784,3.0493429473703033
279.63927855711427,6.915931845329953
285.63126252505015,-14.817449639666014
291.62324649298597,8.308989383405708
297.61523046092185,1.7671501311544113
303.60721442885773,-6.431728373171834
309.5991983967936,-38.9817047987659
315.5911823647295,7.336946139309389
321.58316633266537,0.44060659421140974
327.57515030060125,-0.620682065255832
333.5671342685371,-0.4244005091126055
339.55911823647295,1.7592722374224072
345.55110220440883,0.20626046141683127
351.5430861723447,0.18165259242684084
357.5350701402806,0.3573252480661431
363.5270541082165,0.03193689910312992
369.51903807615236,-0.19616265035804425
375.5110220440882,0.08780674230667938
381.50300601202406,-0.18965388980502138
387.49498997995994,0.027416909179486304
393.4869739478958,0.0189582982352217
399.4789579158317,-0.009063690558051564
405.4709418837676,-0.008079587717273025
411.46292585170346,-0.3997998988462039
417.4549098196393,0.002839581060430055
423.44689378757516,0.003773303014752953
429.43887775551104,0.0009915172759413747
435.4308617234469,-0.0017139800222333917
441.4228456913828,-0.00017618227628409344
447.4148296593187,-0.00010120185894390757
453.40681362725456,-0.0004663703639374761
459.3987975951904,0.0017813717647418186
465.39078156312627,-1.5762573483868764e-05
471.38276553106215,5.4759168437448915e-06
477.374749498998,3.8639609408057045e-05
483.3667334669339,-9.462976537494284e-05
489.3587174348698,-2.4051816966119076e-06
495.35070140280567,-1.4619986784727266e-06
501.3426853707415,-1.710822131457209e-06
507.3346693386774,2.520632842529673e-07
513.3266533066133,2.2803037386163952e-07
519.3186372745491,-1.2874079713794599e-08
525.310621242485,6.506009869002956e-09
531.3026052104209,-1.948422038916881e-08
537.2945891783568,-1.982292114267086e-09
543.2865731462927,-9.147529163221805e-10
549.2785571142285,1.421991358986908e-09
555.2705410821644,-1.6562026157171137e-10
561.2625250501003,-4.618508294624385e-10
567.2545090180361,5.67264698828275e-11
573.2464929859719,-3.873942110332335e-11
579.2384769539078,2.8183392999661808e-12
585.2304609218437,4.460755139549685e-12
591.2224448897796,1.211836520886161e-12
597.2144288577155,-9.691615424617845e-13
603.2064128256513,3.4370149362174257e-13
609.1983967935872,2.4637290214420214e-13
615.1903807615231,2.783076253557313e-14
621.182364729459,1.7812901452496286e-14
627.1743486973949,1.812470159798981e-14
633.1663326653307,-7.906222752000412e-16
639.1583166332666,6.827290392142446e-16
645.1503006012025,-1.240474957709484e-15
651.1422845691383,-8.61911272612938e-17
657.1342685370741,2.302812859975915e-16
663.12625250501,-5.192467342449448e-18
669.1182364729459,2.422763933193721e-18
675.1102204408818,-7.197741646989394e-19
681.1022044088177,4.752405693411129e-19
687.0941883767536,-1.6289453989955234e-19
693.0861723446894,-7.62395986951575e-21
699.0781563126253,-3.207198965469024e-21
705.0701402805612,9.69121140267356e-22
711.0621242484971,-1.835053844498458e-22
717.054108216433,-1.9021605882870374e-22
723.0460921843688,-3.047963718759063e-23
729.0380761523047,-2.2083042999719936e-23
735.0300601202405,-5.1759389271061875e-24
741.0220440881764,-6.6788979951094415e-25
747.0140280561122,-2.4526279602532245e-25
753.0060120240481,3.228503060270402e-26
758.997995991984,-1.2132659003356032e-25
764.9899799599199,1.023988655023963e-26
770.9819639278558,-1.1294770968703621e-27
776.9739478957916,1.468289946681138e-27
782.9659318637275,-2.405653703651883e-29
788.9579158316634,-9.272818010775131e-30
794.9498997995993,2.2169873779962822e-30
800.9418837675352,1.774600621194329e-30
806.933867735471,-1.1488201029237109e-30
812.9258517034069,-2.660762119031936e-31
818.9178356713428,-7.502343518805128e-32
824.9098196392786,2.355951968849335e-32
830.9018036072144,3.579025138789539e-34
836.8937875751503,-1.3788596941358532e-34
842.8857715430862,-1.6332331336246583e-35
848.8777555110221,-8.385540599979553e-35
854.869739478958,4.951863653787329e-37
860.8617234468938,1.5989061261690973e-36
866.8537074148297,7.205545825937094e-38
872.8456913827656,3.2062531401565457e-38
878.8376753507015,-1.8277144665384983e-39
884.8296593186374,-7.989206257184788e-40
890.8216432865732,-5.038881802689657e-41
896.8136272545091,-3.7126488447308717e-41
902.805611222445,4.732962454356954e-42
908.7975951903808,-5.568793314851115e-43
914.7895791583167,6.511096768499736e-42
920.7815631262525,2.334331781623008e-44
926.7735470941884,1.3638963272353183e-45
932.7655310621243,5.540656693640969e-46
938.7575150300602,-7.110037533732533e-47
944.749498997996,5.166581033645161e-47
950.7414829659319,1.8350684192661998e-48
956.7334669338678,-2.1099888465886778e-49
962.7254509018037,-5.1327690811390405e-50
968.7174348697396,2.9004908587817745e-50
974.7094188376755,1.5527746640261026e-51
980.7014028056113,-5.0341496468199025e-52
986.6933867735472,1.536661280387386e-51
992.685370741483,9.344068755900735e-54
998.6773547094189,-2.0662103145075467e-54
1004.6693386773547,-5.014045080621155e-56
1010.6613226452906,-1.3148461098250472e-55
1016.6533066132265,1.5381582948559125e-56
1022.6452905811624,2.3161622161219467e-58
1028.6372745490983,1.217524418749698e-58
1034.629258517034,-1.2318708704242797e-59
1040.62124248497,-6.890992025367783e-61
1046.6132264529058,1.7406077147839162e-61
1052.6052104208418,-6.733675043853299e-62
1058.5971943887776,-1.420889870472307e-63
1064.5891783567135,-7.592336386830661e-64
1070.5811623246493,-3.841133650880762e-65
1076.5731462925853,-8.186177042609104e-66
1082.565130260521,-8.793562337536982e-67
1088.557114228457,-7.365057114669044e-68
1094.5490981963928,2.464396908613996e-68
1100.5410821643288,-4.216464777394571e-70
1106.5330661322646,2.7865127018949387e-70
1112.5250501002006,-4.815936791363331e-72
1118.5170340681364,3.9170063621706947e-72
1124.5090180360721,4.407917568695754e-73
1130.5010020040081,-6.296148278706945e-74
1136.4929859719439,1.6012041738541534e-74
1142.4849699398799,2.0194067598252348e-76
1148.4769539078156,1.252423550854726e-77
1154.4689378757516,1.455116785894363e-78
1160.4609218436874,1.325194768809028e-79
1166.4529058116234,5.942875564162252e-81
1172.4448897795592,1.8899792239313464e-81
1178.4368737474952,-1.6079064244802718e-81
1184.428857715431,-4.7774233173022744e-83
1190.420841683367,-5.894745424165245e-84
1196.4128256513027,2.503612201639756e-84
1202.4048096192387,3.0027731229442284e-86
1208.3967935871744,-4.819377935822867e-88
1214.3887775551102,1.1383070999761617e-88
1220.3807615230462,-1.2778369045598553e-89
1226.372745490982,-3.7534473434598117e-91
1232.364729458918,-2.2519625917122004e-90
1238.3567134268537,6.0138520026773e-93
1244.3486973947897,-8.315041498677442e-93
1250.3406813627255,4.2396155799395196e-95
1256.3326653306615,-1.0907689338728111e-96
1262.3246492985973,-2.518976351223868e-97
1268.3166332665332,-1.3220629641980172e-98
1274.308617234469,-1.8086335818260889e-99
1280.300601202405,-3.282522783177679e-101
1286.2925851703408,-7.481660451254249e-102
1292.2845691382765,-3.8805073278505344e-103
1298.2765531062125,-2.779021951128534e-104
1304.2685370741483,7.013966528541663e-105
1310.2605210420843,-9.72556596133043e-107
1316.25250501002,1.1041113696617825e-107
1322.244488977956,-1.2227662912771111e-108
1328.2364729458918,-9.342585542839892e-110
1334.2284569138278,-6.405343494708459e-110
1340.2204408817636,5.9698525072014105e-112
1346.2124248496996,-1.2764924124714125e-113
1352.2044088176353,-5.3217758776617444e-114
1358.1963927855713,-4.4588995175074357e-116
1364.188376753507,7.682733649805388e-117
1370.180360721443,-1.9212870114549209e-118
1376.1723446893789,-1.1846094075819891e-119
1382.1643286573146,1.5130975254035326e-120
1388.1563126252506,-9.25361752343371e-121
1394.1482965931864,-3.1735197276465525e-123
1400.1402805611224,1.8265052217586433e-124
1406.1322645290581,1.3066291526974345e-125
1412.1242484969941,4.1930888892325745e-127
1418.11623246493,3.262949055981275e-128
1424.108216432866,4.268668072707874e-129
1430.1002004008017,-6.348987906618678e-131
1436.0921843687377,5.7577043769981e-132
1442.0841683366734,-4.9711067005648704e-133
1448.0761523046094,-2.343393619097702e-133
1454.0681362725452,-3.792602848281563e-135
1460.060120240481,-1.2894950543816801e-137
1466.052104208417,-9.389188594825106e-139
1472.0440881763527,1.4823168039325862e-139
1478.0360721442887,6.615147314524429e-141
1484.0280561122245,-7.426289864432452e-142
1490.0200400801605,1.3549349060240407e-143
1496.0120240480962,-5.061773814782794e-145
1502.0040080160322,-7.782805831335211e-147
1507.995991983968,5.383928641681979e-148
1513.987975951904,8.165065036132703e-149
1519.9799599198398,2.600481007597738e-150
1525.9719438877758,-2.1025730350088965e-151
1531.9639278557115,-1.9260210713362243e-153
1537.9559118236475,-3.2196235144731276e-154
1543.9478957915833,-9.482407717262782e-156
1549.939879759519,1.591747715919939e-157
1555.931863727455,-4.613347567137615e-159
1561.9238476953908,7.176706029799377e-161
1567.9158316633268,-5.333138577706652e-162
1573.9078156312626,-2.8569310670265036e-163
1579.8997995991986,7.632570262230185e-165
1585.8917835671343,-3.3219002416168015e-166
1591.8837675350703,5.808640739076573e-167
1597.875751503006,3.5132147492804814e-169
1603.867735470942,7.213332176545617e-171
1609.8597194388778,-6.904339897563413e-172
1615.8517034068138,5.672725601869119e-173
1621.8436873747496,-7.953724278111732e-175
1627.8356713426856,1.1054230486900854e-176
1633.8276553106214,2.631177065724842e-178
1639.8196392785571,1.9713096557648326e-179
1645.8116232464931,-1.5517642735023045e-180
1651.803607214429,1.4489542642800183e-182
1657.795591182365,1.844001081608161e-183
1663.7875751503007,5.994293348547029e-185
1669.7795591182366,-2.1324966213987897e-186
1675.7715430861724,7.733422016743907e-189
1681.7635270541084,-8.439807731917675e-190
1687.7555110220442,-1.3520427288122152e-191
1693.7474949899802,8.37885643467941e-193
1699.739478957916,1.487655576384354e-194
1705.731462925852,1.9634906043283256e-194
1711.7234468937877,1.0193532167878852e-197
1717.7154308617235,-1.2867809708855663e-199
1723.7074148296595,-5.304597183401692e-200
1729.6993987975952,-2.2493703696874827e-202
1735.6913827655312,1.0453510466108875e-203
1741.683366733467,-5.774972428422994e-206
1747.675350701403,-1.5412178379269772e-207
1753.6673346693387,-3.8738390009786726e-209
1759.6593186372747,-3.812488641948762e-210
1765.6513026052105,-1.2721408642733049e-211
1771.6432865731465,-8.049611764027566e-214
1777.6352705410823,-5.513185116821831e-215
1783.6272545090183,2.046983948386474e-217
1789.619238476954,-3.432722924140334e-219
1795.61122244489,-6.617541893795273e-221
1801.6032064128258,9.7875933384417e-222
1807.5951903807616,-8.451602740167184e-224
1813.5871743486975,3.69149341727404e-225
1819.5791583166333,1.3319131937464808e-227
1825.5711422845693,-1.3872678932014577e-228
1831.563126252505,1.5489316791384181e-230
1837.555110220441,-2.5458049016447627e-232
1843.5470941883768,3.72273344302804e-234
1849.5390781563128,-5.123257900393679e-236
1855.5310621242486,1.6542070149051887e-237
1861.5230460921846,1.3118329576531395e-239
1867.5150300601204,6.093373312737029e-241
1873.5070140280563,6.655903924359885e-243
1879.498997995992,-3.7270522198499334e-244
1885.4909819639279,6.355899896213114e-246
1891.4829659318639,-9.676842955952207e-248
1897.4749498997996,-1.414438763438209e-248
1903.4669338677356,-1.2255153516524461e-251
1909.4589178356714,1.3784798165222235e-253
1915.4509018036074,8.383743237348178e-255
1921.4428857715432,-5.8742034854713595e-257
1927.4348697394792,-5.868845849951482e-259
1933.426853707415,-1.8936550477649908e-260
1939.418837675351,-2.329115273105031e-260
1945.4108216432867,-2.088339850162705e-263
1951.4028056112227,4.52955148785182e-265
1957.3947895791584,8.566097282869294e-268
1963.3867735470944,-7.555364406995774e-269
1969.3787575150302,-1.3783669762204968e-270
1975.370741482966,-4.93853915203711e-271
1981.362725450902,-2.197361679859293e-275
1987.3547094188377,-4.2527193383377596e-277
1993.3466933867737,1.715172852546884e-278
1999.3386773547095,5.113869774188919e-281
2005.3306613226455,-1.550490873835083e-282
2011.3226452905812,1.1271485080484165e-283
2017.3146292585172,2.7015855241109117e-286
2023.306613226453,-8.255217494136128e-288
2029.298597194389,4.0908454337555416e-290
2035.2905811623248,2.9735221217347795e-291
2041.2825651302608,-4.1513876767563776e-293
2047.2745490981965,-4.559103477653589e-296
2053.2665330661325,-4.371221414175593e-298
2059.258517034068,-2.1275684479532627e-299
2065.250501002004,6.875346935045571e-302
2071.24248496994,-2.056936493286135e-303
2077.234468937876,-1.0425177186874353e-305
2083.2264529058116,7.515301693298795e-307
2089.2184368737476,2.545638828937814e-309
2095.2104208416836,-8.710794131477e-311
2101.2024048096196,2.13823155063e-313
2107.194388777555,-1.50401457e-314
2113.186372745491,-2.214359e-317
2119.178356713427,0.0
2125.170340681363,0.0
2131.1623246492986,0.0
2137.1543086172346,0.0
2143.1462925851706,-0.0
2149.138276553106,-0.0
2155.130260521042,0.0
2161.122244488978,0.0
2167.114228456914,0.0
2173.1062124248497,-0.0
2179.0981963927857,0.0
2185.0901803607217,0.0
2191.0821643286577,0.0
2197.074148296593,0.0
2203.066132264529,0.0
2209.058116232465,0.0
2215.050100200401,0.0
2221.0420841683367,-0.0
2227.0340681362727,0.0
2233.0260521042087,-0.0
2239.0180360721442,-0.0
2245.0100200400802,0.0
2251.0020040080162,-0.0
2256.993987975952,0.0
2262.9859719438878,0.0
2268.9779559118238,0.0
2274.9699398797597,-0.0
2280.9619238476957,-0.0
2286.9539078156313,-0.0
2292.9458917835673,-0.0
2298.9378757515033,0.0
2304.9298597194393,-0.0
2310.921843687375,0.0
2316.913827655311,-0.0
2322.905811623247,0.0
2328.8977955911823,0.0
2334.8897795591183,-0.0
2340.8817635270543,0.0
2346.8737474949903,-0.0
2352.865731462926,-0.0
2358.857715430862,0.0
2364.849699398798,-0.0
2370.841683366734,-0.0
2376.8336673346694,0.0
2382.8256513026054,0.0
2388.8176352705414,-0.0
2394.8096192384774,-0.0
2400.801603206413,0.0
2406.793587174349,-0.0
2412.785571142285,0.0
2418.7775551102204,-0.0
2424.7695390781564,-0.0
2430.7615230460924,0.0
2436.7535070140284,0.0
2442.745490981964,0.0
2448.7374749499,-0.0
2454.729458917836,0.0
2460.721442885772,0.0
2466.7134268537075,0.0
2472.7054108216435,0.0
2478.6973947895794,0.0
2484.689378757515,-0.0
2490.681362725451,0.0
2496.673346693387,0.0
2502.665330661323,0.0
2508.6573146292585,-0.0
2514.6492985971945,-0.0
2520.6412825651305,0.0
2526.6332665330665,0.0
2532.625250501002,-0.0
2538.617234468938,-0.0
2544.609218436874,-0.0
2550.60120240481,-0.0
2556.5931863727455,-0.0
2562.5851703406815,0.0
2568.5771543086175,0.0
2574.569138276553,0.0
2580.561122244489,-0.0
2586.553106212425,-0.0
2592.545090180361,-0.0
2598.5370741482966,-0.0
2604.5290581162326,-0.0
2610.5210420841686,-0.0
2616.5130260521046,0.0
2622.50501002004,0.0
2628.496993987976,-0.0
2634.488977955912,-0.0
2640.480961923848,0.0
2646.4729458917836,-0.0
2652.4649298597196,0.0
2658.4569138276556,-0.0
2664.448897795591,-0.0
2670.440881763527,-0.0
2676.432865731463,-0.0
2682.424849699399,-0.0
2688.4168336673347,0.0
2694.4088176352707,0.0
2700.4008016032067,-0.0
2706.3927855711427,-0.0
2712.384769539078,0.0
2718.376753507014,0.0
2724.36873747495,0.0
2730.360721442886,-0.0
2736.3527054108217,-0.0
2742.3446893787577,0.0
2748.3366733466937,-0.0
2754.3286573146293,0.0
2760.3206412825652,-0.0
2766.3126252505012,-0.0
2772.3046092184372,-0.0
2778.296593186373,-0.0
2784.2885771543088,-0.0
2790.2805611222448,-0.0
2796.2725450901808,-0.0
2802.2645290581163,0.0
2808.2565130260523,-0.0
2814.2484969939883,-0.0
2820.2404809619243,0.0
2826.23246492986,-0.0
2832.224448897796,-0.0
2838.216432865732,-0.0
2844.2084168336673,-0.0
2850.2004008016033,-0.0
2856.1923847695393,-0.0
2862.1843687374753,-0.0
2868.176352705411,-0.0
2874.168336673347,-0.0
2880.160320641283,0.0
2886.152304609219,0.0
2892.1442885771544,0.0
2898.1362725450904,-0.0
2904.1282565130264,-0.0
2910.120240480962,-0.0
2916.112224448898,0.0
2922.104208416834,0.0
2928.09619238477,0.0
2934.0881763527054,-0.0
2940.0801603206414,0.0
2946.0721442885774,-0.0
2952.0641282565134,-0.0
2958.056112224449,0.0
2964.048096192385,-0.0
2970.040080160321,-0.0
2976.032064128257,0.0
2982.0240480961925,-0.0
2988.0160320641285,-0.0
2994.0080160320645,-0.0
3000.0,0.0
