Multipole Moment (l),CMB-S4 SNR,LISA SGWB SNR,Joint Detectability SNR
10.0,0.014694709815780714,1.3988320682526377e-07,0.014694709816446508
15.991983967935873,0.023059880975450652,6.730730319917187e-14,0.023059880975450652
21.983967935871746,0.03567105606052237,3.764749528422951e-19,0.03567105606052237
27.975951903807616,0.0543923385582513,1.0075460347215722e-23,0.0543923385582513
33.96793587174349,0.08175651192230526,9.861791592676216e-28,0.08175651192230526
39.95991983967936,0.1211350536367713,2.359909133562282e-31,0.1211350536367713
45.95190380761523,0.17692132212091388,1.320201811419842e-34,0.17692132212091388
51.943887775551104,0.254714327852891,1.5256277860236738e-37,0.254714327852891
57.93587174348698,0.36148429395357756,2.6336389482193955e-40,0.36148429395357756
63.92785571142285,0.5056946378265792,5.701257638932817e-43,0.5056946378265792
69.91983967935872,0.6973489050179844,2.546232295750123e-45,0.6973489050179844
75.9118236472946,0.9479267012289717,1.3354505763705796e-47,0.9479267012289717
81.90380761523046,1.270171163049431,7.785556506118502e-50,1.270171163049431
87.89579158316634,1.6776934124232947,9.488928253420484e-52,1.6776934124232947
93.88777555110221,2.1843680140210737,7.499203929330987e-54,2.1843680140210737
99.87975951903809,2.803508494581049,1.2962996768485687e-55,2.803508494581049
105.87174348697395,3.546833508865673,2.353267406878608e-57,3.546833508865673
111.86372745490982,4.42326122134157,4.640840735840593e-59,4.42326122134157
117.8557114228457,5.437599684094245,9.778011728844489e-61,5.437599684094245
123.84769539078157,6.589231016495323,2.0923878144556455e-62,6.589231016495323
129.83967935871743,7.870912692515735,9.500046845229532e-64,7.870912692515735
135.8316633266533,9.267835457663976,2.973340286259631e-65,9.267835457663976
141.8236472945892,10.75707986242732,9.105249565205351e-67,10.75707986242732
147.81563126252507,12.307598771813145,4.963187789784131e-68,12.307598771813145
153.80761523046093,13.88082008832773,2.1322106870065617e-69,13.88082008832773
159.7995991983968,15.43191346851235,9.952417640585833e-71,15.43191346851235
165.79158316633269,16.911701019444127,6.982675561405322e-72,16.911701019444127
171.78356713426854,18.26912147683055,3.6374196019602436e-73,18.26912147683055
177.77555110220442,19.454088784084885,1.762042879985919e-74,19.454088784084885
183.7675350701403,20.42052870730644,1.517705454933241e-75,20.42052870730644
189.75951903807618,21.129339898016294,1.2857243220573016e-76,21.129339898016294
195.75150300601203,21.551015306158256,1.0813168275965977e-77,21.551015306158256
201.7434869739479,21.66767934158927,9.168437466704349e-79,21.66767934158927
207.7354709418838,21.474344849015655,8.006835399001109e-80,21.474344849015655
213.72745490981964,20.979266738516355,7.365438490071635e-81,20.979266738516355
219.71943887775552,20.203357332468645,7.232874714790627e-82,20.203357332468645
225.7114228456914,19.17872112574195,7.552812599603502e-83,19.17872112574195
231.70340681362728,17.946452005949947,8.232076315888118e-84,17.946452005949947
237.69539078156313,16.55390346014185,9.152204225882785e-85,16.55390346014185
243.687374749499,15.051684035073059,1.0182883206031975e-85,15.051684035073059
249.6793587174349,13.490642278319559,1.1195550533832867e-86,13.490642278319559
255.67134268537075,11.919087793879344,1.2075565456848615e-87,11.919087793879344
261.6633266533066,10.380452117877866,1.2731678024150304e-88,10.380452117877866
267.6553106212425,8.911532164061725,2.541065886890371e-89,8.911532164061725
273.6472945891784,7.541389066123356,4.416385633447315e-90,7.541389066123356
279.63927855711427,6.290905677035172,5.859014464204798e-91,6.290905677035172
285.63126252505015,5.172944976207967,6.850973356543267e-92,5.172944976207967
291.62324649298597,4.193005217687094,8.078522358114956e-93,4.193005217687094
297.61523046092185,3.3502391191841316,2.4753646624268746e-93,3.3502391191841316
303.60721442885773,2.638694224812617,3.605404653116379e-94,2.638694224812617
309.5991983967936,2.0486378217015737,4.2638124916604895e-95,2.0486378217015737
315.5911823647295,1.567848752490069,1.1152846674602082e-95,1.567848752490069
321.58316633266537,1.1827855273424623,2.0696494977673432e-96,1.1827855273424623
327.57515030060125,0.8795705859039213,2.5972085544427434e-97,0.8795705859039213
333.5671342685371,0.6447602452492827,7.000226038766936e-98,0.6447602452492827
339.55911823647295,0.46589565989129567,1.354919044366098e-98,0.46589565989129567
345.55110220440883,0.3318500873569626,1.6785787474278261e-99,0.3318500873569626
351.5430861723447,0.23300115104884683,5.993069822535923e-100,0.23300115104884683
357.5350701402806,0.1612638616611997,9.685848135425056e-101,0.1612638616611997
363.5270541082165,0.11002183973348946,1.7192378883250734e-101,0.11002183973348946
369.51903807615236,0.07399180277176098,5.349747561673107e-102,0.07399180277176098
375.5110220440882,0.049051373593374206,6.975850160541498e-103,0.049051373593374206
381.50300601202406,0.03205395307584278,2.8184260267769457e-103,0.03205395307584278
387.49498997995994,0.020647852007946138,4.356462609770637e-104,0.020647852007946138
393.4869739478958,0.013110855151721024,1.4172392128385676e-104,0.013110855151721024
399.4789579158317,0.008206349676969475,2.7387254656760655e-105,0.008206349676969475
405.4709418837676,0.005063279204713472,6.904126568803874e-106,0.005063279204713472
411.46292585170346,0.0030794743625893193,1.7503866917274582e-106,0.0030794743625893193
417.4549098196393,0.0018462230461782341,3.433173217326638e-107,0.0018462230461782341
423.44689378757516,0.0010910749919571308,1.1475546318211375e-107,0.0010910749919571308
429.43887775551104,0.0006356058620490198,1.947795268426675e-108,0.0006356058620490198
435.4308617234469,0.0003649925877487656,7.757817024208072e-109,0.0003649925877487656
441.4228456913828,0.0002066060594115429,1.3983448126645912e-109,0.0002066060594115429
447.4148296593187,0.00011528290793095743,5.405459069540647e-110,0.00011528290793095743
453.40681362725456,6.340881682568657e-05,1.2213052324969926e-110,6.340881682568657e-05
459.3987975951904,3.437931625170387e-05,3.858871911963159e-111,3.437931625170387e-05
465.39078156312627,1.8374167839113522e-05,1.1452444633120736e-111,1.8374167839113522e-05
471.38276553106215,9.680125366343595e-06,2.7964155888723995e-112,9.680125366343595e-06
477.374749498998,5.0270955877102734e-06,1.0616175404574613e-112,5.0270955877102734e-06
483.3667334669339,2.5734525390506245e-06,2.037007781671521e-113,2.5734525390506245e-06
489.3587174348698,1.2986079036794357e-06,9.437971235187731e-114,1.2986079036794357e-06
495.35070140280567,6.459557656651903e-07,1.4789305415294573e-114,6.459557656651903e-07
501.3426853707415,3.1673085625841216e-07,7.998596298718011e-115,3.1673085625841216e-07
507.3346693386774,1.5308788721780945e-07,1.2078871821413843e-115,1.5308788721780945e-07
513.3266533066133,7.293804902536528e-08,6.475521523410814e-116,7.293804902536528e-08
519.3186372745491,3.425550025614762e-08,2.317537255309154e-116,3.425550025614762e-08
525.310621242485,1.585876430286071e-08,5.028363838115339e-117,1.585876430286071e-08
531.3026052104209,7.237210982309837e-09,2.5187488278196568e-117,7.237210982309837e-09
537.2945891783568,3.255637042107429e-09,3.7604469524686756e-118,3.255637042107429e-09
543.2865731462927,1.4436555586898473e-09,2.2673499841314945e-118,1.4436555586898473e-09
549.2785571142285,6.310358783091316e-10,7.742530157943134e-119,6.310358783091316e-10
555.2705410821644,2.71898853159264e-10,1.842385213388384e-119,2.71898853159264e-10
561.2625250501003,1.1548446264833982e-10,9.667450509196396e-120,1.1548446264833982e-10
567.2545090180361,4.8350681371116784e-11,1.3981618020986823e-120,4.8350681371116784e-11
573.2464929859719,1.9954667610552656e-11,8.919640886535925e-121,1.9954667610552656e-11
579.2384769539078,8.1180039078717e-12,3.8576637520850282e-121,8.1180039078717e-12
585.2304609218437,3.2554938007045483e-12,7.196035891304904e-122,3.2554938007045483e-12
591.2224448897796,1.2869075474507766e-12,4.3115286830083267e-122,1.2869075474507766e-12
597.2144288577155,5.014650637447912e-13,1.4270214747117503e-122,5.014650637447912e-13
603.2064128256513,1.926180022936891e-13,3.733098248383129e-123,1.926180022936891e-13
609.1983967935872,7.293163091518083e-14,2.112855389132173e-123,7.293163091518083e-14
615.1903807615231,2.7220608868294494e-14,4.92612529881218e-124,2.7220608868294494e-14
621.182364729459,1.0014807447640822e-14,1.9666352082907908e-124,1.0014807447640822e-14
627.1743486973949,3.632036720416995e-15,1.0695251321035628e-124,3.632036720416995e-15
633.1663326653307,1.298436502907707e-15,1.7241505591633474e-125,1.298436502907707e-15
639.1583166332666,4.575663312144608e-16,1.0582835417805723e-125,4.575663312144608e-16
645.1503006012025,1.589462417133698e-16,5.686529149226184e-126,1.589462417133698e-16
651.1422845691383,5.442636439206943e-17,8.466101911751856e-127,5.442636439206943e-17
657.1342685370741,1.837093434858676e-17,5.8319020140798884e-127,1.837093434858676e-17
663.12625250501,6.112459913017423e-18,3.19770211640792e-127,6.112459913017423e-18
669.1182364729459,2.0047658757454826e-18,5.635022187359524e-128,2.0047658757454826e-18
675.1102204408818,6.48147958384229e-19,3.285816329217171e-128,6.48147958384229e-19
681.1022044088177,2.0656061218058265e-19,1.8888488954858218e-128,2.0656061218058265e-19
687.0941883767536,6.489088919797345e-20,4.918814617544726e-129,6.489088919797345e-20
693.0861723446894,2.0094758780229456e-20,1.8828914961401138e-129,2.0094758780229456e-20
699.0781563126253,6.134013504506968e-21,1.1526250905665213e-129,6.134013504506968e-21
705.0701402805612,1.845735719448474e-21,4.223586849929287e-130,1.845735719448474e-21
711.0621242484971,5.474660150703627e-22,1.0894469709833038e-130,5.474660150703627e-22
717.054108216433,1.6006916194624545e-22,7.131472166741699e-131,1.6006916194624545e-22
723.0460921843688,4.6133992025224676e-23,3.36847462365036e-131,4.6133992025224676e-23
729.0380761523047,1.3106817728093217e-23,6.317131363686349e-132,1.3106817728093217e-23
735.0300601202405,3.670593930900222e-24,4.4057638377625964e-132,3.670593930900222e-24
741.0220440881764,1.01330056106889e-24,2.4943963118388076e-132,1.01330056106889e-24
747.0140280561122,2.757421024807158e-25,5.830287859150189e-133,2.757421024807158e-25
753.0060120240481,7.396576287230841e-26,2.6897459616835545e-133,7.396576287230841e-26
758.997995991984,1.955785660692335e-26,1.7327453630145305e-133,1.955785660692335e-26
764.9899799599199,5.097704219567616e-27,7.75744764345506e-134,5.097704219567616e-27
770.9819639278558,1.3097574190683423e-27,1.6127649770191673e-134,1.3097574190683423e-27
776.9739478957916,3.317187039258898e-28,1.1404431293823064e-134,3.317187039258898e-28
782.9659318637275,8.281555394872614e-29,6.681212817454456e-135,8.281555394872614e-29
788.9579158316634,2.0380588537207512e-29,1.9579943410858475e-135,2.0380588537207512e-29
794.9498997995993,4.9440674802718074e-30,7.168450707819032e-136,4.9440674802718074e-30
800.9418837675352,1.182265228809001e-30,4.870600268760392e-136,1.182265228809001e-30
806.933867735471,2.786816047616878e-31,2.5727498297017532e-136,2.786816047616878e-31
812.9258517034069,6.47536937813969e-32,4.32924535727054e-137,6.47536937813969e-32
818.9178356713428,1.4831451305984825e-32,3.2272913766418572e-137,1.4831451305984825e-32
824.9098196392786,3.3486180351184413e-33,2.125337396013196e-137,3.3486180351184413e-33
830.9018036072144,7.452644961903196e-34,1.0233834153845134e-137,7.452644961903196e-34
836.8937875751503,1.6350013336180744e-34,2.0027252321208437e-138,1.6350013336180744e-34
842.8857715430862,3.53580779419586e-35,1.4818146129339032e-138,3.53580779419586e-35
848.8777555110221,7.53740836028306e-36,9.60903993746963e-139,7.53740836028306e-36
854.869739478958,1.5838655030293964e-36,4.399933745600227e-139,1.5838655030293964e-36
860.8617234468938,3.28078230071221e-37,9.394869270574106e-140,3.28078230071221e-37
866.8537074148297,6.698836614634077e-38,6.967582480529187e-140,6.698836614634077e-38
872.8456913827656,1.3482928024601619e-38,4.5402956904842685e-140,1.3482928024601619e-38
878.8376753507015,2.6750500096062867e-39,2.1130089004393497e-140,2.6750500096062867e-39
884.8296593186374,5.231695435268794e-40,4.4700558521502554e-141,5.231695435268794e-40
890.8216432865732,1.0085927919020894e-40,3.3551526153123716e-141,1.0085927919020894e-40
896.8136272545091,1.916691095799482e-41,2.240249378474488e-141,1.916691095799482e-41
902.805611222445,3.590469560134699e-42,1.1253461416366045e-141,3.590469560134699e-42
908.7975951903808,6.629995469344116e-43,2.1526123672536993e-142,6.629995469344116e-43
914.7895791583167,1.2068077006078852e-43,1.6478214456389172e-142,1.2068077006078852e-43
920.7815631262525,2.165338373816019e-44,1.1430305240241351e-142,2.165338373816019e-44
926.7735470941884,3.829802081274941e-45,6.382396024093529e-143,3.829802081274941e-45
932.7655310621243,6.677128708947105e-46,1.3344868079457062e-143,6.677128708947105e-46
938.7575150300602,1.1475352192221619e-46,8.197842674562348e-144,1.1475352192221619e-46
944.749498997996,1.944039825739842e-47,5.944930601853122e-144,1.944039825739842e-47
950.7414829659319,3.2464382791376605e-48,3.6920185291438964e-144,3.2464382791376605e-48
956.7334669338678,5.3440683248189444e-49,1.4391064564346703e-144,5.3440683248189444e-49
962.7254509018037,8.671609493436837e-50,4.099312945519925e-145,8.671609493436837e-50
968.7174348697396,1.38704413688555e-50,3.1081721176317686e-145,1.38704413688555e-50
974.7094188376755,2.186974444898927e-51,2.1170312897436123e-145,2.186974444898927e-51
980.7014028056113,3.399069106188594e-52,1.125890461855456e-145,3.399069106188594e-52
986.6933867735472,5.207618233193027e-53,2.045653507238755e-146,5.207618233193027e-53
992.685370741483,7.864681548714252e-54,1.6158351330444017e-146,7.864681548714252e-54
998.6773547094189,1.170808870194251e-54,1.1860167588500399e-146,1.170808870194251e-54
1004.6693386773547,1.7181209147670393e-55,7.561983846556782e-147,1.7181209147670393e-55
1010.6613226452906,2.485331382250643e-56,3.263800104613166e-147,2.485331382250643e-56
1016.6533066132265,3.5438696670252963e-57,8.291044785039418e-148,3.5438696670252963e-57
1022.6452905811624,4.9812006699873184e-58,6.453689501061784e-148,4.9812006699873184e-58
1028.6372745490983,6.901654155760122e-59,4.616334217084148e-148,6.901654155760122e-59
1034.629258517034,9.426168666235359e-60,2.7789789331065475e-148,9.426168666235359e-60
1040.62124248497,1.269053931188544e-60,9.416236491288781e-149,1.269053931188544e-60
1046.6132264529058,1.684177300772007e-61,3.4057820178535976e-149,1.684177300772007e-61
1052.6052104208418,2.203222708515482e-62,2.631569961645142e-149,2.203222708515482e-62
1058.5971943887776,2.8411348501465863e-63,1.8573579054367152e-149,2.8411348501465863e-63
1064.5891783567135,3.611504448285111e-64,1.0831458492282593e-149,3.611504448285111e-64
1070.5811623246493,4.525299415749968e-65,3.089337930198328e-150,4.525299415749968e-65
1076.5731462925853,5.589453449123721e-66,1.422243966890974e-150,5.589453449123721e-66
1082.565130260521,6.805408923386376e-67,1.1006666518691216e-150,6.805408923386376e-67
1088.557114228457,8.16774118286678e-68,7.790893368472572e-151,8.16774118286678e-68
1094.5490981963928,9.66301307992831e-69,4.5751202182540486e-151,9.66301307992831e-69
1100.5410821643288,1.1269016789612137e-69,1.3593470680354057e-151,1.1269016789612137e-69
1106.5330661322646,1.2954550344120352e-70,6.039970971978883e-152,1.2954550344120352e-70
1112.5250501002006,1.4679846652114966e-71,4.723323129470709e-152,1.4679846652114966e-71
1118.5170340681364,1.6397723284565932e-72,3.4066752869625846e-152,1.6397723284565932e-72
1124.5090180360721,1.8055455381619978e-73,2.0900274444544604e-152,1.8055455381619978e-73
1130.5010020040081,1.9597298063219047e-74,7.733796019462866e-153,1.9597298063219047e-74
1136.4929859719439,2.0967507562649193e-75,2.602215961999547e-153,2.0967507562649193e-75
1142.4849699398799,2.2113642141674202e-76,2.0708268217359194e-153,2.2113642141674202e-76
1148.4769539078156,2.298987472847092e-77,1.539437681472312e-153,2.298987472847092e-77
1154.4689378757516,2.3560027388926066e-78,1.0080485412086844e-153,2.3560027388926066e-78
1160.4609218436874,2.380004815631412e-79,4.76659400945077e-154,2.380004815631412e-79
1166.4529058116234,2.369969403282081e-80,1.1322081805195692e-154,2.369969403282081e-80
1172.4448897795592,2.3263256074553965e-81,9.208035011801816e-155,2.3263256074553965e-81
1178.4368737474952,2.250925504130587e-82,7.09398821840786e-155,2.250925504130587e-82
1184.428857715431,2.1469137689101988e-83,4.9799414250139844e-155,2.1469137689101988e-83
1190.420841683367,2.0185101576393583e-84,2.865894631620029e-155,2.0185101576393583e-84
1196.4128256513027,1.870725799848994e-85,7.51847838226153e-156,1.870725799848994e-85
1202.4048096192387,1.709039856395008e-86,4.1182401318413857e-156,1.709039856395008e-86
1208.3967935871744,1.5390655062129904e-87,3.2892001852709815e-156,1.5390655062129904e-87
1214.3887775551102,1.3662333340284407e-88,2.4601602387005773e-156,1.3662333340284407e-88
1220.3807615230462,1.1955163180248578e-89,1.6311202921301415e-156,1.1955163180248578e-89
1226.372745490982,1.0312144691083456e-90,8.020803455597373e-157,1.0312144691083456e-90
1232.364729458918,8.768097013433423e-92,1.8385115551098326e-157,8.768097013433423e-92
1238.3567134268537,7.348937490412408e-93,1.518035697244765e-157,7.348937490412408e-93
1244.3486973947897,6.071648464571454e-94,1.1975598393796857e-157,6.071648464571454e-94
1250.3406813627255,4.9448320229626255e-95,8.770839815146184e-158,4.9448320229626255e-95
1256.3326653306615,3.9697149781255995e-96,5.566081236495388e-158,3.9697149781255995e-96
1262.3246492985973,3.141448666290755e-97,2.3613226578447166e-158,3.141448666290755e-97
1268.3166332665332,2.450549432282315e-98,6.921653015189874e-159,2.450549432282315e-98
1274.308617234469,1.8843424252369384e-99,5.700488319353271e-159,1.8843424252369384e-99
1280.300601202405,1.4282987086709978e-100,4.4793236235166216e-159,1.4282987086709978e-100
1286.2925851703408,1.0671884578985616e-101,3.258158927680019e-159,1.0671884578985616e-101
1292.2845691382765,7.860063490481529e-103,2.036994231843416e-159,7.860063490481529e-103
1298.2765531062125,5.7065528971777e-104,8.158295360067669e-160,5.7065528971777e-104
1304.2685370741483,4.083988393615421e-105,2.6446712547125786e-160,4.083988393615421e-105
1310.2605210420843,2.8810978585986036e-106,2.1859886393245763e-160,2.8810978585986036e-106
1316.25250501002,2.0035232138832366e-107,1.7273060239365914e-160,2.0035232138832366e-107
1322.244488977956,1.3733891323547268e-108,1.2686234085485888e-160,1.3733891323547268e-108
1328.2364729458918,9.280164890379324e-110,8.099407931606039e-161,9.280164890379324e-110
1334.2284569138278,6.18131161281336e-111,3.5125817777260158e-161,6.18131161281336e-111
1340.2204408817636,4.05852701793031e-112,1.0248545594774394e-161,4.05852701793031e-112
1346.2124248496996,2.626752194042711e-113,8.550264808984938e-162,2.626752194042711e-113
1352.2044088176353,1.6758402790842152e-114,6.851984023195546e-162,1.6758402790842152e-114
1358.1963927855713,1.0539232953720004e-115,5.15370323740609e-162,1.0539232953720004e-115
1364.188376753507,6.533535303983492e-117,3.4554224516166983e-162,6.533535303983492e-117
1370.180360721443,3.992549772410412e-118,1.7571416658272417e-162,3.992549772410412e-118
1376.1723446893789,2.4050011826379227e-119,4.016103685082892e-163,2.4050011826379227e-119
1382.1643286573146,1.428048996127596e-120,3.3962831729770945e-163,1.428048996127596e-120
1388.1563126252506,8.358604586140182e-122,2.776462660871274e-163,8.358604586140182e-122
1394.1482965931864,4.822667408177735e-123,2.156642148765477e-163,4.822667408177735e-123
1400.1402805611224,2.7428603849045005e-124,1.536821636659656e-163,2.7428603849045005e-124
1406.1322645290581,1.5377401383119188e-125,9.170011245538587e-164,1.5377401383119188e-125
1412.1242484969941,8.49816301549691e-127,2.9718061244803775e-164,8.49816301549691e-127
1418.11623246493,4.629456667901261e-128,1.3613749669069067e-164,4.629456667901261e-128
1424.108216432866,2.4859812446428144e-129,1.138386869912821e-164,2.4859812446428144e-129
1430.1002004008017,1.3159171009524445e-130,9.153987729187438e-165,1.3159171009524445e-130
1436.0921843687377,6.866288899787469e-132,6.924106759246581e-165,6.866288899787469e-132
1442.0841683366734,3.531656635064333e-133,4.694225789305808e-165,3.531656635064333e-133
1448.0761523046094,1.7905965014651785e-134,2.4643448193649523e-165,1.7905965014651785e-134
1454.0681362725452,8.949110057567749e-136,5.46967152187759e-166,8.949110057567749e-136
1460.060120240481,4.408844944226173e-137,4.678889547915224e-166,4.408844944226173e-137
1466.052104208417,2.1410788431258153e-138,3.8881075739528276e-166,2.1410788431258153e-138
1472.0440881763527,1.0249515899061147e-139,3.097325599990461e-166,1.0249515899061147e-139
1478.0360721442887,4.8365636271458474e-141,2.3065436260280645e-166,4.8365636271458474e-141
1484.0280561122245,2.2497451080449903e-142,1.5157616520656983e-166,2.2497451080449903e-142
1490.0200400801605,1.031555467847351e-143,7.249796781033014e-167,1.031555467847351e-143
1496.0120240480962,4.6624556453414346e-145,1.9128139701872603e-167,4.6624556453414346e-145
1502.0040080160322,2.0773022899547123e-146,1.6363801105681125e-167,2.0773022899547123e-146
1507.995991983968,9.123207339664727e-148,1.3599462509489753e-167,9.123207339664727e-148
1513.987975951904,3.949646695799307e-149,1.0835123913298276e-167,3.949646695799307e-149
1519.9799599198398,1.6855118540627765e-150,8.070785317106904e-168,1.6855118540627765e-150
1525.9719438877758,7.090359118691267e-152,5.306446720915426e-168,7.090359118691267e-152
1531.9639278557115,2.940136624008987e-153,2.5421081247240542e-168,2.940136624008987e-153
1537.9559118236475,1.2017929450691251e-154,6.781135892890128e-169,1.2017929450691251e-154
1543.9478957915833,4.842332946887089e-156,5.828591633801978e-169,4.84233294688692e-156
1549.939879759519,1.9232799435759654e-157,4.876047374713828e-169,1.923279943513978e-157
1555.931863727455,7.529969496065578e-159,3.9235031156256427e-169,7.529969514660043e-159
1561.9238476953908,2.9060748079347165e-160,2.970958856537493e-169,2.9060392434315865e-160
1567.9158316633268,1.1055623010041482e-161,2.018414597449307e-169,1.1113793747425387e-161
1573.9078156312626,4.1459352121618587e-163,1.0658703383611578e-169,0.0
1579.8997995991986,1.5325853148217014e-164,2.4332086923181615e-170,0.0
1585.8917835671343,5.584569076308759e-166,2.109660787153542e-170,0.0
1591.8837675350703,2.0059381269063625e-167,1.78611288198891e-170,0.0
1597.875751503006,7.102451187411868e-169,1.4625649768242907e-170,0.0
1603.867735470942,2.4789161725817464e-170,1.139017071659659e-170,0.0
1609.8597194388778,8.528610538198116e-172,8.154691664950394e-171,0.0
1615.8517034068138,2.892394873435584e-173,4.919212613304079e-171,0.0
1621.8436873747496,9.669404805756323e-175,1.6837335616578848e-171,0.0
1627.8356713426856,3.186432770489764e-176,7.723497228403386e-172,0.0
1633.8276553106214,1.035076947033156e-177,6.640190167316843e-172,0.0
1639.8196392785571,3.314388177462198e-179,5.5568831062303e-172,0.0
1645.8116232464931,1.046157239430951e-180,4.473576045143715e-172,0.0
1651.803607214429,3.2550181679305864e-182,3.3902689840571716e-172,0.0
1657.795591182365,9.98326795159758e-184,2.3069619229705868e-172,0.0
1663.7875751503007,3.018247831094634e-185,1.2236548618840435e-172,0.0
1669.7795591182366,8.994974268271196e-187,2.8432539815290763e-173,0.0
1675.7715430861724,2.6424562889675817e-188,2.485714373876584e-173,0.0
1681.7635270541084,7.652063359587676e-190,2.128174766224078e-173,0.0
1687.7555110220442,2.1842993740803723e-191,1.7706351585715855e-173,0.0
1693.7474949899802,6.146227393449289e-193,1.4130955509190796e-173,0.0
1699.739478957916,1.704778443259873e-194,1.055555943266587e-173,0.0
1705.731462925852,4.661118293959007e-196,6.98016335614081e-174,0.0
1711.7234468937877,1.2562473639208889e-197,3.404767279615884e-174,0.0
1717.7154308617235,3.33751372659816e-199,9.299312468538415e-175,0.0
1723.7074148296595,8.740450473348279e-201,8.136107100187805e-175,0.0
1729.6993987975952,2.2563550047676683e-202,6.972901731837238e-175,0.0
1735.6913827655312,5.7417450360822174e-204,5.809696363486627e-175,0.0
1741.683366733467,1.440267746680844e-205,4.64649099513606e-175,0.0
1747.675350701403,3.561274298597778e-207,3.48328562678545e-175,0.0
1753.6673346693387,8.680214839599171e-209,2.3200802584348833e-175,0.0
1759.6593186372747,2.0855393176472165e-210,1.1568748900842718e-175,0.0
1765.6513026052105,4.939342570531849e-212,3.0822153715654617e-176,0.0
1771.6432865731465,1.1531419528839354e-213,2.7091814390662708e-176,0.0
1777.6352705410823,2.6537454100996073e-215,2.3361475065670935e-176,0.0
1783.6272545090183,6.020029203034269e-217,1.9631135740679026e-176,0.0
1789.619238476954,1.346172761052037e-218,1.5900796415687258e-176,0.0
1795.61122244489,2.967330071883048e-220,1.2170457090695345e-176,0.0
1801.6032064128258,6.44753600071553e-222,8.440117765703577e-177,0.0
1807.5951903807616,1.380970979804999e-223,4.709778440711808e-177,0.0
1813.5871743486975,2.9156687853696314e-225,1.0333181250532726e-177,0.0
1819.5791583166333,6.068127273507349e-227,9.153947149857772e-178,0.0
1825.5711422845693,1.2448987576311899e-228,7.974713049182773e-178,0.0
1831.563126252505,2.5175392171786014e-230,6.795478948507819e-178,0.0
1837.555110220441,5.018585346204233e-232,5.616244847832822e-178,0.0
1843.5470941883768,9.861642223215735e-234,4.4370107471578667e-178,0.0
1849.5390781563128,1.910205227924716e-235,3.257776646482868e-178,0.0
1855.5310621242486,3.647318377001098e-237,2.0785425458079142e-178,0.0
1861.5230460921846,6.864836197956766e-239,8.993084451329155e-179,0.0
1867.5150300601204,1.2736483630256058e-240,3.123880849217437e-179,0.0
1873.5070140280563,2.329333985314512e-242,2.756419624841084e-179,0.0
1879.498997995992,4.1992994316624146e-244,2.388958400464745e-179,0.0
1885.4909819639279,7.462507520792642e-246,2.0214971760884064e-179,0.0
1891.4829659318639,1.3072407549499847e-247,1.6540359517120534e-179,0.0
1897.4749498997996,2.2572997579236795e-249,1.2865747273357144e-179,0.0
1903.4669338677356,3.842251152491874e-251,9.191135029593613e-180,0.0
1909.4589178356714,6.446813737722955e-253,5.516522785830223e-180,0.0
1915.4509018036074,1.0662704030778995e-254,1.8419105420666927e-180,0.0
1921.4428857715432,1.7384109340253164e-256,9.577288494331544e-181,0.0
1927.4348697394792,2.7938326855053893e-258,8.448577254124266e-181,0.0
1933.426853707415,4.425997880222507e-260,7.31986601391703e-181,0.0
1939.418837675351,6.911699815514744e-262,6.19115477370975e-181,0.0
1945.4108216432867,1.0639504260190142e-263,5.062443533502515e-181,0.0
1951.4028056112227,1.614435788465743e-265,3.933732293295236e-181,0.0
1957.3947895791584,2.4148102939782056e-267,2.8050210530879994e-181,0.0
1963.3867735470944,3.560476464334795e-269,1.6763098128807212e-181,0.0
1969.3787575150302,5.174829899037002e-271,5.475985726734858e-182,0.0
1975.370741482966,7.413902951655707e-273,2.9805108825578347e-182,0.0
1981.362725450902,1.0470334909678869e-274,2.638756516313534e-182,0.0
1987.3547094188377,1.4575958018483972e-276,2.297002150069246e-182,0.0
1993.3466933867737,2.0002141843446662e-278,1.9552477838249452e-182,0.0
1999.3386773547095,2.7056944778124156e-280,1.6134934175806574e-182,0.0
2005.3306613226455,3.60781173179229e-282,1.2717390513363566e-182,0.0
2011.3226452905812,4.7421123195939556e-284,9.299846850920688e-183,0.0
2017.3146292585172,6.144162095017534e-286,5.88230318847768e-183,0.0
2023.306613226453,7.847229456858774e-288,2.464759526034802e-183,0.0
2029.298597194389,9.879452954341459e-290,9.40093264930899e-184,0.0
2035.2905811623248,1.2260616315188672e-291,8.380920773226789e-184,0.0
2041.2825651302608,1.4998732676819655e-293,7.360908897144549e-184,0.0
2047.2745490981965,1.8086714626765447e-295,6.340897021062348e-184,0.0
2053.2665330661325,2.1499465673157543e-297,5.320885144980107e-184,0.0
2059.258517034068,2.519175972081122e-299,4.3008732688979447e-184,0.0
2065.250501002004,2.9097267240634808e-301,3.2808613928157047e-184,0.0
2071.24248496994,3.312903295354769e-303,2.2608495167334646e-184,0.0
2077.234468937876,3.718160849066207e-305,1.2408376406512245e-184,0.0
2083.2264529058116,4.113490010090047e-307,2.9944174552439924e-185,0.0
2089.2184368737476,4.485961872391787e-309,2.6943241106927502e-185,0.0
2095.2104208416836,4.8224041959406e-311,2.3942307661415076e-185,0.0
2101.2024048096196,5.1100810404e-313,2.094137421590265e-185,0.0
2107.194388777555,5.34844743e-315,1.794044077039045e-185,0.0
2113.186372745491,4.6019586e-317,1.4939507324878026e-185,0.0
2119.178356713427,0.0,1.19385738793656e-185,0.0
2125.170340681363,0.0,8.937640433853175e-186,0.0
2131.1623246492986,0.0,5.936706988340978e-186,0.0
2137.1543086172346,0.0,2.9357735428285528e-186,0.0
2143.1462925851706,0.0,8.715215165511305e-187,0.0
2149.138276553106,0.0,7.844918094753317e-187,0.0
2155.130260521042,0.0,6.974621023995261e-187,0.0
2161.122244488978,0.0,6.104323953237206e-187,0.0
2167.114228456914,0.0,5.234026882479151e-187,0.0
2173.1062124248497,0.0,4.3637298117211615e-187,0.0
2179.0981963927857,0.0,3.493432740963107e-187,0.0
2185.0901803607217,0.0,2.6231356702050516e-187,0.0
2191.0821643286577,0.0,1.7528385994469962e-187,0.0
2197.074148296593,0.0,8.825415286890071e-188,0.0
2203.066132264529,0.0,2.570416276015186e-188,0.0
2209.058116232465,0.0,2.3216229390256944e-188,0.0
2215.050100200401,0.0,2.0728296020362028e-188,0.0
2221.0420841683367,0.0,1.82403626504673e-188,0.0
2227.0340681362727,0.0,1.5752429280572383e-188,0.0
2233.0260521042087,0.0,1.3264495910677468e-188,0.0
2239.0180360721442,0.0,1.0776562540782741e-188,0.0
2245.0100200400802,0.0,8.288629170887824e-189,0.0
2251.0020040080162,0.0,5.800695800992908e-189,0.0
2256.993987975952,0.0,3.3127624310979913e-189,0.0
2262.9859719438878,0.0,8.248290612032629e-190,0.0
2268.9779559118238,0.0,6.967780636989105e-190,0.0
2274.9699398797597,0.0,6.266696604043799e-190,0.0
2280.9619238476957,0.0,5.565612571098493e-190,0.0
2286.9539078156313,0.0,4.86452853815324e-190,0.0
2292.9458917835673,0.0,4.163444505207934e-190,0.0
2298.9378757515033,0.0,3.462360472262628e-190,0.0
2304.9298597194393,0.0,2.7612764393173216e-190,0.0
2310.921843687375,0.0,2.0601924063720686e-190,0.0
2316.913827655311,0.0,1.3591083734267626e-190,0.0
2322.905811623247,0.0,6.580243404814567e-191,0.0
2328.8977955911823,0.0,2.1116643724611094e-191,0.0
2334.8897795591183,0.0,1.916921506775839e-191,0.0
2340.8817635270543,0.0,1.7221786410905686e-191,0.0
2346.8737474949903,0.0,1.527435775405298e-191,0.0
2352.865731462926,0.0,1.3326929097200421e-191,0.0
2358.857715430862,0.0,1.1379500440347717e-191,0.0
2364.849699398798,0.0,9.432071783495012e-192,0.0
2370.841683366734,0.0,7.484643126642306e-192,0.0
2376.8336673346694,0.0,5.537214469789748e-192,0.0
2382.8256513026054,0.0,3.589785812937044e-192,0.0
2388.8176352705414,0.0,1.6423571560843403e-192,0.0
2394.8096192384774,0.0,5.894404542245031e-193,0.0
2400.801603206413,0.0,5.361176197980228e-193,0.0
2406.793587174349,0.0,4.827947853715383e-193,0.0
2412.785571142285,0.0,4.2947195094505386e-193,0.0
2418.7775551102204,0.0,3.761491165185734e-193,0.0
2424.7695390781564,0.0,3.2282628209208894e-193,0.0
2430.7615230460924,0.0,2.695034476656045e-193,0.0
2436.7535070140284,0.0,2.1618061323912002e-193,0.0
2442.745490981964,0.0,1.6285777881263956e-193,0.0
2448.7374749499,0.0,1.095349443861551e-193,0.0
2454.729458917836,0.0,5.621210995967064e-194,0.0
2460.721442885772,0.0,1.6665638344152294e-194,0.0
2466.7134268537075,0.0,1.5226425165298282e-194,0.0
2472.7054108216435,0.0,1.3787211986444163e-194,0.0
2478.6973947895794,0.0,1.234799880759004e-194,0.0
2484.689378757515,0.0,1.0908785628736028e-194,0.0
2490.681362725451,0.0,9.469572449881906e-195,0.0
2496.673346693387,0.0,8.030359271027784e-195,0.0
2502.665330661323,0.0,6.5911460921736634e-195,0.0
2508.6573146292585,0.0,5.151932913319651e-195,0.0
2514.6492985971945,0.0,3.712719734465529e-195,0.0
2520.6412825651305,0.0,2.2735065556114082e-195,0.0
2526.6332665330665,0.0,8.342933767572861e-196,0.0
2532.625250501002,0.0,4.376164484265516e-196,0.0
2538.617234468938,0.0,3.993253964896431e-196,0.0
2544.609218436874,0.0,3.610343445527345e-196,0.0
2550.60120240481,0.0,3.227432926158259e-196,0.0
2556.5931863727455,0.0,2.8445224067892023e-196,0.0
2562.5851703406815,0.0,2.4616118874201164e-196,0.0
2568.5771543086175,0.0,2.0787013680510306e-196,0.0
2574.569138276553,0.0,1.6957908486819741e-196,0.0
2580.561122244489,0.0,1.3128803293128883e-196,0.0
2586.553106212425,0.0,9.299698099438024e-197,0.0
2592.545090180361,0.0,5.470592905747165e-197,0.0
2598.5370741482966,0.0,1.641487712056596e-197,0.0
2604.5290581162326,0.0,1.1659284766686034e-197,0.0
2610.5210420841686,0.0,1.0655062662231302e-197,0.0
2616.5130260521046,0.0,9.65084055777657e-198,0.0
2622.50501002004,0.0,8.646618453321913e-198,0.0
2628.496993987976,0.0,7.642396348867181e-198,0.0
2634.488977955912,0.0,6.638174244412449e-198,0.0
2640.480961923848,0.0,5.633952139957717e-198,0.0
2646.4729458917836,0.0,4.629730035503061e-198,0.0
2652.4649298597196,0.0,3.625507931048329e-198,0.0
2658.4569138276556,0.0,2.6212858265935983e-198,0.0
2664.448897795591,0.0,1.617063722138942e-198,0.0
2670.440881763527,0.0,6.128416176842099e-199,0.0
2676.432865731463,0.0,3.15005320849951e-199,0.0
2682.424849699399,0.0,2.8904424997173984e-199,0.0
2688.4168336673347,0.0,2.630831790935306e-199,0.0
2694.4088176352707,0.0,2.3712210821531943e-199,0.0
2700.4008016032067,0.0,2.1116103733710824e-199,0.0
2706.3927855711427,0.0,1.8519996645889708e-199,0.0
2712.384769539078,0.0,1.5923889558068787e-199,0.0
2718.376753507014,0.0,1.332778247024767e-199,0.0
2724.36873747495,0.0,1.073167538242655e-199,0.0
2730.360721442886,0.0,8.135568294605432e-200,0.0
2736.3527054108217,0.0,5.539461206784514e-200,0.0
2742.3446893787577,0.0,2.9433541189633954e-200,0.0
2748.3366733466937,0.0,8.60620571361039e-201,0.0
2754.3286573146293,0.0,7.944635697122388e-201,0.0
2760.3206412825652,0.0,7.283065680634336e-201,0.0
2766.3126252505012,0.0,6.621495664146285e-201,0.0
2772.3046092184372,0.0,5.959925647658233e-201,0.0
2778.296593186373,0.0,5.298355631170232e-201,0.0
2784.2885771543088,0.0,4.6367856146821805e-201,0.0
2790.2805611222448,0.0,3.975215598194129e-201,0.0
2796.2725450901808,0.0,3.313645581706077e-201,0.0
2802.2645290581163,0.0,2.6520755652180755e-201,0.0
2808.2565130260523,0.0,1.9905055487300247e-201,0.0
2814.2484969939883,0.0,1.3289355322419726e-201,0.0
2820.2404809619243,0.0,6.673655157539204e-202,0.0
2826.23246492986,0.0,2.2011319596480524e-202,0.0
2832.224448897796,0.0,2.034947868176615e-202,0.0
2838.216432865732,0.0,1.8687637767051774e-202,0.0
2844.2084168336673,0.0,1.7025796852337525e-202,0.0
2850.2004008016033,0.0,1.5363955937623151e-202,0.0
2856.1923847695393,0.0,1.3702115022908775e-202,0.0
2862.1843687374753,0.0,1.20402741081944e-202,0.0
2868.176352705411,0.0,1.037843319348015e-202,0.0
2874.168336673347,0.0,8.716592278765774e-203,0.0
2880.160320641283,0.0,7.054751364051398e-203,0.0
2886.152304609219,0.0,5.392910449337022e-203,0.0
2892.1442885771544,0.0,3.731069534622773e-203,0.0
2898.1362725450904,0.0,2.0692286199083967e-203,0.0
2904.1282565130264,0.0,5.700446394779512e-204,0.0
2910.120240480962,0.0,5.288952364727429e-204,0.0
2916.112224448898,0.0,4.8774583346753135e-204,0.0
2922.104208416834,0.0,4.465964304623199e-204,0.0
2928.09619238477,0.0,4.054470274571084e-204,0.0
2934.0881763527054,0.0,3.642976244519001e-204,0.0
2940.0801603206414,0.0,3.231482214466886e-204,0.0
2946.0721442885774,0.0,2.8199881844147712e-204,0.0
2952.0641282565134,0.0,2.4084941543626564e-204,0.0
2958.056112224449,0.0,1.997000124310573e-204,0.0
2964.048096192385,0.0,1.5855060942584586e-204,0.0
2970.040080160321,0.0,1.1740120642063435e-204,0.0
2976.032064128257,0.0,7.62518034154229e-205,0.0
2982.0240480961925,0.0,3.510240041021457e-205,0.0
2988.0160320641285,0.0,1.3903538927140731e-205,0.0
2994.0080160320645,0.0,1.2899158767541995e-205,0.0
3000.0,0.0,1.1894778607943334e-205,0.0
