Time (s),Observed Photon Flux,Approx. Photon Energy (MeV),Predicted Time Delay (s)
0.0,4.11339132e-08,0.041133913200000004,0.0
0.6864999999999952,4.47169108e-08,0.0447169108,2.2899175135352977e-09
1.4805999999999955,3.81334028e-08,0.0381334028,4.938749993503824e-09
2.295099999999991,3.76679328e-08,0.037667932800000005,7.655629548892757e-09
3.0245000000000033,4.854327e-08,0.04854327,1.008864605926812e-08
3.6769999999999925,4.03160744e-08,0.0403160744,1.2265151780436025e-08
4.375299999999996,4.97692272e-08,0.0497692272,1.4594429857204732e-08
5.023399999999995,4.683447e-08,0.046834469999999996,1.6756258758183953e-08
5.740499999999997,3.87306284e-08,0.0387306284,1.914824688484991e-08
6.524699999999996,4.21546008e-08,0.042154600800000004,2.1764056519393814e-08
7.160200000000003,3.239309148e-08,0.032393091480000004,2.3883856344378094e-08
7.8537000000000035,4.15974964e-08,0.041597496399999996,2.619712334457728e-08
8.582399999999993,3.93614248e-08,0.0393614248,2.8627804906286178e-08
9.338499999999996,4.18327412e-08,0.041832741199999995,3.1149883030079414e-08
10.137,3.458929108e-08,0.03458929108,3.381339233023667e-08
10.92479999999999,3.00379094e-08,0.0300379094,3.6441210272207685e-08
11.627499999999998,4.57986168e-08,0.045798616800000004,3.878516516916512e-08
12.298299999999998,4.3289778e-08,0.043289778,4.1022713119754326e-08
13.0141,3.0793021e-08,0.030793021,4.34103649131827e-08
13.79379999999999,3.60158436e-08,0.0360158436,4.6011164163442664e-08
14.532600000000002,3.04414532e-08,0.0304414532,4.847553569876665e-08
15.252299999999991,3.83971988e-08,0.0383971988,5.0876196491907715e-08
16.08449999999999,3.83166004e-08,0.038316600400000005,5.3652116892146736e-08
16.894999999999996,3.789442e-08,0.037894420000000005,5.6355653883727775e-08
17.598799999999997,3.37052256e-08,0.0337052256,5.8703277985732374e-08
18.2547,3.084929392e-08,0.030849293920000003,6.089112488613706e-08
18.909499999999994,2.851286592e-08,0.02851286592,6.307530258149455e-08
19.71849999999999,2.453336264e-08,0.02453336264,6.577383611164759e-08
20.416799999999995,2.809429536e-08,0.02809429536,6.810311418841629e-08
21.190299999999993,2.667785324e-08,0.02667785324,7.068323246477399e-08
21.942300000000003,3.019182956e-08,0.03019182956,7.319163446066413e-08
22.581699999999998,3.284378392e-08,0.03284378392,7.53244432853611e-08
23.306600000000003,2.762694568e-08,0.02762694568,7.774244941145251e-08
24.032299999999992,3.090155828e-08,0.03090155828,8.016312405030547e-08
24.64399999999999,3.390741936e-08,0.033907419359999996,8.220353562063256e-08
25.340099999999993,2.83329008e-08,0.0283329008,8.45254752873069e-08
26.1075,2.628178544e-08,0.02628178544,8.708524615385755e-08
26.8703,2.702356128e-08,0.02702356128,8.962967307202906e-08
27.745199999999997,2.287449164e-08,0.02287449164,9.254802534091767e-08
28.510199999999998,2.825208168e-08,0.02825208168,9.509979066918353e-08
29.20859999999999,3.263646732e-08,0.03263646732,9.74294023100474e-08
29.996799999999993,2.887327676e-08,0.02887327676,1.0005855450839925e-07
30.85409999999999,2.080870196e-08,0.02080870196,1.0291819949653299e-07
31.698999999999984,2.862581048e-08,0.02862581048,1.0573648253686216e-07
32.494699999999995,2.179648448e-08,0.02179648448,1.083906520423539e-07
33.39189999999999,2.504931344e-08,0.025049313440000002,1.1138338910447171e-07
34.2688,2.299550672e-08,0.02299550672,1.1430841265526432e-07
35.16499999999999,2.628502504e-08,0.02628502504,1.1729781407643015e-07
35.937899999999985,2.34836112e-08,0.023483611199999997,1.1987593096821665e-07
36.82820000000001,2.533087028e-08,0.02533087028,1.2284565210776585e-07
37.58250000000001,2.556616136e-08,0.025566161360000002,1.2536172607784552e-07
38.429,2.442587556e-08,0.02442587556,1.2818534614369786e-07
39.322299999999984,2.417107568e-08,0.02417107568,1.311650742061029e-07
40.050700000000006,2.880396712e-08,0.02880396712,1.335947550755263e-07
40.9675,1.874448224e-08,0.01874448224,1.3665287070030294e-07
41.990099999999984,2.249257128e-08,0.02249257128,1.4006389713779918e-07
42.891099999999994,2.139227496e-08,0.02139227496,1.4306930963553457e-07
43.7551,2.669089708e-08,0.026690897079999998,1.4595130341804662e-07
44.686499999999995,1.790524072e-08,0.01790524072,1.490581194007222e-07
45.6944,2.379773848e-08,0.02379773848,1.5242011191622439e-07
46.4451,2.752662844e-08,0.02752662844,1.549241775788769e-07
47.23599999999999,2.552668808e-08,0.02552668808,1.5756233600779908e-07
48.11070000000001,2.65169804e-08,0.026516980399999997,1.6048002114849736e-07
48.9383,2.290088548e-08,0.02290088548,1.6324059760035723e-07
49.74689999999998,2.294959696e-08,0.022949596960000002,1.6593779687412944e-07
50.8485,1.813872688e-08,0.018138726879999997,1.6961233894683236e-07
51.752099999999984,2.519411288e-08,0.025194112879999998,1.726264241110428e-07
52.783500000000004,1.873476344e-08,0.01873476344,1.760668041889166e-07
53.76849999999999,1.941872844e-08,0.019418728439999998,1.7935241052661834e-07
54.82249999999999,1.967866184e-08,0.01967866184,1.8286817609000688e-07
55.886499999999984,1.823949624e-08,0.01823949624,1.864172980629152e-07
57.0805,1.604056612e-08,0.01604056612,1.9040005335958117e-07
58.07739999999998,2.719918676e-08,0.02719918676,1.9372535382461151e-07
58.98650000000001,1.715670444e-08,0.01715670444,1.9675778501405798e-07
60.303499999999985,1.740710416e-08,0.01740710416,2.0115082414781757e-07
61.45849999999999,1.681782092e-08,0.01681782092,2.0500348944735624e-07
62.400499999999994,2.347179912e-08,0.02347179912,2.0814566322412284e-07
63.0292,1.546241144e-08,0.01546241144,2.1024278069063367e-07
63.584299999999985,1.641868796e-08,0.01641868796,2.1209439498307855e-07
64.1131,1.515474556e-08,0.015154745560000002,2.1385828191848642e-07
64.638,1.530378496e-08,0.01530378496,2.1560915985418154e-07
65.1902,1.946498708e-08,0.01946498708,2.1745110078786574e-07
65.73060000000001,1.476780204e-08,0.01476780204,2.1925368115831657e-07
66.37799999999999,1.324243104e-08,0.01324243104,2.2141317511062933e-07
66.9777,1.46907672e-08,0.0146907672,2.234135589895327e-07
67.494,1.653545596e-08,0.01653545596,2.2513575041304075e-07
68.02949999999998,1.64836366e-08,0.0164836366,2.269219861428268e-07
68.5625,1.567358708e-08,0.015673587080000002,2.28699882770233e-07
69.08859999999999,1.965288388e-08,0.01965288388,2.3045476347507044e-07
69.5891,1.796964824e-08,0.01796964824,2.3212425177153722e-07
70.1805,1.467027584e-08,0.01467027584,2.3409694983053908e-07
70.69550000000001,1.68512422e-08,0.0168512422,2.3581480492080962e-07
71.243,1.532445788e-08,0.015324457880000001,2.3764106834201945e-07
71.773,1.683343152e-08,0.01683343152,2.3940895804656964e-07
72.25819999999999,1.900590728e-08,0.01900590728,2.410274110364711e-07
72.8089,1.494384048e-08,0.014943840479999998,2.428643485087273e-07
73.3535,1.799356076e-08,0.01799356076,2.4468093857117645e-07
73.8517,1.67399388e-08,0.0167399388,2.4634275489345364e-07
74.4032,1.87790356e-08,0.0187790356,2.4818236087847145e-07
74.88759999999999,1.828975632e-08,0.01828975632,2.497981453556113e-07
75.3928,1.595794208e-08,0.01595794208,2.5148331116455237e-07
75.91409999999999,1.84986678e-08,0.0184986678,2.532221807928203e-07
76.44399999999999,2.070881192e-08,0.02070881192,2.5498973693327533e-07
76.93969999999999,1.74799204e-08,0.017479920399999998,2.5664321415317253e-07
77.4486,1.76038618e-08,0.0176038618,2.58340721833636e-07
78.03739999999999,1.35081708e-08,0.0135081708,2.603047472261627e-07
78.6175,1.557849236e-08,0.015578492360000001,2.6223975254240723e-07
79.1765,1.52984414e-08,0.015298441400000001,2.6410437583456486e-07
79.72200000000001,1.580253384e-08,0.01580253384,2.659239679738708e-07
80.2585,1.501277276e-08,0.015012772760000001,2.677135393446089e-07
80.857,1.401417496e-08,0.01401417496,2.697099204543698e-07
81.40780000000001,1.792008592e-08,0.01792008592,2.715471914907213e-07
81.93969999999999,1.491981404e-08,0.01491981404,2.7332141891308015e-07
82.5652,1.223153344e-08,0.01223153344,2.7540786232854463e-07
83.2457,1.2919596e-08,0.012919596,2.7767776599636806e-07
83.90639999999999,1.481365128e-08,0.01481365128,2.7988162397334224e-07
84.5607,1.137798784e-08,0.01137798784,2.8206413384822375e-07
85.2003,1.722827112e-08,0.01722827112,2.8419760980111113e-07
85.81889999999999,1.338081892e-08,0.01338081892,2.8626103729400686e-07
86.49119999999999,1.105485376e-08,0.01105485376,2.8850358870602405e-07
87.21529999999998,1.30176206e-08,0.0130176206,2.9091892631935385e-07
87.9914,1.186721728e-08,0.01186721728,2.935077172621868e-07
88.61689999999999,1.37952136e-08,0.0137952136,2.9559416067765115e-07
89.32820000000001,1.239786376e-08,0.012397863759999999,2.979668020867957e-07
90.01149999999998,1.23974864e-08,0.0123974864,3.0024604554928457e-07
90.8699,9.3951426e-09,0.0093951426,3.031093597424656e-07
91.63909999999998,1.351557916e-08,0.013515579160000001,3.056751347627297e-07
92.44039999999998,9.34091312e-09,0.00934091312,3.083479838575525e-07
93.37109999999998,1.005463616e-08,0.01005463616,3.1145246489156167e-07
94.12809999999999,1.161947332e-08,0.01161947332,3.139775450922117e-07
94.88909999999998,1.027445548e-08,0.01027445548,3.1651596785666965e-07
95.68459999999999,1.151561032e-08,0.01151561032,3.1916947023397094e-07
96.578,1.021432708e-08,0.01021432708,3.221495318604713e-07
97.3657,9.58269764e-09,0.009582697639999999,3.2477701623834713e-07
98.2955,8.08017828e-09,0.00808017828,3.278784951954996e-07
99.3869,1.018793324e-08,0.010187933239999999,3.315190137304922e-07
100.3255,7.97079372e-09,0.007970793720000001,3.3464984632802205e-07
101.2507,9.85688528e-09,0.00985688528,3.377359813367953e-07
102.0659,1.107392468e-08,0.01107392468,3.4045519584085067e-07
102.97809999999998,9.21075596e-09,0.009210755959999999,3.4349796751724814e-07
103.9196,9.11957724e-09,0.009119577240000001,3.466384734735388e-07
104.7466,1.171757624e-08,0.01171757624,3.4939704854082755e-07
105.49090000000001,1.112256496e-08,0.011122564960000001,3.518797661013874e-07
106.35329999999999,1.006244324e-08,0.01006244324,3.5475642285837623e-07
107.2378,8.78144488e-09,0.00878144488,3.5770679728040387e-07
108.30449999999999,8.58210624e-09,0.00858210624,3.6126492548388257e-07
109.3115,7.42428744e-09,0.00742428744,3.6462391592252794e-07
110.33859999999999,9.52740728e-09,0.009527407279999999,3.6804995274430813e-07
111.30449999999999,8.58206708e-09,0.00858206708,3.712718483398271e-07
112.32050000000001,8.08711672e-09,0.00808711672,3.746608595470404e-07
113.4145,7.56240476e-09,0.0075624047600000004,3.7831005074850817e-07
114.4632,1.061684204e-08,0.010616842040000001,3.818081374148512e-07
115.4305,7.2624e-09,0.0072624000000000005,3.850347029077029e-07
116.5421,8.97081196e-09,0.00897081196,3.8874260138992557e-07
117.4965,7.76690184e-09,0.007766901840000001,3.9192613711449673e-07
118.7365,6.96614748e-09,0.0069661474800000005,3.9606233189495384e-07
119.9665,6.50952052e-09,0.00650952052,4.0016517026589107e-07
121.19749999999999,6.92615088e-09,0.00692615088,4.042713442777803e-07
122.4135,7.726446e-09,0.0077264460000000005,4.0832748367538985e-07
123.55449999999999,7.3955974e-09,0.0073955974,4.1213345000160073e-07
124.6465,7.89102836e-09,0.007891028360000002,4.157759699211646e-07
125.6874,8.3604464e-09,0.0083604464,4.1924803858808214e-07
126.70150000000001,6.33322576e-09,0.00633322576,4.2263071207748664e-07
127.76849999999999,6.008479e-09,0.006008479,4.2618984097325084e-07
128.9255,6.11401876e-09,0.00611401876,4.300491775546935e-07
130.0805,6.07907024e-09,0.00607907024,4.339018428542322e-07
130.983,8.85965452e-09,0.00885965452,4.369122588133955e-07
131.8675,6.20781764e-09,0.00620781764,4.3986263323542316e-07
133.0665,5.9896466e-09,0.0059896466,4.43862066736849e-07
134.1075,6.62104464e-09,0.00662104464,4.473344689678617e-07
135.1175,6.18336756e-09,0.00618336756,4.507034663293631e-07
136.0863,8.49696528e-09,0.008496965280000001,4.539350352836428e-07
137.18449999999999,5.304578e-09,0.005304578,4.5759823617710885e-07
138.4505,5.27697376e-09,0.0052769737599999995,4.6182115762231755e-07
139.6925,5.29826256e-09,0.005298262559999999,4.6596402368467855e-07
140.9765,5.7424402e-09,0.0057424402,4.7024698666702277e-07
142.0965,6.56043564e-09,0.00656043564,4.739829045332421e-07
143.3525,4.47873988e-09,0.00447873988,4.781724695689309e-07
144.8605,4.87962436e-09,0.004879624359999999,4.832026161245191e-07
146.1075,4.79352576e-09,0.0047935257599999994,4.873621603916399e-07
147.59449999999998,5.07263688e-09,0.00507263688,4.923222584872364e-07
149.0885,4.44159484e-09,0.00444159484,4.97305706069497e-07
150.3545,5.65886208e-09,0.005658862079999999,5.015286275147056e-07
151.5225,5.98189648e-09,0.00598189648,5.0542465614662e-07
152.7245,4.19577328e-09,0.00419577328,5.094340965709018e-07
154.4655,4.49139568e-09,0.00449139568,5.152414474683015e-07
155.9585,4.24665636e-09,0.00424665636,5.2022155940961e-07
157.42849999999999,4.73597124e-09,0.00473597124,5.251249516090228e-07
158.85649999999998,3.96985212e-09,0.00396985212,5.298882468884524e-07
159.94709999999998,4.61353216e-09,0.00461353216,5.335260969106834e-07
160.5865,4.02590432e-09,0.00402590432,5.356589057353805e-07
161.1594,4.5253118e-09,0.0045253118,5.375698944367706e-07
161.7504,3.409037132e-09,0.003409037132,5.395412582393918e-07
162.2869,4.48478476e-09,0.00448478476,5.413308296101298e-07
162.96089999999998,3.82878712e-09,0.0038287871200000006,5.435790516117653e-07
163.5478,5.00791608e-09,0.00500791608,5.455367392864834e-07
164.18599999999998,3.88888704e-09,0.00388888704,5.476655453420379e-07
164.7912,4.57094032e-09,0.0045709403199999995,5.496842752461771e-07
165.4056,3.7326244e-09,0.0037326243999999996,5.517336930470746e-07
166.08139999999997,4.31852208e-09,0.00431852208,5.539879192024236e-07
166.68110000000001,4.1848868e-09,0.0041848868,5.559883030813271e-07
167.35399999999998,4.15020172e-09,0.00415020172,5.582328558779153e-07
167.9183,3.445261556e-09,0.0034452615559999998,5.601151580671185e-07
168.4812,4.32969336e-09,0.00432969336,5.61992790358989e-07
169.09910000000002,4.60858376e-09,0.00460858376,5.640538829032184e-07
169.67399999999998,3.435308508e-09,0.003435308508,5.659715428865125e-07
170.2244,3.532076428e-09,0.0035320764280000003,5.678074796664831e-07
170.7928,4.35360944e-09,0.0043536094400000004,5.697034579835894e-07
171.40879999999999,4.17223456e-09,0.00417223456,5.7175821281001e-07
172.00529999999998,3.552189004e-09,0.0035521890040000003,5.737479226378669e-07
172.57780000000002,3.77911444e-09,0.0037791144399999996,5.756575770828766e-07
173.2095,3.477333596e-09,0.003477333596,5.777647014722432e-07
173.77210000000002,3.454868572e-09,0.003454868572,5.79641333071828e-07
174.37630000000001,3.70375636e-09,0.0037037563599999998,5.816567273350152e-07
175.0213,4.0248826e-09,0.004024882600000001,5.838082157490433e-07
175.6223,3.3852574e-09,0.0033852574,5.858129359611842e-07
176.2794,3.8377512e-09,0.0038377512000000004,5.880047856307312e-07
176.93669999999997,3.542891352e-09,0.0035428913519999997,5.901973024284686e-07
177.541,4.11505028e-09,0.00411505028,5.922130302557511e-07
178.20999999999998,3.67242836e-09,0.00367242836,5.944445740526267e-07
178.88760000000002,3.4444424e-09,0.0034444424,5.967048043616895e-07
179.46120000000002,3.094486924e-09,0.003094486924,5.986181280117461e-07
180.0618,2.81814762e-09,0.00281814762,6.006215139675061e-07
180.6922,3.65462836e-09,0.00365462836,6.027243020236353e-07
181.3748,3.437652056e-09,0.003437652056,6.050012105374578e-07
182.0625,3.543092136e-09,0.0035430921359999997,6.072951308201355e-07
182.83749999999998,3.84049596e-09,0.00384049596,6.098802525579211e-07
183.46609999999998,3.443612208e-09,0.003443612208,6.119770364603367e-07
183.99419999999998,3.307195144e-09,0.003307195144,6.137385884470782e-07
184.50349999999997,3.510178868e-09,0.0035101788679999997,6.154374303839223e-07
185.1794,2.950275952e-09,0.002950275952,6.176919901033667e-07
185.668,3.242359712e-09,0.003242359712,6.19321784272505e-07
186.29500000000002,2.597356064e-09,0.0025973560639999996,6.214132311493974e-07
186.8958,3.40871068e-09,0.00340871068,6.234172842333479e-07
187.459,3.527682676e-09,0.003527682676,6.252959172175039e-07
188.1769,3.79356804e-09,0.0037935680399999996,6.276905738569313e-07
188.98579999999998,2.17715182e-09,0.0021771518199999998,6.303887738229891e-07
189.62290000000002,3.011900264e-09,0.003011900264,6.325139106734967e-07
190.2314,2.979465816e-09,0.002979465816,6.345436481927775e-07
190.8317,3.085556308e-09,0.003085556308,6.365460334562519e-07
191.4443,2.503519804e-09,0.0025035198040000003,6.385894471034358e-07
192.16660000000002,3.8710728e-09,0.0038710727999999995,6.409987805630521e-07
192.8263,2.506000768e-09,0.002506000768,6.431993028990743e-07
193.45600000000002,2.966956688e-09,0.002966956688,6.452997560065371e-07
194.0924,2.654710512e-09,0.002654710512,6.474225579083781e-07
194.7717,3.182293968e-09,0.003182293968,6.496884588070592e-07
195.3286,2.7117499e-09,0.0027117498999999997,6.515460772532176e-07
195.97910000000002,2.857704204e-09,0.002857704204,6.537159116924816e-07
196.54919999999998,3.44290448e-09,0.00344290448,6.556175605992062e-07
197.0786,3.066168548e-09,0.003066168548,6.573834489191853e-07
197.70690000000002,3.272178272e-09,0.003272178272,6.594792321293153e-07
198.2482,2.958401296e-09,0.002958401296,6.612848145766229e-07
198.87400000000002,2.748744708e-09,0.002748744708,6.63372258684373e-07
199.56349999999998,2.43126996e-09,0.00243126996,6.656721831207641e-07
200.23739999999998,3.029337856e-09,0.003029337856,6.679200715583045e-07
200.7935,2.90712092e-09,0.0029071209200000002,6.697750214917014e-07
201.4631,2.509409824e-09,0.002509409824,6.720085666731482e-07
202.18990000000002,2.717606456e-09,0.002717606456,6.744329105170485e-07
202.8365,2.83313166e-09,0.00283313166,6.765897359565997e-07
203.4321,3.264258696e-09,0.0032642586959999997,6.785764437075998e-07
204.0104,2.556305348e-09,0.002556305348,6.805054448701308e-07
204.6443,3.209893936e-09,0.003209893936,6.826199076695919e-07
205.2808,2.890193476e-09,0.002890193476,6.847430431355281e-07
205.84159999999997,3.558865784e-09,0.003558865784,6.866136705813992e-07
206.58870000000002,2.282027996e-09,0.0022820279959999998,6.891057279366248e-07
207.3034,2.442964204e-09,0.0024429642039999998,6.91489710525006e-07
208.0455,2.521691112e-09,0.002521691112,6.939650896754714e-07
208.6866,3.047340776e-09,0.003047340776,6.961035690897868e-07
209.28699999999998,2.969600344e-09,0.0029696003439999997,6.981062879173565e-07
209.8952,2.586324692e-09,0.002586324692,7.001350247443516e-07
210.56529999999998,2.850182992e-09,0.002850182992,7.023702377462744e-07
211.2523,2.637939352e-09,0.002637939352,7.046618230802857e-07
212.01870000000002,2.142237476e-09,0.002142237476,7.072182583058845e-07
212.80599999999998,2.06961134e-09,0.0020696113400000002,7.098444084273794e-07
213.6449,2.339311244e-09,0.002339311244,7.126426776219968e-07
214.35860000000002,2.395943012e-09,0.002395943012,7.15023324569426e-07
215.0346,3.103675996e-09,0.003103675996,7.172782178529655e-07
215.63330000000002,2.996579804e-09,0.0029965798040000003,7.192752660909169e-07
216.2244,2.710018316e-09,0.002710018316,7.212469634576331e-07
216.90570000000002,2.496728036e-09,0.002496728036,7.235195356382182e-07
217.6528,2.322875792e-09,0.002322875792,7.260115929934436e-07
218.44009999999997,2.345782968e-09,0.002345782968,7.286377431149385e-07
219.1596,2.596561472e-09,0.002596561472,7.310377367798892e-07
219.90319999999997,2.155297692e-09,0.002155297692,7.335181193917826e-07
220.70170000000002,2.213988564e-09,0.002213988564,7.3618162869194e-07
221.5281,2.016003792e-09,0.002016003792,7.389382023746574e-07
222.3397,2.335006136e-09,0.002335006136,7.416454085712856e-07
222.995,3.202156276e-09,0.003202156276,7.438312540871192e-07
223.71749999999997,2.344532696e-09,0.0023445326959999997,7.462412546749257e-07
224.4964,2.109648524e-09,0.0021096485239999996,7.488393854124242e-07
225.24599999999998,2.14536814e-09,0.00214536814,7.513397818700295e-07
226.132,1.819041452e-09,0.0018190414520000001,7.542951597534852e-07
227.0759,1.847468408e-09,0.001847468408,7.574436712480605e-07
227.93869999999998,2.04258204e-09,0.00204258204,7.603216622614301e-07
228.8797,1.842945428e-09,0.001842945428,7.634605003972448e-07
229.79070000000002,2.064068064e-09,0.0020640680640000002,7.664992693045001e-07
230.6404,1.812197708e-09,0.001812197708,7.693335634213987e-07
231.52530000000002,2.173950668e-09,0.002173950668,7.722852720998072e-07
232.4158,1.894105832e-09,0.0018941058319999998,7.752556603675467e-07
233.2552,2.379689832e-09,0.0023796898319999996,7.780555973826399e-07
233.97719999999998,1.978387408e-09,0.0019783874080000004,7.804639301499706e-07
234.80849999999998,1.639621368e-09,0.001639621368,7.832368484733528e-07
235.88330000000002,2.079886568e-09,0.002079886568,7.868219953685426e-07
236.90210000000002,1.92508424e-09,0.00192508424,7.902203463704215e-07
237.80849999999998,1.805885828e-09,0.001805885828,7.932437713292973e-07
238.84749999999997,1.675480892e-09,0.001675480892,7.967095022784062e-07
239.9085,1.67566886e-09,0.00167566886,8.002486173284587e-07
240.8014,1.892596036e-09,0.0018925960359999997,8.032270111344829e-07
241.90550000000002,1.78540764e-09,0.00178540764,8.069098923095658e-07
242.7942,2.16005136e-09,0.00216005136,8.098742764235917e-07
243.53589999999997,2.3350485e-09,0.0023350485,8.123483213176763e-07
244.4835,1.695410128e-09,0.001695410128,8.15509174683774e-07
245.50150000000002,1.790636568e-09,0.001790636568,8.189048571728913e-07
246.39780000000002,1.8646835e-09,0.0018646835000000002,8.218945921581524e-07
247.49450000000002,1.487963588e-09,0.0014879635880000002,8.255527895901905e-07
248.74149999999997,1.378995904e-09,0.001378995904,8.297123338573113e-07
249.84890000000001,1.774618348e-09,0.001774618348,8.334062226475358e-07
250.829,1.800385984e-09,0.001800385984,8.366754843445729e-07
251.8868,1.821012268e-09,0.001821012268,8.402039253435789e-07
252.8985,1.644523844e-09,0.001644523844,8.435785932946986e-07
253.9425,1.636983052e-09,0.001636983052,8.470610024485673e-07
254.94490000000002,1.837594036e-09,0.0018375940360000002,8.504046489388336e-07
256.0385,1.636178492e-09,0.001636178492,8.540525058839206e-07
257.0455,1.594797408e-09,0.0015947974080000001,8.57411496322566e-07
258.006,2.214228864e-09,0.0022142288640000004,8.60615379456944e-07
258.93149999999997,1.747805496e-09,0.001747805496,8.63702515158003e-07
260.1945,1.354083736e-09,0.0013540837360000002,8.679154296803558e-07
261.4395,1.544854524e-09,0.0015448545239999999,8.720683026655727e-07
262.5585,1.6361671e-09,0.0016361671,8.7580088489084e-07
263.7895,1.234368768e-09,0.001234368768,8.799070589027292e-07
265.0195,1.494507936e-09,0.001494507936,8.840098972736665e-07
266.0623,2.025675956e-09,0.002025675956,8.874883036583929e-07
267.0264,1.840907328e-09,0.001840907328,8.907041951001984e-07
268.2235,1.195190256e-09,0.0011951902560000001,8.946972908838154e-07
269.6005,1.397269028e-09,0.001397269028,8.992904684746939e-07
270.9505,1.256688188e-09,0.001256688188,9.037935837598689e-07
272.1895,1.310778116e-09,0.001310778116,9.079264428993741e-07
273.6045,1.346885772e-09,0.0013468857719999999,9.126463748464279e-07
275.1525,8.84936256e-10,0.000884936256,9.178099470400953e-07
277.15749999999997,1.122394308e-09,0.001122394308,9.244979071488182e-07
278.5175,1.106468292e-09,0.001106468292,9.290343788435131e-07
280.10949999999997,1.18496024e-09,0.00118496024,9.343447192390676e-07
281.8505,1.020357588e-09,0.001020357588,9.401520701364676e-07
283.2635,1.093554748e-09,0.0010935547479999999,9.448653308016175e-07
285.0055,1.140553156e-09,0.001140553156,9.506760173399692e-07
286.62149999999997,1.004595688e-09,0.001004595688,9.560664131183712e-07
288.4115,8.42894436e-10,0.0008428944360000001,9.620372104224182e-07
290.3095,1.089429064e-09,0.001089429064,9.683682569492793e-07
291.8795,1.103458312e-09,0.0011034583120000001,9.736052132438903e-07
293.5685,1.047398992e-09,0.001047398992,9.79239110811787e-07
295.2195,1.128560584e-09,0.0011285605839999999,9.847462540235085e-07
296.8945,8.77877488e-10,0.000877877488,9.903334526180775e-07
298.7845,9.37571924e-10,0.000937571924,9.966378140173225e-07
300.7865,8.5731386e-10,0.00085731386,1.0033157672031896e-06
302.7735,9.16731684e-10,0.000916731684,1.009943685774777e-06
304.7305,8.7595402e-10,0.00087595402,1.0164715351178048e-06
306.9495,8.09571412e-10,0.000809571412,1.0238733223902516e-06
308.7205,9.273355e-10,0.0009273355,1.029780742516211e-06
310.6255,9.18791856e-10,0.000918791856,1.0361351385297358e-06
312.3195,9.74136328e-10,0.000974136328,1.0417857143023924e-06
314.3145,8.5945164e-10,0.00085945164,1.0484403180015957e-06
316.4105,7.29852688e-10,0.000729852688,1.055431821436949e-06
318.5215,8.13740884e-10,0.000813740884,1.062473359486582e-06
320.5805,8.03838744e-10,0.000803838744,1.0693414442067117e-06
323.1565,6.41310504e-10,0.0006413105039999999,1.0779340552990162e-06
325.6875,7.13513712e-10,0.000713513712,1.0863765625484816e-06
327.6135,8.12496308e-10,0.000812496308,1.0928010070219978e-06
329.5475,8.87230676e-10,0.000887230676,1.0992521366231302e-06
331.5945,9.18562592e-10,0.0009185625920000001,1.1060801936518362e-06
333.7315,7.783762e-10,0.0007783762,1.1132084583662208e-06
336.1175,4.83387836e-10,0.000483387836,1.1211672976776488e-06
339.2575,6.86455932e-10,0.000686455932,1.1316412102668707e-06
341.8985,6.44147824e-10,0.0006441478239999999,1.1404506380210539e-06
344.6715,6.41201212e-10,0.000641201212,1.1497003703808985e-06
347.4125,5.25765008e-10,0.0005257650080000001,1.15884336223028e-06
349.9465,4.88244744e-10,0.00048824474399999994,1.1672958764026012e-06
353.1795,4.96505368e-10,0.000496505368,1.1780800036003575e-06
356.3605,4.83870572e-10,0.00048387057200000006,1.1886906774686107e-06
359.4595,4.77908284e-10,0.00047790828400000004,1.1990278287788013e-06
363.2215,4.25428188e-10,0.000425428188,1.2115765100401558e-06
366.6565,3.86208736e-10,0.000386208736,1.2230344367102123e-06
4440.4665,7.42093036e-12,7.42093036e-06,1.4811801903302051e-05
4582.264499999999,6.8743956e-12,6.8743956e-06,1.5284789119011124e-05
4716.7125,5.38588128e-12,5.38588128e-06,1.5733259373723135e-05
4888.862499999999,7.85205348e-12,7.852053479999999e-06,1.6307489963606754e-05
5119.5785,8.95623732e-12,8.95623732e-06,1.7077075701484123e-05
5279.7685,7.36769056e-12,7.36769056e-06,1.7611412025582043e-05
5414.050499999999,9.05023556e-12,9.05023556e-06,1.8059328563896025e-05
5513.6865,8.17876892e-12,8.17876892e-06,1.8391678485787658e-05
5647.5785,7.29456816e-12,7.29456816e-06,1.8838294124130367e-05
5773.6224999999995,8.23409132e-12,8.23409132e-06,1.9258731652281923e-05
5884.942499999999,8.73130584e-12,8.73130584e-06,1.9630055203056505e-05
6016.4475,7.3884596e-12,7.3884596000000005e-06,2.006870866644684e-05
6149.172500000001,7.41457932e-12,7.41457932e-06,2.051143161179859e-05
6278.244500000001,5.95432428e-12,5.954324280000001e-06,2.094196946075275e-05
6415.8415,9.35525992e-12,9.35525992e-06,2.1400943648822546e-05
10191.085500000001,1.088283456e-11,1.088283456e-05,3.3993802138945074e-05
10379.5165,6.81223444e-12,6.812234439999999e-06,3.46223402991679e-05
10563.2265,8.23148184e-12,8.23148184e-06,3.5235130898456425e-05
10752.6175,6.98904184e-12,6.98904184e-06,3.586687127399316e-05
10958.6955,7.09860084e-12,7.09860084e-06,3.6554273490095604e-05
11171.0875,7.22461416e-12,7.22461416e-06,3.7262736943168866e-05
11391.228500000001,7.92691316e-12,7.92691316e-06,3.799704827797903e-05
11651.9985,1.061039132e-11,1.061039132e-05,3.886688336902725e-05
11829.8705,9.24154284e-12,9.24154284e-06,3.946020049643811e-05
11978.782500000001,9.41379344e-12,9.413793440000001e-06,3.995691746187958e-05
12124.3375,1.020228004e-11,1.020228004e-05,4.044243668064525e-05
12219.9215,2.054955532e-11,2.0549555320000002e-05,4.076127058539945e-05
12374.149500000001,8.9949986e-12,8.9949986e-06,4.1275719818141664e-05
15964.122500000001,7.57725352e-12,7.57725352e-06,5.3250580773449616e-05
16105.0205,5.70148952e-12,5.70148952e-06,5.3720565912301904e-05
16260.8605,9.83904612e-12,9.839046119999999e-06,5.424039219825871e-05
16384.213499999998,6.7107068e-12,6.7107068e-06,5.4651853516608473e-05
16522.4835,5.82756336e-12,5.82756336e-06,5.511307259103896e-05
16679.1175,8.73181848e-12,8.731818480000001e-06,5.563554737591164e-05
16789.780499999997,7.97980764e-12,7.97980764e-06,5.600467941058076e-05
16895.8575,9.3928108e-12,9.3928108e-06,5.6358514195844105e-05
17011.1795,6.74920108e-12,6.74920108e-06,5.674318698170852e-05
17158.2415,7.48222288e-12,7.482222880000001e-06,5.723373301138883e-05
17291.0065,8.14912124e-12,8.14912124e-06,5.767658938237866e-05
17422.5615,6.679361e-12,6.679361e-06,5.8115409627816586e-05
17554.1275,7.2860206e-12,7.2860206e-06,5.855426656530498e-05
17748.264499999997,9.05819928e-12,9.05819928e-06,5.920183789279982e-05
17971.9865,8.0902424e-12,8.0902424e-06,5.994809415785903e-05
18099.980499999998,7.43933912e-12,7.43933912e-06,6.037503618586695e-05
18265.8305,6.2047418e-12,6.2047418e-06,6.0928252237753095e-05
21806.6285,5.5700294e-12,5.5700294e-06,7.273908304924735e-05
21981.3805,6.5160638e-12,6.5160638e-06,7.332199297688802e-05
22189.2745,6.9374966e-12,6.9374966e-06,7.401545271695927e-05
22385.2915,5.07904488e-12,5.07904488e-06,7.466929504944383e-05
22558.976499999997,9.03395924e-12,9.03395924e-06,7.524864584818874e-05
22703.2705,8.32443344e-12,8.32443344e-06,7.572995882371397e-05
22859.4395,5.35704172e-12,5.35704172e-06,7.625088253554398e-05
23076.4695,7.05592e-12,7.055919999999999e-06,7.697481669135252e-05
23245.7065,7.3176868e-12,7.3176868e-06,7.753933055914302e-05
23456.140499999998,9.44230548e-12,9.44230548e-06,7.82412628272323e-05
23653.7605,5.40120708e-12,5.40120708e-06,7.890045219216289e-05
23861.4855,5.91496492e-12,5.91496492e-06,7.959334820891325e-05
24055.9155,5.33688144e-12,5.33688144e-06,8.024189687920702e-05
27552.3475,6.77147244e-12,6.77147244e-06,9.190473864422567e-05
27686.499499999998,7.9685616e-12,7.9685616e-06,9.235222154921589e-05
27804.4715,7.39781884e-12,7.3978188399999994e-06,9.274573378360306e-05
27927.3235,8.18073048e-12,8.18073048e-06,9.315552394583588e-05
28041.034499999998,7.84311076e-12,7.843110759999999e-06,9.353482301412665e-05
28157.119499999997,7.88962216e-12,7.889622159999999e-06,9.392204089403742e-05
28273.587499999998,8.99597048e-12,8.995970480000001e-06,9.43105363244328e-05
28383.5415,9.81558572e-12,9.81558572e-06,9.467730338966699e-05
28484.7015,8.5707534e-12,8.570753399999999e-06,9.501473682836945e-05
28592.5245,1.076557172e-11,1.0765571719999999e-05,9.537439564273495e-05
28715.5915,9.02218276e-12,9.022182759999999e-06,9.578490296777246e-05
40791.1345,6.96448852e-12,6.96448852e-06,0.00013606457871598624
41153.067500000005,5.46521232e-12,5.46521232e-06,0.0001372718572526598
45166.3315,4.90263264e-12,4.90263264e-06,0.00015065866500217295
45306.118500000004,7.25438288e-12,7.25438288e-06,0.00015112494424392758
45462.944500000005,5.2798716e-12,5.2798716e-06,0.00015164805947186306
45612.1345,5.52963764e-12,5.52963764e-06,0.00015214570374548914
45779.7715,6.42739844e-12,6.42739844e-06,0.0001527048805877565
50903.2335,5.16899184e-12,5.16899184e-06,0.00016979491025087762
51112.0925,3.411655868e-12,3.411655868e-06,0.00017049158888446752
51248.7335,4.94202048e-12,4.94202048e-06,0.00017094737419978725
51495.8995,4.71496724e-12,4.71496724e-06,0.00017177183123132472
56733.5835,3.417780848e-12,3.417780848e-06,0.00018924286447526308
56936.7235,4.15232348e-12,4.15232348e-06,0.0001899204665782486
57241.374500000005,2.50814104e-12,2.50814104e-06,0.00019093667292991074
62544.6125,2.318493076e-12,2.3184930759999998e-06,0.00020862637078081532
62822.5765,2.810147588e-12,2.810147588e-06,0.0002095535588823919
63099.4135,3.74340408e-12,3.74340408e-06,0.0002104769877166156
68369.80649999999,2.744270144e-12,2.744270144e-06,0.0002280571264404523
68667.5665,3.354296792e-12,3.354296792e-06,0.00022905034689031436
74131.6215,2.078179192e-12,2.078179192e-06,0.00024727647251219376
74425.6805,2.599076612e-12,2.599076612e-06,0.0002482573477548925
74682.75649999999,2.825176484e-12,2.825176484e-06,0.00024911486098826407
79935.04449999999,1.786486676e-12,1.7864866760000001e-06,0.00026663460793266517
80223.06749999999,2.87612934e-12,2.87612934e-06,0.00026759534924657776
80441.3455,2.654795596e-12,2.654795596e-06,0.0002683234462822944
80682.97649999999,3.318666176e-12,3.318666176e-06,0.00026912944054116264
85712.00749999999,2.615408468e-12,2.6154084679999998e-06,0.0002859044822935472
85982.06349999999,1.670014156e-12,1.670014156e-06,0.0002868052921464755
86395.52549999999,1.978753732e-12,1.9787537320000003e-06,0.0002881844529257637
91440.41949999999,2.644649952e-12,2.644649952e-06,0.00030501240795056955
91675.6115,2.340018616e-12,2.340018616e-06,0.00030579692401734804
92064.8695,1.665842192e-12,1.665842192e-06,0.0003070953489430345
92514.95349999999,2.071127544e-12,2.071127544e-06,0.00030859666756526604
97335.1425,2.435565456e-12,2.435565456e-06,0.00032467508738995694
97655.04049999999,1.839059688e-12,1.8390596879999998e-06,0.0003257421522592139
97986.8655,1.962774672e-12,1.962774672e-06,0.0003268490013181052
98447.7515,1.37087412e-12,1.37087412e-06,0.00032838635153390014
103071.56349999999,1.972714192e-12,1.972714192e-06,0.0003438097281953637
103487.28349999999,1.709088004e-12,1.709088004e-06,0.0003451964208519215
103799.04149999999,2.0471424e-12,2.0471424e-06,0.00034623633360382933
104259.4095,2.044438936e-12,2.044438936e-06,0.00034777195595761117
108867.6265,1.39368126e-12,1.3936812599999999e-06,0.0003631433132984286
109359.4065,1.660828644e-12,1.660828644e-06,0.00036478371480579407
109843.25649999999,1.845183956e-12,1.8451839560000002e-06,0.0003663976646804103
114689.95449999999,1.40933636e-12,1.40933636e-06,0.0003825645090110972
115155.02949999999,2.275180336e-12,2.2751803359999997e-06,0.00038411583222684004
115656.9055,1.24186328e-12,1.2418632800000001e-06,0.00038578991036525675
120551.07449999999,1.399814428e-12,1.399814428e-06,0.00040211510090757514
121298.4515,9.78027408e-13,9.78027408e-07,0.0004046080822353443
126975.13949999999,1.049548164e-12,1.049548164e-06,0.00042354347519976633
132426.7305,8.33548724e-13,8.33548724e-07,0.0004417280253928203
133150.4485,1.201352616e-12,1.201352616e-06,0.0004441420887913064
137919.2555,9.7176964e-13,9.7176964e-07,0.00046004911671260255
138740.15050000002,1.082010024e-12,1.082010024e-06,0.0004627873276918795
143809.9565,7.08223552e-13,7.082235519999999e-07,0.00047969838020408103
144740.29750000002,9.39824336e-13,9.398243360000001e-07,0.00048280166374298856
149595.2215,8.6590236e-13,8.6590236e-07,0.0004989959470561465
152382.96850000002,9.87026376e-13,9.87026376e-07,0.0005082948701131101
165660.76950000002,6.53205176e-13,6.53205176e-07,0.0005525848468809713
173018.0975,8.78514372e-13,8.78514372e-07,0.0005771262514549315
178873.72650000002,5.7949858e-13,5.794985800000001e-07,0.0005966585273469422
184780.52850000001,5.26679928e-13,5.26679928e-07,0.0006163614979933886
190557.0725,7.81216368e-13,7.81216368e-07,0.0006356299747207117
196567.10450000002,4.5264332e-13,4.5264332e-07,0.000655677283582631
202365.0925,3.9593608e-13,3.9593607999999995e-07,0.0006750172897945284
211346.9785,5.09043688e-13,5.09043688e-07,0.000704977636562158
219517.5295,4.08548804e-13,4.08548804e-07,0.0007322316610780115
228384.44950000002,3.242469716e-13,3.242469716e-07,0.0007618085225479555
238587.6645,3.87265344e-13,3.87265344e-07,0.0007958427843438277
251472.3095,2.756997144e-13,2.756997144e-07,0.0008388213338575716
271928.2765,1.800013964e-13,1.800013964e-07,0.000907055095095154
286492.2205,2.21591666e-13,2.21591666e-07,0.0009556351831239197
308385.7765,1.678805932e-13,1.678805932e-07,0.0010286642251020202
354971.4605,1.442478892e-13,1.442478892e-07,0.0011840573404284906
377049.61049999995,1.08308194e-13,1.0830819400000001e-07,0.0012577021217124813
417611.7305,6.79557008e-14,6.79557008e-08,0.0013930027902836703
463921.9755,9.61790248e-14,9.61790248e-08,0.0015474771400019677
503822.1215,6.44823868e-14,6.44823868e-08,0.0016805697009896093
590592.8605,3.254949652e-14,3.254949652e-08,0.001970005731431709
727499.9615,3.219021064e-14,3.219021064e-08,0.0024266786641443795
1063527.6625,1.0211105280000001e-14,1.0211105280000002e-08,0.0035475464246001813
1347921.7175,9.05804976e-15,9.05804976e-09,0.004496182880958266
1622704.1255,1.1623378640000001e-14,1.162337864e-08,0.005412758333967161
2027733.6665,5.7239282e-15,5.7239282e-09,0.006763791457689039
3610073.1765,2.3839896e-14,2.3839896e-08,0.012041907927183413
62277045.6725,1.7294836e-13,1.7294836e-07,0.20773386391361454
64613508.0005,8.932396e-14,8.932396e-08,0.2155274633376534
86236559.7995,6.433276e-15,6.433276e-09,0.2876542004252155
96097278.4235,1.9198724e-13,1.9198723999999998e-07,0.32054601728339677
128997586.9075,8.98366e-14,8.98366e-08,0.43028963359545225
