Frequency (Hz),SGWB Anisotropy,CMB B-mode Correlation,Cross-Correlation
9.999999999999999e-05,4.950249168745842e-15,6.448781795164106e-18,3.192307672093443e-32
0.00010280732238308646,4.747544748417254e-15,6.044572215635697e-18,2.8696877078770095e-32
0.00010569345535579884,4.55310485149154e-15,5.664210293934643e-18,2.5789743369182147e-32
0.00010866061138545968,4.366593033016065e-15,5.306349784357926e-18,2.3170669999123622e-32
0.00011171106505048242,4.187686537830618e-15,4.9697185527087475e-18,2.0811623479985486e-32
0.0001148471547840289,4.016075743631883e-15,4.653114540384805e-18,1.8687260437980233e-32
0.00011807128466661904,3.8514636266940715e-15,4.355401947151445e-18,1.6774672179086327e-32
0.00012138592626906277,3.693565249324288e-15,4.0755076207899995e-18,1.505315332150625e-32
0.00012479362054713115,3.5421072681682547e-15,3.812417642447951e-18,1.350399224060777e-32
0.00012829697978941474,3.396827462518447e-15,3.565174097121011e-18,1.2110281281760058e-32
0.00013189868961986705,3.257474281810701e-15,3.3328720192667863e-18,1.0856744887328055e-32
0.00013560151105656334,3.123806411528969e-15,3.1146565040898375e-18,9.729583957186239e-33
0.00013940828262825784,2.9955923567691553e-15,2.9097199755476822e-18,8.71633491908917e-33
0.0001433219225503574,2.8726100427438613e-15,2.717299602610787e-18,7.80574212760365e-33
0.00014734543096198358,2.754646431538734e-15,2.536674855765828e-18,6.98764233940937e-33
0.00015148189222583458,2.6414971544594545e-15,2.3671651961841864e-18,6.252860129855985e-33
0.0001557344772926135,2.5329661593350026e-15,2.2081278903860266e-18,5.593113221831595e-33
0.00016010644613183178,2.4288653721689104e-15,2.0589559436175376e-18,5.0009267942740003e-33
0.00016460115023085497,2.3290143725547382e-15,1.9190761455244293e-18,4.469555924953344e-33
0.0001692220351641037,2.2332400822958984e-15,1.7879472220512594e-18,3.9929154013144774e-33
0.0001739726432343801,2.1413764666926888e-15,1.6650580878234684e-18,3.565516204941503e-33
0.0001788566161883462,2.053264247981169e-15,1.5499261935787895e-18,3.182408040284869e-33
0.0001838776980082327,1.968750630429649e-15,1.4420959635079097e-18,2.8391273372962493e-33
0.00018903973778192212,1.88768903661845e-15,1.341137317641277e-18,2.5316502111113147e-33
0.000194346692653602,1.809938854448118e-15,1.2466442746814466e-18,2.256349910421242e-33
0.00019980263085725506,1.7353651944395434e-15,1.1582336309281879e-18,2.0099583301421132e-33
0.00020541173483530642,1.6638386569074314e-15,1.0755437111785012e-18,1.789531203852472e-33
0.00021117830444482443,1.5952351086053588e-15,9.982331877054492e-19,1.5924166276027758e-33
0.0002171067602537265,1.529435468457232e-15,9.259799636299041e-19,1.416226599456313e-33
0.00022320164692952345,1.4663255020054007e-15,8.584801171977373e-19,1.2588112888116274e-33
0.0002294676367231936,1.4057956242209368e-15,7.954469036630506e-19,1.1182357764696096e-33
0.00023590953305086364,1.3477407103358143e-15,7.366098116555815e-19,9.927590308010238e-34
0.0002425322741760353,1.2920599143707438e-15,6.817136710786723e-19,8.808149074792747e-34
0.00024934093699518806,1.238656495045521e-15,6.305178097430308e-19,7.809949802800811e-34
0.0002563407409296515,1.1874376487716511e-15,5.827952560920482e-19,6.920330286092139e-34
0.00026353705192673927,1.1383143494390633e-15,5.383319855165245e-19,6.127910238754818e-34
0.0002709353865732052,1.0912011947205875e-15,4.9692620789131865e-19,5.422464717389779e-34
0.0002785414163241769,1.046016258629033e-15,4.583876940935982e-19,4.7948098077737526e-34
0.00028636097185081157,1.002680950072496e-15,4.2253713938273856e-19,4.2366994035719895e-34
0.00029440004751000336,9.611198771639022e-16,3.8920556163576893e-19,3.740732015908778e-34
0.0003026648059395692,9.212607170507113e-16,3.5823373253991484e-19,3.300266653114747e-34
0.000311161582782436,8.830340910401998e-16,3.294716399456166e-19,2.9093469010290154e-34
0.00031989689154345377,8.463734448048975e-16,3.0277797967972375e-19,2.5626324167259502e-34
0.000328877428582551,8.112149334615441e-16,2.7801967520970315e-19,2.255337123262394e-34
0.00033811007824806853,7.77497311325262e-16,2.550714236358393e-19,1.9831734607277194e-34
0.00034760191815419775,7.451618261488071e-16,2.3381526656998333e-19,1.7423021101875891e-34
0.00035736022460657887,7.141521176643906e-16,2.1414018453649257e-19,1.5292866626377955e-34
0.0003673924781802074,6.8441412025309e-16,1.9594171360402548e-19,1.3410527553718202e-34
0.0003777063694539368,6.558959695738903e-16,1.7912158302586346e-19,1.174851243703588e-34
0.0003883098049059605,6.285479129913151e-16,1.6358737273182517e-19,1.0282250172232108e-34
0.00039921091297480534,6.023222236470859e-16,1.4925218957664762e-19,8.989791071000281e-35
0.0004104180502904709,5.771731180275908e-16,1.3603436130829652e-19,7.851537647520136e-35
0.0004219398080805024,5.530566768849317e-16,1.2385714727507458e-19,6.850002228040033e-35
0.00043378501875589886,5.299307693751355e-16,1.1264846494292517e-19,5.969588769613231e-35
0.00044596276268190954,5.077549802826499e-16,1.0234063134404799e-19,5.196396525021103e-35
0.0004584823751389096,4.864905402055608e-16,9.287011862507315e-20,4.5180434178866355e-35
0.0004713534534786907,4.661002585810945e-16,8.41773229077149e-20,3.9235071973950206e-35
0.00048458586448164956,4.465484594358567e-16,7.62063457171814e-20,3.402982627924365e-35
0.0004981897519205165,4.278009197499606e-16,6.890478727379065e-20,2.9477531370903016e-35
0.000512175544336424,4.098248103287051e-16,6.222355098137419e-20,2.550075497892019e-35
0.0005265539630332755,3.9258863907979167e-16,5.611665848224647e-20,2.203076258325059e-35
0.0005413360302965381,3.760621965982251e-16,5.054107468290344e-20,1.9006587563687611e-35
0.0005565330778427646,3.6021650396500986e-16,4.545654218728176e-20,1.6374196709040617e-35
0.0005721567555063251,3.4502376266957763e-16,4.0825424605478506e-20,1.4085741609965352e-35
0.0005882190401699955,3.304573065695615e-16,3.661255823538755e-20,1.2098887381087388e-35
0.0006047322449462648,3.16491555805014e-16,3.2785111642826245e-20,1.0376210991079158e-35
0.0006217090286163827,3.0310197258757665e-16,2.931245269251903e-20,8.88466223248254e-36
0.0006391624053344006,2.902650187883045e-16,2.616602260780991e-20,7.595081043871144e-36
0.000657105754603627,2.7795811525098835e-16,2.3319216661301703e-20,6.481765512304866e-36
0.0006755528315331639,2.661596027607611e-16,2.0747271121795106e-20,5.5220854401467964e-36
0.0006945177773823697,2.5484870460065753e-16,1.8427156105016726e-20,4.6961368628376106e-36
0.0007140151304013404,2.4400549063151936e-16,1.6337473996706184e-20,3.986433358245982e-36
0.0007340598369757212,2.336108428332677e-16,1.4458363136746587e-20,3.377630398364819e-36
0.0007546672630843886,2.236464222480937e-16,1.277140647220339e-20,2.856279364584436e-36
0.0007758532060787836,2.1409463726853029e-16,1.125954490542136e-20,2.410608182334914e-36
0.0007976339067929281,2.0493861321568963e-16,9.906995080752673e-21,2.030325832984112e-36
0.0008200260619934131,1.9616216315517402e-16,8.699171370077383e-21,1.7064482736119382e-36
0.0008430468371788967,1.8774975990030806e-16,7.62261183305678e-21,1.4311435414696577e-36
0.0008667138797389233,1.7968650915438739e-16,6.664907943045598e-21,1.197594042121212e-36
0.0008910453324821513,1.7195812374560058e-16,5.814637883799594e-21,9.998742207582677e-37
0.0009160598475443709,1.6455089891016568e-16,5.061303235562515e-21,8.328419970687419e-37
0.000941776600686952,1.5745168858104147e-16,4.395268881811216e-21,6.920425072088819e-37
0.0009682153059967086,1.5064788264129098e-16,3.807705979884071e-21,5.736228435901174e-37
0.0009953962309984233,1.4412738510285764e-16,3.2905378499268307e-21,4.742566158919335e-37
0.0010233402121916423,1.3787859317309425e-16,2.8363886470599703e-21,3.910772763487649e-37
0.0010520686710236227,1.318903771729325e-16,2.438534691412223e-21,3.216192601996386e-37
0.0010816036303107094,1.261520612720331e-16,2.0908583396747426e-21,2.6376608937778952e-37
0.0011119677311206989,1.206534050076838e-16,1.7878042901191026e-21,2.157046750902147e-37
0.0011431842501291502,1.1538458555555031e-16,1.5243382205913866e-21,1.7588513382942217e-37
0.0011752771174629451,1.1033618072169037e-16,1.2959076658555754e-21,1.429855024184647e-37
0.001208270935044776,1.0549915262648276e-16,1.0984050468209163e-21,1.1588080168025879e-37
0.0012421909954526173,1.008648320523192e-16,9.281327696645908e-22,9.361595593447282e-38
0.0012770633013086446,9.64249034280494e-17,7.817703176700169e-22,7.538212738424689e-38
0.0013129145852124654,9.217139042426993e-17,6.563432627645759e-22,6.049607112461291e-38
0.0013497723302339417,8.809664213460122e-17,5.491941272844949e-22,4.838215849380678e-38
0.0013876647909813085,8.419331981910966e-17,4.579550294500399e-22,3.855675425725699e-38
0.0014266210152607385,8.045438418699943e-17,3.8052204843693365e-22,3.0614667076569066e-38
0.0014666708663439686,7.687308319663023e-17,3.150312468207869e-22,2.4217423246392505e-38
0.001507845045861051,7.34429403518101e-17,2.5983628959567504e-22,1.9083141118010818e-38
0.0015501751173357704,7.01577434741702e-17,2.134875999754119e-22,1.4977808273991212e-38
0.001593693530381776,6.701153393224738e-17,1.7471299283024086e-22,1.1707785647448178e-38
0.0016384336455779846,6.39985963086902e-17,1.4239972694939992e-22,9.113382639502358e-39
0.001684429760042315,6.111344848776038e-17,1.1557791741059728e-22,7.06336510199516e-39
0.0017317171337233527,5.835083214602725e-17,9.34052492416592e-23,5.450274020057895e-39
0.0017803320164301137,5.570570362984765e-17,7.515293333890367e-23,4.1864470314906647e-39
0.0018303116756206129,5.31732252038925e-17,6.019284532203472e-23,3.200647719971619e-39
0.0018816944249705557,5.07487566556212e-17,4.7985787715606063e-23,2.435219063707589e-39
0.0019345196537440444,4.842784724121975e-17,3.807081560873291e-23,1.843687642648362e-39
0.0019888278569888096,4.620622795910872e-17,3.0055565809926693e-23,1.3887543252534669e-39
0.0020446606665791177,4.407980413769175e-17,2.360752952986652e-23,1.0406152778512904e-39
0.002102060883130158,4.204464832455786e-17,1.8446208832612466e-23,7.755643632885442e-40
0.0021610725088083765,4.0096993464872795e-17,1.4336097529247458e-23,5.748344089420144e-40
0.0022217407810628848,3.8233226357192964e-17,1.1080427873558353e-23,4.236405070243068e-40
0.0022841122073038256,3.6449881375415124e-17,8.515625375310515e-24,3.1039353476754315e-40
0.0023482346005542763,3.474363444603422e-17,6.506415282666659e-24,2.2605651413506083e-40
0.002414157116103018,3.3111297270323496e-17,4.941525802589178e-24,1.6362032981850416e-40
0.002481930289186255,3.154981178147459e-17,3.729934919616645e-24,1.176787446710547e-40
0.0025516060737271863,3.0056244827139806e-17,2.79760972438669e-24,8.408564280695347e-41
0.0026232378821631234,2.862778306820979e-17,2.0846894517270785e-24,5.9680037388628e-41
0.0026968806263906924,2.7261728085032934e-17,1.5430659258693458e-24,4.2066643688329695e-41
0.002772590759860481,2.5955491682641925e-17,1.1343177840192814e-24,2.9441775808585275e-41
0.0028504263208534346,2.4706591386896184e-17,8.279576618670094e-25,2.0456011637398158e-41
0.0029304469769721444,2.3512646123780188e-17,5.999544357188218e-25,1.4106516337448885e-41
0.003012714070881164,2.2371372074413128e-17,4.314955845562476e-25,9.653148270574207e-42
0.0030972906673314067,2.1280578698630544e-17,3.079577202754795e-25,6.553518502173193e-42
0.003184241601504653,2.0238164920289813e-17,2.180562957128373e-25,4.413059274543886e-42
0.0032736335287152475,1.9242115467731036e-17,1.5314840033795214e-25,2.946899203001174e-42
0.0033655349755070943,1.829049736309338e-17,1.0666535864813066e-25,1.9509624610870438e-42
0.003460016392185109,1.7381456554445072e-17,7.36545265257442e-26,1.2802229528454449e-42
0.0035571502068213858,1.6513214684932393e-17,5.0412211179950344e-26,8.32467665956669e-43
0.003657010880777493,1.568406599339005e-17,3.4192001076232935e-26,5.36269601325701e-43
0.003759674965785468,1.4892374341082963e-17,2.2974969151729008e-26,3.421518410823817e-43
0.003865221162631262,1.413657035946856e-17,1.529019665591063e-26,2.1615094083639152e-43
0.003973730381485609,1.34151487140779e-17,1.0075852277986689e-26,1.35169056730272e-43
0.004085285803928565,1.272666547981531e-17,6.572652641715716e-27,8.36479514861403e-44
0.004199972946715306,1.2069735623169129e-17,4.24293071945873e-27,5.121105205128966e-44
0.004317879727332021,1.1443030587011784e-17,2.7097566885184277e-27,3.100782867007613e-44
0.004439096531392171,1.0845275973845076e-17,1.7116024666305277e-27,1.856280110812203e-44
0.0045637162819247585,1.0275249323517182e-17,1.0689299383178188e-27,1.098352162558743e-44
0.004691834510607799,9.731777981601326e-18,6.598284119553506e-28,6.42130361110205e-45
0.004823549431001467,9.213737054784006e-18,4.024445393301169e-28,3.7080181645213774e-45
0.004958962013837212,8.720047449760238e-18,2.4245332871648084e-28,2.1142045307600295e-45
0.005098176064420424,8.249673992279067e-18,1.4422716767852713e-28,1.1898271141776174e-45
0.0052412983022060615,7.801623623120585e-18,8.468535616606882e-29,6.60683275197583e-46
0.005388438442608223,7.374943667918956e-18,4.906288161380005e-29,3.61835988087552e-46
0.005539709281106401,6.968720177873953e-18,2.8036125008744243e-29,1.953759100578326e-46
0.005695226779712825,6.582076338515666e-18,1.5795568210237172e-29,1.0396763577001233e-46
0.005855110155867244,6.214170943804591e-18,8.770659759391503e-30,5.450237903480684e-47
0.006019481973827274,5.8641969329618544e-18,4.7976834412044584e-30,2.813456052123306e-47
0.006188468238624382,5.53137998753241e-18,2.5843469561692728e-30,1.4295005034195015e-47
0.006362198492657489,5.214977186287428e-18,1.3702582329547762e-30,7.145865424181681e-48
0.006540805914998259,4.914275715671315e-18,7.148149013806414e-31,3.512797511054872e-48
0.006724427423484249,4.62859163359355e-18,3.6671286118405337e-31,1.6973640812076623e-48
0.006913203779678127,4.3572686844568324e-18,1.8492527762860256e-31,8.057691211755955e-49
0.007107279696773419,4.099677163399859e-18,9.162089227865686e-32,3.75616079765128e-49
0.007306803950529507,3.855212827816424e-18,4.457645004422667e-32,1.7185170202902065e-49
0.007511929493320969,3.623295854292204e-18,2.1286670879855614e-32,7.712790635066343e-50
0.007722813571388642,3.4033698391767784e-18,9.971802717735103e-33,3.3937732611760677e-50
0.007939617845382276,3.194900841081291e-18,4.5800397664774613e-33,1.46327729021046e-50
0.008162508514287228,2.9973764636614878e-18,2.0613600771446368e-33,6.178672178364763e-51
0.00839165644283016,2.8103049771123e-18,9.086155425909333e-34,2.5534867816248927e-51
0.00862723729246145,2.633214476863237e-18,3.9200702975881655e-34,1.0322385857930736e-51
0.008869431656014705,2.4656520780241477e-18,1.6543732789803345e-34,4.079108913145485e-52
0.00911842519614657,2.307183144188177e-18,6.825435112561377e-35,1.5747528843451742e-52
0.009374408787663,2.1573905492531718e-18,2.7511105474618786e-35,5.935219895044976e-53
0.009637578663841089,2.015873970974535e-18,1.0826361614118053e-35,2.182458057825843e-53
0.009908136566858666,1.882249215011581e-18,4.156825099522774e-36,7.824180780517179e-54
0.010186289902446875,1.7561475682759743e-18,1.556128510370611e-36,2.7327912994122624e-54
0.010472251898884344,1.6372151804347108e-18,5.675772417711281e-37,9.29246076296953e-55
0.010766241770454932,1.5251124724616448e-18,2.0155006711658897e-37,3.0738652118499145e-55
0.01106848488549412,1.4195135711708494e-18,6.962947608306386e-38,9.883998625342523e-56
0.01137921293915315,1.320105768701827e-18,2.3384069921709988e-38,3.0869445599376234e-56
0.01169866413101307,1.2265890059614581e-18,7.628146735228175e-39,9.356600921291669e-57
0.012027083347685121,1.1386753790599867e-18,2.4151017383574714e-39,2.7500168873926266e-57
0.01236472235053715,1.0560886678090601e-18,7.414891746669457e-40,7.830783146688542e-58
0.012711839968690289,9.785638853782333e-19,2.20573075302542e-40,2.1584484557788115e-58
0.013068702297433463,9.058468482332955e-19,6.351748127197164e-41,5.753711021793288e-59
0.013435582902208263,8.376937655045066e-19,1.769013300108195e-41,1.4818914125951878e-59
0.013812763028320095,7.738708469563608e-19,4.7605687753737876e-42,3.6840653901925183e-60
0.014200531816536832,7.141539287520125e-19,1.2366816905040931e-42,8.831810878891784e-61
0.014599186524739786,6.583281162259729e-19,3.0981185701076473e-43,2.0395785621036723e-61
0.015009032755797366,6.061874428974714e-19,7.477161310687344e-44,4.532561295057467e-62
0.015430384691835646,5.575345449747656e-19,1.7366777946929848e-44,9.682578640319326e-63
0.015863565335085896,5.121803506172188e-19,3.8777333797368125e-45,1.9860988420336933e-63
0.016308906755493326,4.699437832377996e-19,8.314422906132693e-46,3.9073113559470184e-64
0.01676675034527699,4.306514781435251e-19,1.7099662255808342e-46,7.363994826218907e-65
0.0172374470806362,3.9413751182566975e-19,3.3692723680284175e-47,1.3279566277977027e-65
0.017721357790803586,3.6024314322542005e-19,6.352658655263273e-48,2.2885017218102117e-66
0.01821885343465167,3.28816566314065e-19,1.1447448920898232e-48,3.764110847225405e-67
0.018730315385064367,2.997126733402394e-19,1.9689904464375537e-49,5.9013139048319064e-68
0.019256135721291985,2.72792828110012e-19,3.22843919393277e-50,8.806950580941278e-69
0.019796717529513324,2.4792464867923944e-19,5.039322977511989e-51,1.2493723787808786e-69
0.020352475211835776,2.24981798851462e-19,7.477948133457005e-52,1.6824022227830898e-70
0.020923834803969768,2.038437878891448e-19,1.0534322882497526e-52,2.1473562792155902e-71
0.021511234301821672,1.843957778611815e-19,1.4067297130407641e-53,2.5939501967658834e-72
0.02211512399725489,1.6652839806569545e-19,1.7780447612217402e-54,2.9609494577535836e-73
0.022735966823277175,1.5013756598419334e-19,2.123892585411641e-55,3.1887606318557924e-74
0.02337423870891815,1.3512431424144539e-19,2.3938187240265365e-56,3.2346311350241754e-75
0.024030428944069697,1.2139462306498659e-19,2.5416193179762104e-57,3.085389190804104e-76
0.024705040554568253,1.0885925775915855e-19,2.5378273513788726e-58,2.7626600179199534e-77
0.025398590687807265,9.743361073108077e-20,2.3790157916624536e-59,2.3179609856793345e-78
0.026111611009174595,8.703754763005246e-20,2.0900014711352603e-60,1.8190860259081493e-79
0.026844648109619625,7.759525718756475e-20,1.7175864413013272e-61,1.3327656165465056e-80
0.027598263924661803,6.903510437247034e-20,1.3179528505414452e-62,9.098501259512347e-82
0.028373036165162114,6.128948650480444e-20,9.424408051275554e-64,5.7761713007442336e-83
0.02916955876018796,5.429469200227258e-20,6.2678908692467766e-65,3.403132042496103e-84
0.02998844231231028,4.799076146542328e-20,3.869171410653783e-66,1.85684482237521e-85
0.030830314565682772,4.2321350840833956e-20,2.2122538532779263e-67,9.362557147356192e-87
0.03169582088726115,3.723359643615048e-20,1.1690635833163242e-68,4.35284416694e-88
0.03258562476153226,3.267798159625471e-20,5.697272526268257e-70,1.861753667622417e-89
0.033500408299131326,2.860820488600279e-20,2.5546657742705706e-71,7.308440188559144e-91
0.034440872759738235,2.4981049661535636e-20,1.0515362314762364e-72,2.6268478819411894e-92
0.035407739089652696,2.1756254948839032e-20,3.963636073312238e-74,8.623387693539629e-94
0.03640174847446141,1.8896387584622328e-20,1.3648021778294073e-75,2.5789830928601126e-95
0.03742366290721981,1.6366715610352526e-20,4.282022518893259e-77,7.008264480385135e-97
0.03847426577258506,1.4135082944980957e-20,1.2209487287960909e-78,1.7258211553101805e-98
0.039554362447347016,1.217178539515039e-20,3.155362391711383e-80,3.8406393875839415e-100
0.04066478091781858,1.0449448093013774e-20,7.370649638637534e-82,7.701922081073363e-102
0.04180637241455758,8.942904480835926e-21,1.5517963024539296e-83,1.387756610655987e-103
0.04298001206490798,7.629076987848429e-21,2.936088916115823e-85,2.239964838421606e-105
0.04418659956385941,6.4868595680160264e-21,4.977448764171309e-87,3.22880111401742e-107
0.04542705986374043,5.49700228706755e-21,7.537173130390778e-89,4.143185793578219e-109
0.04670234388327335,4.641998163043517e-21,1.0162432794162993e-90,4.717399436255781e-111
0.048013429236534504,3.905972476431797e-21,1.2160715910718074e-92,4.749942164097103e-113
0.049361320982379164,3.2745747735018813e-21,1.2871758670068963e-94,4.214953623161196e-115
0.05074705239490466,2.734873789562734e-21,1.200986446483846e-96,3.284546354108757e-117
0.05217168575554349,2.2752555174929142e-21,9.842875364521893e-99,2.2395056481123517e-119
0.053636313167392397,1.885324641044511e-21,7.060062509983013e-101,1.3310509817385534e-121
0.05514205739240302,1.5558095422015586e-21,4.415424094335102e-103,6.869558938833227e-124
0.05669007271207434,1.278471077471786e-21,2.3985160165152872e-105,3.066433355967635e-126
0.058281545812308454,1.0460152996776129e-21,1.127200678714197e-107,1.1790691557420395e-128
0.05991769669310619,8.520102799498482e-22,4.564383727927896e-110,3.8889018578303785e-131
0.06159977960380169,6.908071596455859e-22,1.5858774781304737e-112,1.0955355162132172e-133
0.06332908400455114,5.574655343166373e-22,4.707572379457833e-115,2.6243093518487046e-136
0.06510693555481462,4.476832422045773e-22,1.188625884185288e-117,5.321278896003521e-139
0.0669346971295866,3.5773059864114006e-22,2.5412137706493087e-120,9.09069923449486e-142
0.0688137698641567,2.8438908582282247e-22,4.57885303912581e-123,1.3021758299140415e-144
0.07074559422819879,2.248944753582473e-22,6.92000493647633e-126,1.5562708796653255e-147
0.07273165113001454,1.7688432940255125e-22,8.728637629155881e-129,1.543959213631113e-150
0.07477346305177587,1.383497957236955e-22,9.142666233895597e-132,1.2648860058293842e-153
0.07687259521663728,1.0759158328091351e-22,7.910787452871285e-135,8.511341470532066e-157
0.07903065678861347,8.317997837352118e-23,5.624157990507984e-138,4.6781734001972045e-160
0.08124930210614047,6.391873760859121e-23,3.267317610662976e-141,2.0884281703989594e-163
0.08353023195026779,4.8812673228159874e-23,1.5422653722530005e-144,7.528209564689206e-167
0.0858751948484517,3.7038729030874993e-23,5.8807067290299874e-148,2.178139030465849e-170
0.0882859884149515,2.7920331422647234e-23,1.8005296702670904e-151,5.02713851301669e-174
0.09076446072885357,2.0904790140107345e-23,4.399426041801768e-155,9.196907814078909e-178
0.0933125117507825,1.5543516913866625e-23,8.524447955411183e-159,1.3249990097630949e-181
0.09593209477938242,1.147482768472857e-23,1.3013176494135482e-162,1.493239579011649e-185
0.09862521794868784,8.409094775140359e-24,1.554676803729892e-166,1.3073424587276947e-189
0.10139394576752918,6.116019391785907e-24,1.4436036691730009e-170,8.829108034715361e-194
0.10424040070215568,4.41380166831259e-24,1.0345090891666777e-174,4.56611794364842e-198
0.10716676480328632,3.1599947728613904e-24,5.679894607860994e-179,1.7948437271244337e-202
0.11017528137883874,2.2438409898886214e-24,2.3714739379874177e-183,5.321210428508754e-207
0.11326825671361537,1.5799007058977166e-24,7.471879479467254e-188,1.1804827663992978e-211
0.11644806183726866,1.1027994456304234e-24,1.762553734970169e-192,1.9437432818189345e-216
0.1197171343418967,7.629330907744026e-25,3.087643169503843e-197,2.3556651465180396e-221
0.12307798025066646,5.229867626927853e-25,3.983421219074684e-202,2.083276567805617e-226
0.1265331759388943,3.551381944006267e-25,3.7523217031097834e-207,1.332592754452693e-231
0.13008537010905705,2.388314291837514e-25,2.5581394387576723e-212,6.109640982098145e-237
0.13373728582124964,1.5902108822645038e-25,1.2507964591255885e-217,1.989030140799419e-242
0.1374917225806419,1.0480102548337832e-25,4.3454489884616135e-223,4.554075101764861e-248
0.14135155848353956,6.834376763018813e-26,1.0624335606725323e-228,7.261071239311694e-254
0.14531975242368952,4.4088606407668307e-26,1.8101083856385143e-234,7.980515616963634e-260
0.14939934636052576,2.812650601892712e-26,2.127352053738915e-240,5.983498034386457e-266
0.1535934676510897,1.7739090132297483e-26,1.7067850400224094e-246,3.0276813661414483e-272
0.15790533144741759,1.1056900536871638e-26,9.248441486882577e-253,1.022590976415379e-278
0.1623382431612278,6.808922972212113e-27,3.3475222329310405e-259,2.279302103179495e-285
0.16689560099780248,4.141129510628661e-27,8.00247216671416e-266,3.313927364756449e-292
0.17158089856100048,2.4865823864014072e-27,1.2488582587861364e-272,3.105388949409537e-299
0.1763977275314045,1.4735828439921504e-27,1.257161040153812e-279,1.8525309409059843e-306
0.18134978041964955,8.61536259181451e-28,8.063284916848732e-287,6.946812324e-314
0.18644085339704872,4.967467082889292e-28,3.25372546433815e-294,1.616e-321
0.1916748492056815,2.8235102975432014e-28,8.153570237386844e-302,0.0
0.19705578015018002,1.581475404924061e-28,1.252000007609807e-309,0.0
0.2025877711735017,8.725193205232088e-29,1.1619273e-317,0.0
0.20827506301905144,4.739614656469923e-29,0.0,0.0
0.21412201548157292,2.533827484291131e-29,0.0,0.0
0.220133110749303,1.332546644318832e-29,0.0,0.0
0.22631295683995295,6.890631770378604e-30,0.0,0.0
0.2326662911331458,3.501879255213776e-30,0.0,0.0
0.23919798400202397,1.7482248063532608e-30,0.0,0.0
0.2459130425468044,8.568995584318934e-31,0.0,0.0
0.25281661443315007,4.121691943205516e-31,0.0,0.0
0.2599139918382933,1.9444835474690074e-31,0.0,0.0
0.2672106155079435,8.992487879051021e-32,0.0,0.0
0.27471207892708116,4.0743597424123255e-32,0.0,0.0
0.2824241326078436,1.8075614233990605e-32,0.0,0.0
0.29035268849778134,7.84737099130615e-33,0.0,0.0
0.29850382451187324,3.3318755640036794e-33,0.0,0.0
0.30688378919176423,1.3826601921047976e-33,0.0,0.0
0.31549900649580886,5.6043500495749525e-34,0.0,0.0
0.32435608072358113,2.2173351170986846e-34,0.0,0.0
0.33346180157863625,8.557340851980566e-35,0.0,0.0
0.34282314937339703,3.2191750253646205e-35,0.0,0.0
0.35244730038015837,1.1796059380470357e-35,0.0,0.0
0.36234163233231503,4.20722270011723e-36,0.0,0.0
0.372513730080021,1.4594554302951794e-36,0.0,0.0
0.3829713914046281,4.920217529649813e-37,0.0,0.0
0.3937226329963479,1.6107485242413483e-37,0.0,0.0
0.4047756965997322,5.116384998223614e-38,0.0,0.0
0.41613905533167067,1.5755157367682624e-38,0.0,0.0
0.4278214201767617,4.699244204456329e-39,0.0,0.0
0.4398317466650224,1.3564072123663641e-39,0.0,0.0
0.4521792417370702,3.785376840433091e-40,0.0,0.0
0.4648733708020257,1.020408406944855e-40,0.0,0.0
0.47792386499356,2.654374487766876e-41,0.0,0.0
0.4913407286296362,6.656395804953155e-42,0.0,0.0
0.5051342468816766,1.6075266436491676e-42,0.0,0.0
0.5193149936590212,3.734737653098717e-43,0.0,0.0
0.5338938397147355,8.33820922882636e-44,0.0,0.0
0.5488819609789671,1.7869437445074898e-44,0.0,0.0
0.5642908471262537,3.6717692952064084e-45,0.0,0.0
0.5801323103833378,7.225257107017298e-46,0.0,0.0
0.5964184945842459,1.3599321491401403e-46,0.0,0.0
0.6131618844795775,2.4452596675156865e-47,0.0,0.0
0.6303753153071274,4.194875830822789e-48,0.0,0.0
0.648071982631197,6.85687987726851e-49,0.0,0.0
0.666265452458115,1.0664932569778072e-49,0.0,0.0
0.6849696716357446,1.5761883894007051e-50,0.0,0.0
0.7041989785449289,2.210313436477325e-51,0.0,0.0
0.7239681140910877,2.936669979745799e-52,0.0,0.0
0.7442922330043759,3.691082923741731e-53,0.0,0.0
0.7651869154570825,4.382008351925795e-54,0.0,0.0
0.7866681790071581,4.905888872646926e-55,0.0,0.0
0.8087524908770457,5.170971642313779e-56,0.0,0.0
0.8314567805772064,5.1227281633086e-57,0.0,0.0
0.8547984528840413,4.761560320680359e-58,0.0,0.0
0.878795401182132,4.145138017258234e-59,0.0,0.0
0.9034660211810535,3.373428504423804e-60,0.0,0.0
0.9288292250172498,2.5616836192267877e-61,0.0,0.0
0.9549044557518077,1.8115759096276899e-62,0.0,0.0
0.9817117022752194,1.1906840626953014e-63,0.0,0.0
1.0092715146305717,7.258602695753554e-65,0.0,0.0
1.0376050197669118,4.0955144272186504e-66,0.0,0.0
1.066733937734857,2.1341235304466544e-67,0.0,0.0
1.0966805983368675,1.024746720340543e-68,0.0,0.0
1.1274679582449472,4.523789756597538e-70,0.0,0.0
1.1591196185988857,1.831690939763619e-71,0.0,0.0
1.1916598430985588,6.785973058419285e-73,0.0,0.0
1.2251135766041177,2.2945571174995897e-74,0.0,0.0
1.2595064642583589,7.063153883590999e-76,0.0,0.0
1.2948648711459048,1.974087943356114e-77,0.0,0.0
1.3312159025043078,4.9960317641030583e-79,0.0,0.0
1.3685874245025176,1.1417329645144116e-80,0.0,0.0
1.4070080856026863,2.3493101634233405e-82,0.0,0.0
1.4465073385216471,4.339838089369656e-84,0.0,0.0
1.4871154628089538,7.175448060995206e-86,0.0,0.0
1.5288635880587296,1.0585586137204162e-87,0.0,0.0
1.571783717773161,1.3889329744490174e-89,0.0,0.0
1.6159087538959191,1.6155456944915854e-91,0.0,0.0
1.661272522034293,1.6601975017072824e-93,0.0,0.0
1.7079097973894268,1.5020782239446667e-95,0.0,0.0
1.7558563314144668,1.192243497813785e-97,0.0,0.0
1.8051488792211101,8.271432677445467e-100,0.0,0.0
1.8558252277555187,4.996878780560087e-102,0.0,0.0
1.907924224765265,2.6183762344039694e-104,0.0,0.0
1.9614858085794296,1.1853482123412963e-106,0.0,0.0
2.0165510387247485,4.616972813191556e-109,0.0,0.0
2.0731621274012313,1.5407525757005872e-111,0.0,0.0
2.1313624718414372,4.3861955177102644e-114,0.0,0.0
2.1911966875781475,1.0604371705474679e-116,0.0,0.0
2.2527106426459826,2.1673634514011433e-119,0.0,0.0
2.3159514927431544,3.7271807169215984e-122,0.0,0.0
2.3809677173803583,5.366926145804837e-125,0.0,0.0
2.44780915704444,6.438766947611587e-128,0.0,0.0
2.516527051405389,6.403042743476681e-131,0.0,0.0
2.5871740785959236,5.25035805445484e-134,0.0,0.0
2.6598043955937585,3.5306792109464027e-137,0.0,0.0
2.73447367973758,1.9363166555176238e-140,0.0,0.0
2.8112391714084612,8.611074877554685e-144,0.0,0.0
2.8901597179095115,3.087063110494783e-147,0.0,0.0
2.9712958185773344,8.86774825747763e-151,0.0,0.0
3.054709671159968,2.0284284556710778e-154,0.0,0.0
3.1404652194967486,3.671195215744421e-158,0.0,0.0
3.2286282025367337,5.222779638860895e-162,0.0,0.0
3.31926620473319,5.801058027838212e-166,0.0,0.0
3.412448707852889,4.995816132578963e-170,0.0,0.0
3.5082471442397885,3.3120519808144595e-174,0.0,0.0
3.6067349515740315,1.6779922321221825e-178,0.0,0.0
3.7079876291681724,6.447716863463346e-183,0.0,0.0
3.812082795843888,1.8645508761856208e-187,0.0,0.0
3.919100249433402,4.025586933387815e-192,0.0,0.0
4.0291220279513515,6.435881034141678e-197,0.0,0.0
4.142232472483898,7.5552309572676785e-202,0.0,0.0
4.258518291843414,6.456285184438139e-207,0.0,0.0
4.378068629038166,3.980535102730652e-212,0.0,0.0
4.500975129608042,1.754461680852862e-217,0.0,0.0
4.627332011878693,5.4764375932848475e-223,0.0,0.0
4.7572361391878895,1.1989401504131344e-228,0.0,0.0
4.89078709413959,1.822708224472611e-234,0.0,0.0
5.028087254942474,1.9046310538571312e-240,0.0,0.0
5.169241873891604,1.3536537114150851e-246,0.0,0.0
5.314359158053241,6.473034655738972e-253,0.0,0.0
5.463550352214876,2.0595892802132237e-259,0.0,0.0
5.616929824163804,4.310808396821903e-266,0.0,0.0
5.774615152359826,5.86591623142479e-273,0.0,0.0
5.9367272160691265,5.126988138530967e-280,0.0,0.0
6.1033902880286215,2.842765208466946e-287,0.0,0.0
6.274732129711574,9.87241227379714e-295,0.0,0.0
6.450884089267699,2.1193603738533924e-302,0.0,0.0
6.631981202212676,2.7747320703527e-310,0.0,0.0
6.818162294944479,2.184956e-318,0.0,0.0
7.009570091165617,0.0,0.0,0.0
7.206351321293045,0.0,0.0,0.0
7.408656834939568,0.0,0.0,0.0
7.616641716552891,0.0,0.0,0.0
7.830465404301183,0.0,0.0,0.0
8.050291812295972,0.0,0.0,0.0
8.276289456246351,0.0,0.0,0.0
8.50863158264058,0.0,0.0,0.0
8.747496301554415,0.0,0.0,0.0
8.993066723187614,0.0,0.0,0.0
9.24553109823358,0.0,0.0,0.0
9.50508296218951,0.0,0.0,0.0
9.771921283717996,0.0,0.0,0.0
10.046250617173403,0.0,0.0,0.0
10.328281259410295,0.0,0.0,0.0
10.618229410993846,0.0,0.0,0.0
10.916317341936146,0.0,0.0,0.0
11.22277356208507,0.0,0.0,0.0
11.537832996296597,0.0,0.0,0.0
11.861737164524792,0.0,0.0,0.0
12.194734366967383,0.0,0.0,0.0
12.537079874409196,0.0,0.0,0.0
12.889036123908916,0.0,0.0,0.0
13.250872919979539,0.0,0.0,0.0
13.622867641416468,0.0,0.0,0.0
14.005305453932197,0.0,0.0,0.0
14.398479528760065,0.0,0.0,0.0
14.802691267395101,0.0,0.0,0.0
15.21825053264387,0.0,0.0,0.0
15.645475886160959,0.0,0.0,0.0
16.08469483265355,0.0,0.0,0.0
16.536244070941823,0.0,0.0,0.0
17.00046975206718,0.0,0.0,0.0
17.47772774464681,0.0,0.0,0.0
17.968383907677193,0.0,0.0,0.0
18.472814370996357,0.0,0.0,0.0
18.991405823619353,0.0,0.0,0.0
19.524555810168607,0.0,0.0,0.0
20.072673035625684,0.0,0.0,0.0
20.636177678638564,0.0,0.0,0.0
21.215501713624523,0.0,0.0,0.0
21.811089241915198,0.0,0.0,0.0
22.42339683219845,0.0,0.0,0.0
23.05289387051706,0.0,0.0,0.0
23.700062920093306,0.0,0.0,0.0
24.36540009125466,0.0,0.0,0.0
25.049415421745024,0.0,0.0,0.0
25.752633267711985,0.0,0.0,0.0
26.475592705670692,0.0,0.0,0.0
27.218847945751794,0.0,0.0,0.0
27.982968756551156,0.0,0.0,0.0
28.76854090190591,0.0,0.0,0.0
29.576166589932566,0.0,0.0,0.0
30.406464934670684,0.0,0.0,0.0
31.260072430687035,0.0,0.0,0.0
32.13764344100276,0.0,0.0,0.0
33.039850698718546,0.0,0.0,0.0
33.96738582272209,0.0,0.0,0.0
34.920959847872716,0.0,0.0,0.0
35.90130377007068,0.0,0.0,0.0
36.90916910662774,0.0,0.0,0.0
37.94532847236942,0.0,0.0,0.0
39.01057617190993,0.0,0.0,0.0
40.10572880855496,0.0,0.0,0.0
41.23162591029748,0.0,0.0,0.0
42.38913057338783,0.0,0.0,0.0
43.579130123970295,0.0,0.0,0.0
44.802536798294895,0.0,0.0,0.0
46.06028844202398,0.0,0.0,0.0
47.35334922917121,0.0,0.0,0.0
48.68271040122284,0.0,0.0,0.0
50.049391027009534,0.0,0.0,0.0
51.45443878390924,0.0,0.0,0.0
52.89893076098146,0.0,0.0,0.0
54.38397428464801,0.0,0.0,0.0
55.91070776755293,0.0,0.0,0.0
57.48030158125351,0.0,0.0,0.0
59.09395895340965,0.0,0.0,0.0
60.75291689016077,0.0,0.0,0.0
62.45844712439618,0.0,0.0,0.0
64.21185709064758,0.0,0.0,0.0
66.01449092734883,0.0,0.0,0.0
67.86773050723302,0.0,0.0,0.0
69.77299649665537,0.0,0.0,0.0
71.73174944465613,0.0,0.0,0.0
73.74549090259546,0.0,0.0,0.0
75.81576457522118,0.0,0.0,0.0
77.9441575040495,0.0,0.0,0.0
80.13230128396886,0.0,0.0,0.0
82.38187331399601,0.0,0.0,0.0
84.69459808314593,0.0,0.0,0.0
87.07224849239921,0.0,0.0,0.0
89.516647213783,0.0,0.0,0.0
92.02966808760411,0.0,0.0,0.0
94.6132375589076,0.0,0.0,0.0
97.2693361542618,0.0,0.0,0.0
100.0,0.0,0.0,0.0
