Time (s),Radio Flux,Infrared Flux,Optical Flux,X-ray Flux,Gamma-ray Flux
0.0,0.1,0.5,0.3,1.0,2.0
20.04008016032064,0.0996000005344013,0.49667111753051896,0.29760480319358207,0.9867287959560582,1.9214248500991817
40.08016032064128,0.09920160106452736,0.4933643979780291,0.29522872961296903,0.9736337167688923,1.8459367272893312
60.120240480961925,0.09880479519040387,0.4900796937870388,0.29287162657852966,0.9607124250495909,1.7734143497622388
80.16032064128257,0.09840957653765636,0.48681685838444616,0.29053334262962527,0.9479626144292075,1.7037412005778236
100.20040080160321,0.09801593875740777,0.4835757461729985,0.2882137275148772,0.9353820091470889,1.6368053404640222
120.24048096192385,0.09762387552617657,0.48035621252479543,0.28591263218251245,0.9229683636446656,1.572499227971312
140.28056112224448,0.0972333805457751,0.4771581137748352,0.2836299087707854,0.9107194621646342,1.5107195466929286
160.32064128256513,0.09684444754320844,0.47398130721460374,0.2813654105984774,0.8986331183554583,1.4513670392731821
180.3607214428858,0.09645707027057357,0.4708256510857069,0.279118992155471,0.8867071748811194,1.3943463479371832
200.40080160320642,0.09607124250495909,0.46769100457354446,0.2768905090933997,0.8749395030360448,1.339565861285772
220.44088176352705,0.0956869580483452,0.4645772278010267,0.2746798182163732,0.8633280023651484,1.2869375671094976
240.4809619238477,0.09530421072750415,0.4614841818223328,0.27248677747177547,0.8518706002889118,1.236376910985186
260.52104208416836,0.09492299439390106,0.4584117286167105,0.2703112459411371,0.8405652517334424,1.1878026604279002
280.56112224448896,0.09454330292359514,0.4553597310823171,0.2681530838310802,0.8294099387654406,1.1411367743800436
300.6012024048096,0.0941651302171414,0.452328053030102,0.2660121524643358,0.8184026702320111,1.0963042778279197
320.64128256513027,0.09378847019949249,0.44931655917772917,0.2638883142708327,0.8075414814052553,1.0532331413443008
340.6813627254509,0.0934133168199013,0.44632511514354056,0.2617814327788576,0.796824433631579,1.0118541653634818
360.7214428857716,0.09303966405182366,0.4433535874405597,0.25969137260628616,0.786249613985656,0.9721008690028803
380.7615230460922,0.09266750589282152,0.44040184347053485,0.2576179994518833,0.7758151349289818,0.9339093832525718
400.80160320641284,0.09229683636446656,0.4374697515180224,0.25556118008667356,0.765519133972961,0.8972183483611459
420.8416833667335,0.09192764951224418,0.4345571807445092,0.25352078234538017,0.7553597733464643,0.861968815253025
440.8817635270541,0.09155993940545774,0.4316640011825742,0.2514966751179328,0.7453352396677977,0.8281041508188565
460.92184368737475,0.0911937001371334,0.4287900837300887,0.24948872834104208,0.735443743621026,0.7955699469268156
480.9619238476954,0.09082892582392516,0.4259353001444559,0.24749681298984297,0.7256835196365911,0.7643139330086354
501.00200400801606,0.0904656106060204,0.4230995230368878,0.2455208010696033,0.7160528255761679,0.7342858920799166
521.0420841683367,0.0901037486470457,0.4202826258667212,0.24356056560749967,0.7065499424217054,0.7054375800597987
541.0821643286573,0.08974333413397312,0.41748448293577084,0.24161598064445827,0.6971731739685917,0.6777226482603642
561.1222444889779,0.08938436127702676,0.4147049693827203,0.23968692122706112,0.6879208465228919,0.6510965689212453
581.1623246492986,0.0890268243095898,0.41194396117755067,0.2377732633995171,0.6787913086026054,0.6255165636697976
601.2024048096192,0.08867071748811195,0.40920133511600554,0.23587488419569677,0.669782930642886,0.6009415347918982
621.2424849699399,0.08831603509201694,0.4064769688140937,0.23399166163123097,0.6608941047051748,0.5773319992029473
641.2825651302605,0.0879627714236109,0.40377074070262764,0.2321234746956725,0.6521232441901942,0.5546500250129921
661.3226452905811,0.08761092080799063,0.4010825300217989,0.23027020334472015,0.6434687835547488,0.5328591705840479
681.3627254509018,0.08726047759295255,0.3984122168157895,0.2284317284925052,0.6349291780322868,0.5119244259817142
701.4028056112224,0.08691143614890184,0.39575968192741917,0.22660793200393928,0.626502903357168,0.4918121567270124
721.4428857715432,0.08656379086876206,0.393124806992828,0.22479869668712324,0.618188455492593,0.47249004975807746
741.4829659318638,0.08621753616788502,0.3905074744361949,0.22300390628581687,0.6099843503621416,0.45392706151488443
761.5230460921844,0.08587266648396111,0.3879075674644909,0.2212234454719685,0.6018891235848742,0.4360933680635995
781.5631262525051,0.0855291762769299,0.38532497006226774,0.2194571998383044,0.5939013302139501,0.41896031718042437
801.6032064128257,0.08518706002889119,0.3827595669864805,0.2177050558909773,0.5860195444787122,0.40250038231795127
821.6432865731463,0.08484631224401636,0.38021124376134563,0.2159669010422736,0.5782423595301974,0.3866871183800665
841.683366733467,0.08450692744846007,0.37767988667323216,0.21424262360337884,0.5705683871900218,0.3714951192343518
861.7234468937876,0.08416890019027233,0.3751653827655879,0.21253211277720077,0.5629962577026003,0.3568999768937211
881.7635270541082,0.08383222503931093,0.37266761983389884,0.21083525865125008,0.5555246194906535,0.34287824230170966
901.8036072144289,0.08349689658715416,0.37018648642068225,0.20915195219057747,0.5481521389139598,0.3294073876584167
921.8436873747495,0.08316290944701404,0.367721871810513,0.20748208523076764,0.5408775000313094,0.31646577022656813
941.8837675350702,0.08283025825364963,0.3652736660250835,0.20582555047098874,0.5336994043656168,0.30403259755955286
961.9238476953908,0.082498937663281,0.36284175981829553,0.20418224146709765,0.5266165706721504,0.2920878940955643
981.9639278557114,0.08216894235350325,0.36042604467138595,0.20255205262480017,0.5196277347098395,0.28061246906417775
1002.0040080160321,0.08184026702320112,0.35802641278808395,0.2009348791928658,0.5127316490156139,0.2695878856537994
1022.0440881763527,0.08151290639246374,0.3556427570898011,0.1993306172563967,0.5059270826817409,0.25899643139045353
1042.0841683366734,0.08118685520249991,0.3532749712108527,0.19773916373015057,0.4992128211361153,0.24882108968031247
1062.124248496994,0.08086210821555351,0.3509229494937122,0.19616041635191653,0.4925876659254661,0.2390455124702548
1082.1643286573146,0.08053866021481942,0.34858658698429584,0.19459427367594412,0.4860504345014402,0.22965399398252068
1102.2044088176353,0.08021650600435978,0.34626577942727926,0.19304063506642463,0.479599960009525,0.22063144548127156
1122.2444889779558,0.07989564040902038,0.34396042326144594,0.19149940069102467,0.4732350910807722,0.21196337103050897
1142.2845691382765,0.07957605827434762,0.3416704156150653,0.18997047151447102,0.4669546916262859,0.20363584420440645
1162.3246492985973,0.07925775446650571,0.3393956543013027,0.18845374929218714,0.46075764063443747,0.19563548571263598
1182.364729458918,0.07894072387219414,0.33713603781365936,0.18694913656398002,0.4546428319707726,0.1879494419047411
1202.4048096192384,0.0786249613985656,0.334891465321443,0.18545653664777792,0.44860917418057294,0.1805653641190211
1222.4448897795592,0.07831046197314413,0.3326618366652682,0.1839758536334176,0.44265559029403834,0.17347138884274702
1242.4849699398799,0.07799722054374367,0.3304470523525874,0.18250699237648169,0.4367810176340546,0.16665611865183602
1262.5250501002004,0.07768523207838685,0.328247013553251,0.18104985849218472,0.4309844076265125,0.1601086038993578
1282.565130260521,0.07737449156522418,0.3260616220950971,0.17960435834930838,0.42526472561314366,0.1538183251234564
1302.6052104208418,0.07706499401245355,0.32389078045957126,0.17817039906418503,0.41962095066684074,0.1477751761464221
1322.6452905811623,0.07675673444824005,0.3217343917773744,0.1767478884947292,0.41405207540942823,0.14196944783775972
1342.685370741483,0.07644970792063606,0.3195923598241407,0.1753367352345169,0.4085571058318521,0.13639181251516552
1362.7254509018037,0.07614390949750174,0.3174645890161434,0.17393684860691203,0.40313506111675523,0.13103330895835377
1382.7655310621242,0.07583933426642576,0.31535098440602966,0.17254813865923976,0.39778497346340785,0.1258853280116524
1402.805611222445,0.07553597733464644,0.313251451678584,0.17117051615700654,0.39250588791496094,0.1209395987522377
1422.8456913827656,0.07523383382897308,0.3111658971465193,0.16980389257816597,0.3872968621879929,0.11618817520178673
1442.8857715430863,0.07493289889570774,0.3090942277462965,0.1684481801074308,0.3821569665043177,0.11162342356019526
1462.9258517034068,0.0746331677005673,0.30703635103397164,0.16710329163063,0.37708528342502506,0.10723800994085286
1482.9659318637275,0.07433463542860562,0.3049921751810708,0.1657691407291113,0.3720809076867239,0.10302488858776883
1503.0060120240482,0.07403729728413645,0.30296160897049246,0.16444564167418793,0.3671429460399583,0.09897729055561931
1523.0460921843687,0.07374114849065617,0.3009445617924371,0.16313270942163002,0.3622705170897681,0.09508871283452702
1543.0861723446894,0.07344618429076719,0.2989409436403641,0.16183025960620004,0.35746275113836545,0.09135290790210261
1563.1262525050101,0.07315239994610147,0.29695066510697504,0.16053820853623155,0.35271879002989937,0.08776387368596088
1583.1663326653306,0.07285979073724443,0.2949736373802243,0.1592564731882514,0.34803778699728033,0.08431584392058548
1603.2064128256513,0.07256835196365911,0.2930097722393561,0.15798497120164512,0.3434189065110374,0.08100327888304848
1623.246492985972,0.07227807894361067,0.29105898205096764,0.1567236208733644,0.3388613241301821,0.0778208564927018
1643.2865731462925,0.0719889670140912,0.2891211797650987,0.1554723411526773,0.3343642263550501,0.07476346376053977
1663.3266533066133,0.0717010115307448,0.28719627891134725,0.15423105163595993,0.32992681048209754,0.07182618857449534
1683.366733466934,0.07141420786779294,0.2852841935950109,0.15299967256153016,0.32554828446062267,0.06900431180747263
1703.4068136272545,0.07112855141796022,0.283384838493254,0.15177812480452227,0.32122786675139053,0.06629329973543516
1723.4468937875752,0.07084403759240025,0.28149812885130016,0.1505663298718026,0.31696478618713264,0.06368879675336932
1743.4869739478959,0.0705606618206221,0.2796239804786505,0.14936420989692592,0.3127582818348988,0.06118661837741992
1763.5270541082164,0.0702784195504167,0.27776230974532673,0.14817168763513175,0.30860760286023525,0.05878274452195497
1783.567134268537,0.0699973062477838,0.2759130335781391,0.14698868645838098,0.3045120083931653,0.05647331304075791
1803.6072144288578,0.06971731739685916,0.2740760694569799,0.14581513035043203,0.300470767395949,0.0542546135219712
1823.6472945891785,0.06943844849984197,0.2722513354111406,0.14465094390195612,0.29648315853259755,0.05212308132682128
1843.687374749499,0.06916069507692256,0.2704387500156547,0.1434960523056918,0.29254847004011914,0.050075291862547514
1863.7274549098197,0.0688840526662105,0.2686382323876637,0.14235038135163786,0.28866599960147366,0.04810795508033407
1883.7675350701404,0.06860851682366291,0.2668497021828084,0.14121385742228515,0.2848350542202141,0.04621791018940452
1903.807615230461,0.06833408312301306,0.26507307959164317,0.14008640748788576,0.28105495009679043,0.04440212057878703
1923.8476953907816,0.06806074715569922,0.2633082853360752,0.1389679591017606,0.27732501250649605,0.0426576689385908
1943.8877755511023,0.06778850453079392,0.2615552406658264,0.1378584403956441,0.2736445756790336,0.04098175257295617
1963.9278557114228,0.0675173508749334,0.25981386735491974,0.1367577800750661,0.27001298267967927,0.03937167889714705
1983.9679358717435,0.06724728183224725,0.25808408769818797,0.13566590741477072,0.26642958529202393,0.03782486111155194
2004.0080160320642,0.0669782930642886,0.2563658245078069,0.13458275225417188,0.2628937439022706,0.03633881404564301
2024.0480961923847,0.0667103802499643,0.25465900110985074,0.13350824499284478,0.25940482738506787,0.03491115016521584
2044.0881763527054,0.06644353908546556,0.25296354134087046,0.1324423165860537,0.2559622129908571,0.03353957573649494
2064.128256513026,0.06617776528419883,0.25127936954449553,0.13138489854031535,0.2525652862347166,0.032221887140942464
2084.168336673347,0.06591305457671685,0.24960641056805766,0.13033592290899762,0.249213440786679,0.030955967334849045
2104.2084168336673,0.0656494027106502,0.24794458975923744,0.12929532228795376,0.2459060783635062,0.029739782448018757
2124.248496993988,0.06538680545063884,0.24629383296273305,0.1282630298111908,0.2426426086218986,0.02857137851608337
2144.2885771543088,0.06512525857826422,0.24465406651695115,0.12723897914657328,0.23942244905312304,0.02744887834119622
2164.3286573146293,0.06486475789198137,0.2430252172507201,0.1262231044915608,0.23624502487903878,0.026370478476061818
2184.3687374749497,0.06460529920705155,0.24140721248002459,0.12521534056897965,0.23310976894950292,0.025334446326455397
2204.4088176352707,0.06434687835547488,0.2397999800047625,0.12421562262282845,0.2300161216411379,0.024339117367577653
2224.448897795591,0.06408949118592354,0.23820344810552296,0.12322388641411709,0.22696353075744227,0.02338289246977215
2244.4889779559117,0.0638331335636749,0.2366175455403861,0.12224006821673876,0.22395145143022682,0.022464235329308607
2264.5290581162326,0.06357780137054528,0.23504220154174402,0.12126410481337527,0.22097934602235927,0.021581670000104754
2284.569138276553,0.06332349050482368,0.23347734581314294,0.12029593349143483,0.21804668403179975,0.02073377852242065
2304.609218436874,0.06307019688120592,0.23192290852614622,0.11933549203902231,0.21515294199690874,0.019919198644715856
2324.6492985971945,0.06281791643072905,0.23037882031721874,0.11838271874094174,0.2122976034030134,0.0191366216350095
2344.689378757515,0.06256664510070589,0.2288450122846313,0.1174375523747305,0.2094801585902122,0.01838479017822645
2364.729458917836,0.06231637885466001,0.2273214159853863,0.1164999322067255,0.20670010466240418,0.017662496356151823
2384.7695390781564,0.0620671136722609,0.22580796343216358,0.11556979798816067,0.20395694539752532,0.016968579706748185
2404.809619238477,0.06181884554925931,0.22430458709028647,0.1146470899512953,0.20125019115897563,0.01630192535971733
2424.849699398798,0.06157157049742297,0.22281121987470837,0.11373174880557378,0.19857935880822256,0.01566146224531144
2444.8897795591183,0.06132528454447254,0.22132779514701917,0.11282371573381567,0.19594397161856353,0.01504616137351577
2464.929859719439,0.061079983734017754,0.21985424671247156,0.1119229323884362,0.19334355919003324,0.014455034180837822
2484.9699398797597,0.0608356641254939,0.2183905088170273,0.11102934088769714,0.1907776573654403,0.013887130942047424
2505.0100200400802,0.06059232179409849,0.2169365161444232,0.11014288381198749,0.18824580814751837,0.013341539244315593
2525.0501002004007,0.06034995283072824,0.21549220381325626,0.10926350420013371,0.18574755961717596,0.012817382521300725
2545.0901803607217,0.06010855334191624,0.21405750737408866,0.10839114554573971,0.18328246585283212,0.012313818644827052
2565.130260521042,0.05986811944976947,0.21263236280657183,0.10752575179355596,0.1808500868508224,0.01183003857189267
2585.1703406813626,0.05962864729190638,0.21121670651658955,0.10666726733587724,0.17844998844686055,0.01136526504483321
2605.2104208416836,0.05939013302139501,0.20981047533342037,0.1058156370089698,0.17608174223854317,0.010918751342553042
2625.250501002004,0.05915257280669106,0.2084136065069185,0.10497080608952661,0.17374492550888268,0.010489780080817614
2645.2905811623245,0.0589159628315764,0.20702603770471412,0.10413272029115077,0.17143912115085483,0.010077662059679186
2665.3306613226455,0.05868029929509775,0.2056477070094314,0.10330132576086748,0.16916391759294777,0.009681735156184642
2685.370741482966,0.05844557841150564,0.20427855291592606,0.10247656907566362,0.16691890872569923,0.009301363260586028
2705.4108216432865,0.05821179641019353,0.20291851432854047,0.10165839723905463,0.16470369382920835,0.008935935254344777
2725.4509018036074,0.05797894953563735,0.20156753055837762,0.10084675767767945,0.16251787750160998,0.0085848640282877
2745.490981963928,0.05774703404733505,0.2002255413205929,0.10004159823792219,0.1603610695884978,0.008247585539337276
2765.5310621242484,0.05751604621974659,0.19889248673170393,0.0992428671825608,0.1582328851132841,0.007923557904300656
2785.5711422845693,0.05728598234223409,0.19756830730691857,0.09845051318744269,0.15613294420848406,0.007612260529261528
2805.61122244489,0.05705683871900218,0.19625294395748047,0.0976644853381868,0.1540608720479119,0.007313193273176127
2825.6513026052103,0.05682861166903866,0.19494633798803226,0.09688473312691187,0.15201629877977646,0.007025875644329394
2845.691382765531,0.05660129752605533,0.19364843109399646,0.0961112064489911,0.14999885946066518,0.006749846028360545
2865.7314629258517,0.05637489263842917,0.19235916535897385,0.09534385559983242,0.14800819399040416,0.006484660946617611
2885.7715430861726,0.056149393369143596,0.19107848325215884,0.0945826312716848,0.14604394704778215,0.006229894343649377
2905.811623246493,0.0559247960957301,0.18980632762577257,0.09382748455046963,0.14410576802712843,0.005985136902690125
2925.8517034068136,0.05570109721021001,0.18854264171251253,0.09307836691263793,0.14219331097573146,0.00574999538803723
2945.8917835671346,0.05547829311903654,0.18728736912301963,0.09233523022205209,0.14030623453208885,0.005524092013265201
2965.931863727455,0.05525638024303711,0.18604045384336196,0.09159802672689302,0.13844420186497636,0.00530706383426109
2985.9719438877755,0.055035355017355764,0.18480184023253501,0.09086670905659157,0.1366068806133256,0.005098562166105954
3006.0120240480965,0.05481521389139598,0.18357147301997914,0.0901412302187847,0.1347939428268997,0.004898252022865743
3026.052104208417,0.054595953328763595,0.18234929730311308,0.08942154359629598,0.1330050649077565,0.004705811579391414
3046.0921843687374,0.054377569807210015,0.18113525854488405,0.08870760294413994,0.13123992755248795,0.004520931654263572
3066.1322645290584,0.05416005981857561,0.17992930257133405,0.08799936238655062,0.1294982156952267,0.004343315213051013
3086.172344689379,0.05394341986873335,0.17873137556918273,0.08729677641403367,0.12777961845140898,0.00417267689108502
3106.2124248496993,0.05372764647753275,0.17754142408342577,0.08659979988044211,0.1260838290622833,0.004008742534982679
3126.2525050100203,0.05351273617874385,0.17635939501494968,0.0859083880000752,0.12441054484015623,0.003851248762182649
3146.2925851703408,0.053298685520001624,0.17518523561816257,0.08522249634480093,0.12275946711436456,0.0036999425377857286
3166.3326653306613,0.05308549106275047,0.17401889349864016,0.08454208084120081,0.12113030117796428,0.003554580768020266
3186.372745490982,0.05287314938218901,0.1728603166107879,0.08386709776773822,0.11952275623512734,0.003414929909679385
3206.4128256513027,0.05266165706721504,0.1717094532555187,0.08319750375194881,0.11793654534923666,0.003280765594902464
3226.452905811623,0.052451010720370755,0.17056625207794576,0.08253325576765344,0.11637138539166936,0.0031518722706980105
3246.492985971944,0.05224120695778814,0.16943066206509105,0.08187431113219355,0.11482699699126034,0.0030280428526288446
3266.5330661322646,0.05203224240913468,0.16830263254360892,0.08122062750368857,0.11330310448443619,0.0029090783921031393
3286.573146292585,0.05182411371755911,0.16718211317752504,0.08057216287831491,0.1117994358660112,0.0027947877567367726
3306.613226452906,0.051616817539637594,0.16606905396599014,0.07992887558760718,0.11031572274063578,0.0026849873232734868
3326.6533066132265,0.051410350545319984,0.16496340524104877,0.07929072429578046,0.1088517002748899,0.0025795006825694825
3346.693386773547,0.051204709417876276,0.1638651176654231,0.0786576679970744,0.10740710715001185,0.002478158356168403
3366.733466933868,0.05099989085384339,0.16277414223031134,0.07802966601311814,0.10598168551525448,0.002380797524011453
3386.7735470941884,0.05079589156297209,0.16169043025320073,0.07740667799031654,0.10457518094186069,0.0022872617628451053
3406.813627254509,0.050592708268174094,0.16061393337569527,0.07678866389725712,0.10318734237764914,0.0021974007949061244
3426.85370741483,0.05039033770546948,0.15954460356135775,0.07617558402213775,0.10181792210220322,0.00211107024648016
3446.8937875751503,0.05018877662393421,0.15848239309356632,0.07556739897021493,0.10046667568265473,0.0020281314159459932
3466.933867735471,0.049988021785647936,0.1574272545733852,0.07496406966127238,0.0991333619300537,0.0019484510509327362
3486.9739478957918,0.04978806996564197,0.1563791409174494,0.07436555732710981,0.09781774285631799,0.0018719011342320103
3507.0140280561122,0.04958891795184749,0.1553380053558642,0.07377182350905186,0.09651958363175397,0.0017983586781211147
3527.0541082164327,0.04939056254504392,0.15430380143011763,0.07318283005547685,0.09523865254314068,0.0017277055267667133
3547.0941883767537,0.04919300055880754,0.15327648299100757,0.07259853911936515,0.09397472095237056,0.0016598281663916291
3567.134268537074,0.048996228819460336,0.15225600419658264,0.07201891315586745,0.09272756325563916,0.0015946175428997184
3587.174348697395,0.04880024416601897,0.15124231951009612,0.07144391491989202,0.09149695684317602,0.0015319688866658077
3607.2144288577156,0.04860504345014402,0.1502353836979745,0.07087350746371161,0.09028268205951051,0.0014717815442092305
3627.254509018036,0.04841062353608942,0.14923515182779862,0.07030765413458923,0.08908452216426442,0.001413958816480482
3647.294589178357,0.04821698130065205,0.14824157926629877,0.06974631857242286,0.08790226329346537,0.0013584078035012125
3667.3346693386775,0.04802411363312161,0.14725462167736322,0.06918946470740928,0.08673569442137351,0.0013050392551079372
3687.374749498998,0.047832017435230606,0.14627423502005957,0.06863705675772612,0.08558460732281449,0.0012537674275596585
3707.414829659319,0.04764068962110459,0.14530037554666947,0.06808905922723266,0.08444879653601275,0.0012045099457790262
3727.4549098196394,0.04745012711721262,0.14433299980073683,0.0675454369031891,0.08332805932591801,0.0011571876710057198
3747.49498997996,0.04726032686231787,0.14337206461512828,0.0670061548539937,0.08222219564801807,0.0011117245736493937
3767.535070140281,0.047071285807428385,0.14241752711010705,0.06647117842693824,0.08113100811263232,0.001068047611137931
3787.5751503006013,0.04688300091574823,0.14146934469141972,0.06594047324598146,0.0800543019496789,0.0010260866105647442
3807.615230460922,0.046695469162628594,0.14052747504839522,0.06541400520953992,0.07899188497390935,0.000985774155946571
3827.6553106212427,0.04650868753551926,0.13959187615205715,0.06489174048829692,0.07794356755060503,0.0009470454799106434
3847.695390781563,0.046322653033920205,0.13866250625324802,0.0643736455230287,0.0769091625617282,0.0009098383596372073
3867.7354709418837,0.046137362669333375,0.13773932388076654,0.0638596870224479,0.07588848537252282,0.0008740930168902036
3887.7755511022046,0.0459528134652147,0.1368222878395168,0.0633498319610645,0.07488135379855834,0.0008397520219755
3907.815631262525,0.045769002456926264,0.13591135720867029,0.06284404757706366,0.0738875880732111,0.0008067602014723802
3927.8557114228456,0.0455859266916887,0.13500649133983963,0.062342301370200456,0.0729070108155768,0.0007750645495900271
3947.8957915831666,0.04540358322853372,0.13410764985526494,0.061844561099711634,0.07193944699880937,0.0007446141430066035
3967.935871743487,0.04522196913825691,0.13321479264601196,0.061350794782243805,0.07098472391887986,0.0007153600590540972
3987.9759519038075,0.04504108150337066,0.13232787987018224,0.060860970689798365,0.07004267116374953,0.0006872552971174805
4008.0160320641285,0.0448609174180573,0.1314468719511353,0.06037505734769269,0.06911312058295267,0.0006602547031219108
4028.056112224449,0.04468147398812239,0.1305717295757228,0.05989302353253771,0.06819590625758276,0.0006343148969866494
4048.0961923847694,0.044502748330948264,0.12970241369253394,0.05941483827023154,0.06729086447067685,0.000609394202929125
4068.1362725450904,0.04432473757544773,0.128838885510153,0.05894047083396922,0.06639783367799323,0.0005854525825072018
4088.176352705411,0.044147438862017906,0.12798110649542854,0.05846989074226825,0.06551665447917689,0.0005624515702920403
4108.216432865732,0.04397084934249431,0.12712903837175368,0.05800306775700996,0.06464716958930727,0.0005403542120682153
4128.256513026052,0.043794966180105116,0.1262826431173583,0.05753997188149653,0.0637892238108243,0.0005191250054618166
4148.296593186373,0.043619786549425554,0.12544188296361206,0.05708057335852339,0.06294266400582617,0.0004987298429011037
4168.336673346694,0.043445307636332545,0.1246067203933395,0.056624842668467255,0.062107339068735556,0.00047913595681812056
4188.376753507014,0.0432715266379595,0.1237771181391457,0.05617275052738917,0.061283099899328126,0.0004603118670031932
4208.416833667335,0.043098440762651256,0.1229530391817531,0.055724267885152785,0.06046979937611885,0.00044222733002774223
4228.456913827656,0.042926047229919266,0.12213444674835,0.05527936592355779,0.05966729233010216,0.00042485329065415774
4248.496993987976,0.04275434327039694,0.1213213043109493,0.05483801605448808,0.05887543551883985,0.0004081618351546551
4268.537074148297,0.04258332612579511,0.12051357558475868,0.054400189918074736,0.058094087600893365,0.0003921261464641199
4288.5771543086175,0.04241299304885776,0.11971122452656152,0.05396585938087371,0.05732310911059529,0.00037672046109489543
4308.617234468938,0.042243341303317916,0.11891421533310835,0.05353499653405817,0.05656236243315545,0.00036192002774427753
4328.6573146292585,0.0420743681638536,0.11812251243951939,0.05310757369162492,0.05581171178009765,0.0003477010675282199
4348.697394789579,0.04190607091604415,0.11733608051769742,0.05268356338861562,0.05507102316502229,0.00033404073577736744
4368.7374749498995,0.04173844685632655,0.11655488447475146,0.052262938379351864,0.054340164379690636,0.0003209170853340247
4388.77755511022,0.04157149329195204,0.11577888945143068,0.0518456716356844,0.05361900497042643,0.00030830903129109726
4408.817635270541,0.04140520754094282,0.11500806082056896,0.05143173634525644,0.052907416214830756,0.00029619631711636006
4428.857715430861,0.041239586932049016,0.11424236418553976,0.05102110590978084,0.05220527109880599,0.00028455948210761624
4448.897795591182,0.0410746288047057,0.11348176537872114,0.050613753943330765,0.05151244429388444,0.0002733798301264636
4468.937875751503,0.04091033050899022,0.11272623045997114,0.050209654270644465,0.0508288121348581,0.00026263939956043937
4488.977955911823,0.04074668940557959,0.11197572571511341,0.04980878092544316,0.050154252597705236,0.0002523209344652785
4509.018036072144,0.040583702865708095,0.11123021765443246,0.049411108148762505,0.049488645277809676,0.00024240785684091648
4529.058116232465,0.040421368271125094,0.11048967301117964,0.04901661038729754,0.04883187136846959,0.0002328842399967108
4549.098196392786,0.040259683014052895,0.1097540587400884,0.048625262291760576,0.0481838136396911,0.00022373478296307083
4569.138276553106,0.04009864449714495,0.10902334201589987,0.04823703871525238,0.04754435641726351,0.00021494478590839593
4589.178356713427,0.03993825013344404,0.10829749023189791,0.047851914711646286,0.0469133855621121,0.00020650012652182007
4609.218436873748,0.03977849734634078,0.10757647099845437,0.04746986553398521,0.04629078844992518,0.000198387237323825
4629.258517034068,0.03961938356953222,0.10686025214158361,0.04709086663289158,0.045676453951051306,0.00019059308386826083
4649.298597194389,0.039460906246980586,0.1061488017015067,0.046714893654989736,0.04507027241066318,0.00018310514380075684
4669.33867735471,0.03930306283287224,0.10544208793122557,0.04634192244134111,0.04447213562918523,0.00017591138673987908
4689.37875751503,0.03914585079157684,0.1047400792951061,0.045971929025891894,0.04388193684298046,0.00016900025494870588
4709.418837675351,0.03898926759760645,0.10404274446747101,0.04560488963393293,0.04329957070529388,0.00016236064476577025
4729.458917835672,0.038833310735575166,0.10335005233120209,0.045240780680572135,0.04272493326744885,0.0001559818887655382
4749.498997995992,0.038677977700158586,0.10266197197635152,0.044879578769218935,0.04215792196029274,0.00014985373861975594
4769.539078156313,0.03852326599605356,0.10197847269876266,0.04452126069008088,0.041598435575889124,0.00014396634863213318
4789.579158316634,0.03836917313793817,0.10129952399869992,0.04416580341867226,0.04104637424945272,0.00013831025991991146
4809.619238476954,0.03821569665043177,0.10062509557948782,0.04381318411433466,0.04050163944152424,0.00013287638521689753
4829.659318637275,0.03806283406805522,0.099955157346159,0.04346338011876913,0.03996413392038161,0.00012765599427354892
4849.699398797596,0.03791058293519126,0.09928967940411128,0.04311636895458044,0.0394337617446848,0.0001226406998306578
4869.739478957916,0.037758940806045145,0.0986286320577738,0.04277212832383263,0.0389104282463509,0.00011782244414409037
4889.779559118237,0.03760790524460522,0.09797198580928176,0.04243063610661615,0.03839404001365643,0.00011319348603893897
4909.819639278558,0.037457473824603925,0.09731971135716021,0.04209187035962665,0.037884504874563914,0.000108746388472286
4929.859719438878,0.037307644129478734,0.09667177959501662,0.04175580931475487,0.037381731880269886,0.00010447400658459488
4949.899799599199,0.03715841375233335,0.09602816161024184,0.041422431377687884,0.03688563128897089,0.00010036947622053303
4969.9398797595195,0.03700978029589905,0.09538882868272015,0.04109171512652152,0.03639611454984534,9.642620290078548e-05
4989.9799599198395,0.0368617413724962,0.09475375228354771,0.04076363931038393,0.035913094287247684,9.263785122713763e-05
5010.0200400801605,0.03671429460399583,0.09412290407375919,0.0404381828480699,0.03543648428511229,8.899833470380656e-05
5030.060120240481,0.03656743762178151,0.0934962559030636,0.040115324826686435,0.03496619947156462,8.550180595866911e-05
5050.100200400801,0.036421168066711244,0.09287377980858798,0.03979504450030879,0.03450215590373633,8.214264734867266e-05
5070.140280561122,0.03627548358907958,0.09225544801362945,0.03947732128864744,0.03404427075278194,7.891546193433662e-05
5090.180360721443,0.03613038184857991,0.09164123292641606,0.03916213477572577,0.03359246228909456,7.581506480884517e-05
5110.220440881763,0.035985860514266825,0.09103110713887531,0.03884946470856803,0.03314664986771758,7.283647476779763e-05
5130.260521042084,0.03584191726451865,0.0904250434254112,0.038539290995898,0.03270675391395,6.997490630623415e-05
5150.300601202405,0.03569854978700023,0.08982301474168936,0.038231593706848026,0.03227269590914296,6.72257619300801e-05
5170.340681362725,0.03555575577862575,0.08922499422343028,0.03792635306967834,0.03184439837668466,6.458462476965378e-05
5190.380761523046,0.03541353294552166,0.0886309551852104,0.03762354947050643,0.0314217848681711,6.204725148337183e-05
5210.420841683367,0.03527187900298994,0.08804087111927159,0.03732316345204687,0.03100477994976076,5.9609565440251944e-05
5230.460921843687,0.03513079167547136,0.08745471569433802,0.037025175712361025,0.030593309188709974,5.72676501702568e-05
5250.501002004008,0.03499026869650887,0.08687246275444134,0.03672956710361666,0.030187299140087193,5.501774307195899e-05
5270.541082164329,0.03485030780871127,0.08629408631775352,0.03643631863085765,0.029786677333663587,5.285622936741702e-05
5290.581162324649,0.03471090676371693,0.08571956057542741,0.03614541145078348,0.029391372260977485,5.077963629454867e-05
5310.62124248497,0.034572063322157585,0.0851488598904451,0.03585682687053822,0.029001313362570603,4.878462752767205e-05
5330.661322645291,0.0344337752536225,0.08458195879647389,0.03557054634650955,0.028616431015393625,4.686799781725082e-05
5350.701402805611,0.034296040336622556,0.08401883199672998,0.03528655148313723,0.028236656520378954,4.502666784023002e-05
5370.741482965932,0.03415885635855454,0.08345945436284961,0.03500482403173086,0.027861922090178307,4.325767925268979e-05
5390.781563126253,0.034022221115665684,0.0829038009337677,0.034725345889297446,0.027492160837063132,4.155818993686895e-05
5410.821643286573,0.03388613241301821,0.08235184691460418,0.0344480990973781,0.0271273067609856,3.992546943492092e-05
5430.861723446894,0.033750588064454065,0.08180356767555735,0.03417306584089407,0.026767294737797962,3.835689456206618e-05
5450.901803607215,0.03361558589255982,0.08125893875080499,0.033900228447002,0.02641206050762831,3.6849945192094046e-05
5470.941883767535,0.033481123728631705,0.08071793583741263,0.03362956938395835,0.02606154066341065,3.540220020844123e-05
5490.981963927856,0.033347199412640735,0.0801805347942489,0.03336107125999278,0.025715672639567033,3.4011333614342684e-05
5511.022044088177,0.03321381079319803,0.0796467116409085,0.033094716822190735,0.025374394700840117,3.2675110795805806e-05
5531.062124248497,0.03308095572752027,0.07911644255664205,0.03283048895538467,0.025037645931273767,3.13913849314027e-05
5551.102204408818,0.032948632081395236,0.07858970387929301,0.03256837068105442,0.024705366223339856,3.015809354311301e-05
5571.142284569139,0.03281683772914756,0.07806647210424203,0.032308345156236096,0.024377496267209593,2.897325518267649e-05
5591.182364729459,0.032685570553604576,0.07754672388335797,0.03205039567243988,0.024053977540167044,2.7834966248129795e-05
5611.22244488978,0.03255482844606227,0.07703043602395596,0.031794505654576345,0.023734752296163085,2.6741397925414272e-05
5631.2625250501005,0.032424609306251434,0.07651758548776268,0.03154065865989142,0.023419763555508278,2.569079325014083e-05
5651.302605210421,0.03229491104230396,0.07600814938988823,0.03128883837690978,0.02310895509470227,2.4681464284790487e-05
5671.3426853707415,0.03216573157071916,0.07550210499780483,0.031039028624386778,0.02280227143639818,2.371178940681592e-05
5691.382765531062,0.032037068816330366,0.07499942973033259,0.030791213350268624,0.022499657839500385,2.2780210703287312e-05
5711.4228456913825,0.03190892071227155,0.07450010115663185,0.030545376630660967,0.022201060289393514,2.188523146789583e-05
5731.462925851703,0.031781285199944144,0.07400409699520208,0.03030150266880566,0.021906425488301108,2.1025413796293806e-05
5751.503006012024,0.031654160228983964,0.07351139511288787,0.0300595757940657,0.02161570084577246,2.0199376275908537e-05
5771.543086172345,0.031527543757228264,0.07302197352389107,0.02981958046091828,0.0213288344692954,1.9405791766517253e-05
5791.583166332665,0.03140143375068295,0.0725358103887899,0.029581501247955902,0.021045775155033926,1.8643385268018196e-05
5811.623246492986,0.03127582818348988,0.07205288401356422,0.029345322856895395,0.02076647237868855,1.791093187197157e-05
5831.663326653307,0.031150725037894345,0.07157317284862759,0.02911103011159493,0.020490876286478086,1.7207254793619806e-05
5851.703406813627,0.031026122304212644,0.07109665548786573,0.02887860795707884,0.02021893768624107,1.65312234812247e-05
5871.743486973948,0.030902017980799792,0.07062331066768116,0.0286480414585702,0.019950608038655223,1.5881751799684114e-05
5891.783567134269,0.030778410074017368,0.07015311726604442,0.028419315800531215,0.019685839448573515,1.5257796285510196e-05
5911.823647294589,0.030655296598201515,0.06968605430155167,0.028192416285711164,0.019424584656475227,1.4658354470365157e-05
5931.86372745491,0.03053267557563101,0.06922210093248818,0.027967328334202027,0.019166797030030318,1.4082463270461013e-05
5951.903807615231,0.030410545036495498,0.06876123645589854,0.02774403748250162,0.01891243055577596,1.3529197439236385e-05
5971.943887775551,0.030288903018863857,0.0683034403066628,0.027522529382584197,0.01866143983090339,1.2997668080823518e-05
5991.983967935872,0.030167747568652682,0.06784869205657859,0.027302789800978496,0.01841378005515372,1.2487021221917618e-05
6012.024048096193,0.030047076739594905,0.06739697141344984,0.02708480461785315,0.018169407022821504,1.1996436439754172e-05
6032.064128256513,0.029926888593208485,0.06694825822018115,0.026868559826109365,0.01792827711486421,1.1525125543989527e-05
6052.104208416834,0.029807181198765326,0.06650253245387824,0.026654041530480874,0.017690347291116522,1.1072331310367158e-05
6072.144288577155,0.029687952633260226,0.06605977422495463,0.02644123594664108,0.01745557508260792,1.0637326264135339e-05
6092.184368737475,0.029569200981379985,0.06561996377624398,0.026230129400317295,0.017223918583982287,1.021941151126118e-05
6112.224448897796,0.029450924335472646,0.06518308148211854,0.02602070832641205,0.016995336446018017,9.817915615563428e-06
6132.264529058117,0.02933312079551688,0.06474910784761335,0.025812959268131538,0.016769787868247458,9.432193519960182e-06
6152.304609218437,0.029215788469091387,0.06431802350755647,0.0256068688761208,0.016547232591674343,9.061625510097994e-06
6172.344689378758,0.029098925471344562,0.06388980922570449,0.02540242390760596,0.016327630891587654,8.705616218697475e-06
6192.384769539079,0.028982529924964213,0.06346444589388461,0.025199611225543386,0.016110943570471232,8.363593669015897e-06
6212.424849699399,0.02886659996014737,0.06304191453114165,0.024998417797775414,0.015897131951007077,8.035008355889677e-06
6232.46492985972,0.028751133714570262,0.06262219628289117,0.024798830696192962,0.015686157869171796,7.719332362880494e-06
6252.505010020041,0.028636129333358403,0.06220527242007812,0.02460083709590489,0.015477983667424523,7.4160585141066915e-06
6272.545090180361,0.02852158496905682,0.06179112433834116,0.024404424274413836,0.01527257218798535,7.124699559397113e-06
6292.5851703406815,0.028407498781600312,0.06137973355718228,0.024209579610798688,0.015069886766202753,6.844787391458149e-06
6312.6252505010025,0.02829386893828394,0.060971081719142436,0.024016290584903656,0.014869891224009378,6.575872293796618e-06
6332.6653306613225,0.028180693613733605,0.06056515058898214,0.02382454477653378,0.014672549863464331,6.317522218189772e-06
6352.705410821643,0.028067970989876664,0.060161922052867856,0.02363432986465673,0.014477827460381388,6.069322090541763e-06
6372.745490981964,0.027955699255912743,0.05976137811756367,0.023445633626611208,0.014285689258041672,5.830873144011427e-06
6392.785571142284,0.027843876608284714,0.059363500909628525,0.023258443937321533,0.014096100960989866,5.601792278339758e-06
6412.825651302605,0.027732501250649605,0.05896827267461833,0.023072748768518458,0.013909028728912556,5.381711444347858e-06
6432.865731462926,0.027621571393849843,0.0585756757762941,0.02288853618796632,0.01372443917059811,5.170277052616564e-06
6452.905811623246,0.027511085255884485,0.05818569269583468,0.022705794358696334,0.013542299337976436,4.967149405397517e-06
6472.945891783567,0.02740104106188054,0.057798306031055124,0.022524511538245893,0.013362576720238013,4.772002150843079e-06
6492.985971943888,0.02729143704406452,0.05741349849563017,0.022344676077904115,0.013185239238030909,4.584521758678315e-06
6513.026052104208,0.02718227144173406,0.05703125291832281,0.022166276421963328,0.013010255237734815,4.4044070164724646e-06
6533.066132264529,0.027073542501229526,0.056651552242218094,0.021989301106976448,0.012837593485811065,4.231368545700693e-06
6553.10621242485,0.026965248475905968,0.056274379523962074,0.02181373876102047,0.012667223163227688,4.0651283368186715e-06
6573.14629258517,0.026857387626104973,0.0558997179330056,0.0216395781029657,0.012499113859958349,3.905419302602881e-06
6593.186372745491,0.02674995821912678,0.05552755075085336,0.021466807941750852,0.012333235569554383,3.7519848490390938e-06
6613.226452905812,0.026642958529202395,0.05515786137031789,0.021295417175663956,0.012169558683788826,3.604578463069662e-06
6633.266533066132,0.026536386837465894,0.05479063329477846,0.021125394791628997,0.012008053987371543,3.4629633165371866e-06
6653.306613226453,0.02643024143192682,0.05442585013744495,0.020956729864498234,0.011848692652734468,3.3269118856882127e-06
6673.346693386774,0.02632452060744266,0.05406349562062664,0.020789411556350206,0.011691446234886065,3.1962055856258284e-06
6693.386773547094,0.026219222665691468,0.053703553575005926,0.020623429115793273,0.011536286666334128,3.0706344191236413e-06
6713.426853707415,0.02611434591514456,0.053346007938916556,0.020458771877274826,0.011383186252075794,2.9499966392370133e-06
6733.466933867736,0.026009888671039386,0.05299084275762724,0.020295429260395882,0.011232117664654304,2.834098425169533e-06
6753.507014028056,0.025905849255352404,0.052638042182629456,0.020133390769231277,0.011083053939281115,2.722753570873852e-06
6773.547094188377,0.025802225996772184,0.052287590470930345,0.01997264599165519,0.010935968469022903,2.61578318588665e-06
6793.587174348698,0.025699017230672524,0.05193947198435015,0.019813184598672092,0.010790835000052377,2.5130154079171067e-06
6813.627254509018,0.02559622129908571,0.05159367118882457,0.019654996343753065,0.010647627626962183,2.4142851267270333e-06
6833.667334669339,0.025493836550675903,0.05125017265371125,0.019498071062177356,0.010506320788140849,2.3194337188590857e-06
6853.70741482966,0.025391861340712585,0.05090896105110161,0.01934239867037923,0.010366889261210325,2.228308792786902e-06
6873.74749498998,0.025290294031044172,0.050570021155136605,0.019187969165300047,0.010229308158523855,2.140763944077634e-06
6893.787575150301,0.025189132990071646,0.050233337841327365,0.019034772623745474,0.010093552922723728,2.056658520173549e-06
6913.827655310622,0.025088376592722412,0.049898896085880315,0.01888279920174785,0.009959599322357928,1.975857394414832e-06
6933.867735470942,0.02498802322042413,0.04956668096502685,0.018732039133933658,0.009827423447555021,1.898230748940442e-06
6953.907815631263,0.024888071261078747,0.04923667765435715,0.018582482732896012,0.009697001705756292,1.823653866118272e-06
6973.9478957915835,0.024788519109036605,0.048908871428158994,0.018434120388572183,0.00956831081750475,1.752006928169543e-06
6993.9879759519035,0.024689365165070625,0.048583247658760396,0.018286942567626085,0.00944132781228979,1.6831748246654481e-06
7014.0280561122245,0.02459060783635062,0.04825979181587699,0.018140939812835655,0.00931603002444715,1.6170469675867617e-06
7034.068136272545,0.024492245536417743,0.047938489465963637,0.01799610274248524,0.009192395089113225,1.5535171136493642e-06
7054.108216432865,0.02439427668515895,0.04761932627157034,0.01785242204976268,0.009070400938233076,1.4924831936101234e-06
7074.148296593186,0.024296699708781636,0.04730228799070246,0.017709888502161285,0.008950025796621415,1.433847148278939e-06
7094.188376753507,0.024199513039788383,0.04698736047618528,0.017568492940886637,0.008831248178075912,1.3775147709734991e-06
7114.228456913828,0.024102715116951737,0.04667452967503256,0.017428226280268008,0.008714046881541978,1.3233955561635812e-06
7134.268537074148,0.02400630438528915,0.04636378162781958,0.017289079507174586,0.00859840098732856,1.2714025540617677e-06
7154.308617234469,0.02391027929603799,0.04605510246806019,0.017151043680436285,0.008484289853374093,1.2214522309269238e-06
7174.34869739479,0.02381463830663068,0.04574847842158801,0.017014109930269233,0.008371693111562014,1.1734643348560372e-06
7194.38877755511,0.023719379880669883,0.045443895805941915,0.01687826945770582,0.00826059066408522,1.12736176684875e-06
7214.428857715431,0.023624502487903876,0.045141341029755255,0.016743513534029288,0.008150962679858658,1.0830704569374538e-06
7234.468937875752,0.023530004604201904,0.044840800592149614,0.01660983350021288,0.0080427895909797,1.040519245183949e-06
7254.509018036072,0.023435884711529745,0.04454226108213221,0.016477220766363408,0.007936052089235318,9.996397673514425e-07
7274.549098196393,0.023342141297925292,0.0442457091779975,0.016345666811169276,0.007830731122655726,9.603663450682128e-07
7294.589178356714,0.02324877285747429,0.043951131646732686,0.016215163181352996,0.0077268078921137115,9.226358803064944e-07
7314.629258517034,0.02315577789028614,0.043658515343427386,0.016085701491127927,0.0076242638479691385,8.863877540070174e-07
7334.669338677355,0.02306315490246976,0.043367847210686754,0.015957273421659448,0.007523080686757885,8.5156372868634e-07
7354.709418837676,0.02297090240610968,0.04307911427804918,0.01582987072053046,0.007423240347924884,8.18107854870525e-07
7374.749498997996,0.022879018919242045,0.042792303661407245,0.015703485201211054,0.007324725010600352,7.859663812047819e-07
7394.789579158317,0.022787502965830837,0.042507402562432905,0.015578108742532475,0.007227517090418911,7.550876680946967e-07
7414.829659318638,0.022696353075744222,0.04222439826800638,0.015453733288165324,0.00713159923638088,7.254221047402963e-07
7434.869739478958,0.022605567784730853,0.04194327814964889,0.015330350846101837,0.007036954327755257,6.969220294296293e-07
7454.909819639279,0.02251514563439637,0.041664029662959005,0.015207953488142332,0.006943565471023712,6.695416529638211e-07
7474.9498997996,0.022425085172180007,0.04138664034705308,0.015086533349385827,0.006851415996865288,6.432369850905839e-07
7494.98997995992,0.022335384951331236,0.041111097824009034,0.01496608262772461,0.006760489457180962,6.17965763827963e-07
7515.030060120241,0.022246043530886495,0.04083738979831411,0.014846593583342902,0.006670769622157797,5.936873875647849e-07
7535.070140280562,0.022157059475646085,0.04056550405631616,0.014728058538219534,0.006582240477372013,5.703628498287204e-07
7555.110220440882,0.022068431356151115,0.0402954284656787,0.01461046987563461,0.006494886220930517,5.479546766171463e-07
7575.150300601203,0.021980157748660488,0.04002715097483945,0.01449382003967999,0.006408691260650363,5.264268661901227e-07
7595.190380761524,0.02189223723512809,0.039760659612472604,0.014378101534773858,0.0063236402112756395,5.05744831228769e-07
7615.230460921844,0.021804668403179975,0.03949594248695468,0.014263306925179053,0.0062397178917313265,4.858753432660874e-07
7635.2705410821645,0.021717449846091683,0.03923298778583376,0.014149428834525227,0.006156909322413526,4.6678647930096494e-07
7655.3106212424855,0.02163058016276564,0.03897178377530251,0.014036459945334914,0.006075199722515729,4.484475705095904e-07
7675.3507014028055,0.02154405795770868,0.038712318799674496,0.01392439299855332,0.005994574507390525,4.3082915297186654e-07
7695.390781563126,0.021457881841009566,0.0384545812808641,0.013813220793081844,0.005915019285946335,4.139029203336621e-07
7715.430861723447,0.021372050428316722,0.038198559717869875,0.013702936185315392,0.005836519858078685,3.976416783288599e-07
7735.470941883767,0.021286562340815968,0.03794424268626141,0.013593532088683337,0.005759062212135611,3.820193010881088e-07
7755.511022044088,0.021201416205208365,0.03769161883766933,0.013485001473194157,0.0056826325224165995,3.6701068916410666e-07
7775.551102204409,0.02111661065368817,0.03744067689927917,0.013377337364983704,0.00560721714670487,3.5259172920597034e-07
7795.591182364729,0.021032144323920858,0.03719140567332815,0.01327053284586709,0.005532802623832261,3.387392552178968e-07
7815.63126252505,0.020948015859021223,0.03694379403660555,0.013164581052894137,0.005459375671276526,3.254310113398777e-07
7835.671342685371,0.020864223907531603,0.03669783093995638,0.013059475177908396,0.005386923182790479,3.126456160906747e-07
7855.711422845691,0.020780767123400157,0.0364535054077884,0.012955208467109661,0.005315432226062631,3.003625280155958e-07
7875.751503006012,0.02069764416595924,0.036210806537582144,0.012851774220619996,0.005244890040408807,2.885620126838886e-07
7895.791583166333,0.02061485369990388,0.035969723499404686,0.012749165792053218,0.005175284034494504,2.7722511098272926e-07
7915.831663326653,0.020532394395270305,0.03573024553542619,0.012647376588087822,0.005106601784087374,2.6633360865686017e-07
7935.871743486974,0.020450264927414603,0.03549236195943993,0.012546400068043313,0.005038831029839593,2.5587000704494066e-07
7955.911823647295,0.02036846397699142,0.0352560621563854,0.012446229743459917,0.004971959675099643,2.4581749496560075e-07
7975.951903807615,0.02028699022993279,0.035021335581874764,0.01234685917768165,0.004905975783753149,2.361599217080182e-07
7995.991983967936,0.020205842377426994,0.03478817176172212,0.012248281985442734,0.004840867578092321,2.2688177108363153e-07
8016.032064128257,0.020125019115897563,0.034556560291476336,0.012150491832457271,0.004776623436713755,2.179681364973013e-07
8036.072144288577,0.020044519146982336,0.03432649083595661,0.01205348243501224,0.004713231892444053,2.0940469699786317e-07
8056.112224448898,0.01996434117751257,0.03409795312879138,0.01195724755956372,0.004650681630293014,2.011776942695918e-07
8076.152304609219,0.019884483919492216,0.033870936971960135,0.011861781022336334,0.004588961485433985,1.9327391052762464e-07
8096.192384769539,0.019804946090077186,0.033645432235338425,0.011767076688925905,0.0045280604412110004,1.856806472818118e-07
8116.23246492986,0.01972572641155476,0.033421428856245765,0.01167312847390527,0.0044679676271723884,1.7838570493488705e-07
8136.272545090181,0.019646823611323076,0.03319891683899662,0.011579930340433257,0.004408672317130454,1.7137736318217604e-07
8156.312625250501,0.019568236421870666,0.03297788625445443,0.011487476299866769,0.004350163927246939,1.646443621813533e-07
8176.352705410822,0.019489963580756085,0.03275832723958844,0.011395760411375955,0.00429243201414385,1.58175884461991e-07
8196.392785571143,0.019412003830587676,0.03254022999703367,0.011304776781562515,0.004235466273039399,1.5196153754584318e-07
8216.432865731464,0.019334355919003322,0.03232358479465364,0.011214519564080962,0.004179256535908655,1.4599133724993084e-07
8236.472945891785,0.019257018598650356,0.03210838196510623,0.011124982959262966,0.004123792769668635,1.4025569164561365e-07
8256.513026052104,0.01917999062716551,0.03189461190541215,0.011036161213744702,0.004069065074387435,1.3474538564786556e-07
8276.553106212425,0.019103270767154967,0.031682265076526495,0.01094804862009712,0.004015063681517162,1.2945156621000319e-07
8296.593186372746,0.019026857786174467,0.031471332002913084,0.010860639516459231,0.003961778952150325,1.2436572810007978e-07
8316.633266533066,0.018950750456709537,0.03126180327212165,0.0107739282861743,0.003909201375299344,1.194797002360856e-07
8336.673346693387,0.018874947556155753,0.031053669534367778,0.010687909357428896,0.003857321566198886,1.1478563255800794e-07
8356.713426853708,0.01879944786679909,0.03084692150211575,0.010602577202894906,0.003806130264630764,1.1027598341565501e-07
8376.753507014027,0.01872425017579639,0.030641549949664063,0.010517926339374333,0.00375561833327103,1.0594350745198271e-07
8396.793587174348,0.018649353275155836,0.030437545712733733,0.01043395132744697,0.003705776756059022,1.0178124396245365e-07
8416.83366733467,0.018574755961717596,0.030234899688059425,0.010350646771120898,0.0036565966365880633,9.778250571173283e-08
8436.87374749499,0.018500457037134457,0.030033602832983227,0.01026800731748573,0.003608069196517512,9.394086818974427e-08
8456.913827655311,0.018426455307852595,0.02983364616505108,0.01018602765636867,0.003560185774005867,9.025015928983314e-08
8476.953907815632,0.0183527495850924,0.029635020761611987,0.010104702519993273,0.003512937822164694,8.670444939244742e-08
8496.993987975951,0.018279338684829362,0.029437717759419925,0.010024026682640975,0.0034663169075330688,8.329804183840793e-08
8517.034068136272,0.018206221427775063,0.0292417283542382,0.009943994960315273,0.003420314708572233,8.002546377645912e-08
8537.074148296593,0.018133396639358246,0.029047043800446683,0.009864602210408663,0.0033749230141802726,7.688145737040019e-08
8557.114228456914,0.01806086314970591,0.028853655410651574,0.009785843331372146,0.003330133722226491,7.386097135166388e-08
8577.154308617235,0.017988619793624573,0.028661554555297643,0.00970771326238745,0.0032859388381052124,7.095915290377532e-08
8597.194388777556,0.017916665410581487,0.028470732662283223,0.009630206983041812,0.0032423304733088026,6.817133986565066e-08
8617.234468937875,0.017844998844686055,0.028281181216577723,0.009553319513005398,0.003199300844019634,6.54930532412093e-08
8637.274549098196,0.017773618944671214,0.02809289175984156,0.009477045911711262,0.003156842269720695,6.291999000326411e-08
8657.314629258517,0.017702524563874975,0.027905855890048827,0.009401381278037904,0.0031149471718246915,6.044801618013186e-08
8677.354709418838,0.017631714560221994,0.027720065261112318,0.009326320749994326,0.003073608072321304,5.807316021385135e-08
8697.394789579159,0.01756118779620521,0.027535511582511146,0.009251859504407602,0.0030328175924424217,5.579160657934252e-08
8717.43486973948,0.0174909431388676,0.027352186618920707,0.009177992756612987,0.00299256845134506,5.3599689654252835e-08
8737.474949899799,0.017420979459783957,0.027170082189845318,0.009104715760146436,0.0029528534648117994,5.1493887829642856e-08
8757.51503006012,0.017351295635042757,0.02698919016925305,0.009032023806439617,0.0029136655439684217,4.947081785204778e-08
8777.55511022044,0.01728189054522813,0.026809502485213216,0.008959912224517367,0.002874997694018615,4.7527229387827385e-08
8797.595190380762,0.017212763075401868,0.026631011119536134,0.008888376380697536,0.0028368430129954293,4.565999980106781e-08
8817.635270541083,0.01714391211508548,0.026453708107415378,0.008817411678293242,0.0027991946905293365,4.386612913664767e-08
8837.675350701404,0.017075336558242424,0.026277585537072278,0.008747013557317508,0.0027620460066326005,4.214273530040727e-08
8857.715430861723,0.017007035303260278,0.026102635549402994,0.008677177494190244,0.0027253903304998274,4.048704942867739e-08
8877.755511022044,0.01693900725293305,0.025928850337627672,0.008607899001447553,0.0026892211193243784,3.889641143972729e-08
8897.795591182365,0.01687125131444359,0.02575622214694222,0.008539173627453435,0.0026535319171305475,3.736826575998703e-08
8917.835671342686,0.016803766399345995,0.025584743274172178,0.008470996956113686,0.002618316353621194,3.5900157218174714e-08
8937.875751503007,0.016736551423548154,0.02541440606742905,0.008403364606592153,0.002583568143040698,3.4489727100734064e-08
8957.915831663327,0.016669605307294305,0.025245202925768772,0.008336272233029234,0.002549281083052977,3.3134709362244805e-08
8977.955911823647,0.01660292697514772,0.025077126298852618,0.008269715524262634,0.0025154490536344223,3.183292698471568e-08
8997.995991983968,0.016536515355973377,0.024910168686610182,0.008203690203550301,0.0024820660159814976,3.058228847991275e-08
9018.036072144288,0.016470369382920836,0.024744322638904838,0.00813819202829568,0.002449126011432874,2.9380784529103128e-08
9038.07615230461,0.016404487993407015,0.02457958075520116,0.008073216789775049,0.002416623160405821,2.822648475481415e-08
9058.11623246493,0.01633887012909918,0.024415935684234794,0.008008760312867085,0.00238455166134676,2.7117534619422795e-08
9078.156312625251,0.01627351473589791,0.024253380123684342,0.007944818455784595,0.002352905789695707,2.6052152445591892e-08
9098.196392785572,0.016208420763920192,0.02409190681984555,0.007881387109808376,0.0023216798968644812,2.5028626553766204e-08
9118.236472945891,0.016143587167482525,0.02393150856730765,0.007818462199023195,0.0022908684092284772,2.4045312512129386e-08
9138.276553106212,0.01607901290508413,0.023772178208631756,0.007756039680055859,0.002260465827131786,2.310063049460308e-08
9158.316633266533,0.016014696939390245,0.02361390863403157,0.007694115541815457,0.0022304667239055626,2.2193062742644645e-08
9178.356713426854,0.015950638237215427,0.02345669278105605,0.007632685805235566,0.002200865744899388,2.132115112676385e-08
9198.396793587175,0.015886835769506984,0.02330052363427433,0.007571746523018594,0.0021716576065255065,2.0483494803842103e-08
9218.436873747496,0.015823288511328405,0.02314539422496259,0.0075112937793821236,0.0021428370953157265,1.967874796648983e-08
9238.476953907815,0.015759995441842953,0.022991297630793193,0.00745132368980732,0.002114399066990866,1.8905617680826204e-08
9258.517034068136,0.015696955544297196,0.022838226975525653,0.007391832400789274,0.00208633844554251,1.8162861809206958e-08
9278.557114228457,0.015634167806004736,0.02268617542869994,0.007332816089589449,0.0020586502223269953,1.7449287014563804e-08
9298.597194388778,0.015571631218329912,0.02253513620533159,0.00727427096399,0.0020313294551713864,1.676374684314792e-08
9318.637274549099,0.01550934477667159,0.022385102565608998,0.00721619326205011,0.0020043712674913377,1.6105139882598053e-08
9338.67735470942,0.015447307480447037,0.022236067814592614,0.007158579251864249,0.001977770847420646,1.5472407992373652e-08
9358.717434869739,0.015385518333075863,0.022088025301916243,0.007101425231322405,0.0019515234469523691,1.486453460371001e-08
9378.75751503006,0.015323976341963967,0.02194096842149023,0.007044727527872141,0.001925624381091326,1.4280543086363793e-08
9398.79759519038,0.015262680518487635,0.021794890611206756,0.006988482498282659,0.0019000690270178742,1.371949517952572e-08
9418.837675350702,0.015201629877977643,0.02164978535264694,0.006932686528410678,0.0018748528232627444,1.318048948437832e-08
9438.877755511023,0.015140823439703438,0.021505646170790035,0.006877336032968192,0.0018499712688928643,1.266266001587772e-08
9458.917835671344,0.015080260226857378,0.021362466633724424,0.006822427455292096,0.0018254199227079573,1.2165174811432368e-08
9478.957915831663,0.015019939266539058,0.021220240352360673,0.006767957267115654,0.0018011944024478254,1.1687234594243426e-08
9498.997995991984,0.014959859589739647,0.02107896098014637,0.006713921968341759,0.001777290384010133,1.1228071489159068e-08
9519.038076152305,0.014900020231326368,0.020938622212783004,0.006660318086818051,0.001753703600678599,1.0786947788980173e-08
9539.078156312626,0.014840420230026961,0.020799217787944562,0.006607142178113802,0.001730429842361398,1.0363154769234458e-08
9559.118236472947,0.01478105862841425,0.02066074148499814,0.006554390825298578,0.0017074649548396925,9.956011549515465e-09
9579.158316633268,0.014721934472890755,0.02052318712472636,0.006502060638722677,0.0016848048390261353,9.564863999556732e-09
9599.198396793587,0.014663046813673404,0.02038654856905161,0.006450148255799332,0.0016624454502332006,9.189083688283705e-09
9619.238476953908,0.014604394704778222,0.02025081972076212,0.006398650340788623,0.001640382797451232,8.828066874154672e-09
9639.278557114229,0.014545977204005179,0.020115994523239988,0.00634756358458315,0.0016186129426360846,8.481233535169092e-09
9659.31863727455,0.014487793372923045,0.019982066960190805,0.006296884704495386,0.0015971320000061962,8.14802643698418e-09
9679.35871743487,0.014429842276854305,0.019849031055375246,0.006246610444046755,0.001575936135349004,7.827910237643243e-09
9699.398797595191,0.014372122984860148,0.0197168808723424,0.006196737572758362,0.0015550215653365662,7.520370627476756e-09
9719.43887775551,0.014314634569725522,0.019585610514164836,0.0061472628859434286,0.0015343845568502564,7.22491350279493e-09
9739.478957915831,0.01425737610794421,0.01945521412317545,0.006098183204501352,0.0015140214263144223,6.9410641720436475e-09
9759.519038076152,0.014200346679704035,0.019325685880706173,0.00604949537471344,0.001493928539038904,6.66836659314888e-09
9779.559118236473,0.01414354536887205,0.019197020006828214,0.006001196268040259,0.001474102308570251,6.406382640823735e-09
9799.599198396794,0.014086971262979848,0.019069210760094192,0.0059532827809206015,0.0014545391960515683,6.15469140266137e-09
9819.639278557115,0.014030623453208886,0.018942252437281957,0.005905751834572055,0.0014352357095908572,5.912888502882669e-09
9839.679358717434,0.013974501034375884,0.01881613937314006,0.005858600374793178,0.0014161884036377268,5.680585452652271e-09
9859.719438877755,0.013918603104918293,0.018690865940134943,0.005811825371767233,0.0013973938783683863,5.457409025918988e-09
9879.759519038076,0.013862928766879813,0.018566426548199864,0.005765423819867514,0.0013788487790788032,5.243000659778154e-09
9899.799599198397,0.013807477125895962,0.018442815644485445,0.005719392737464205,0.0013605497955859083,5.037015878392072e-09
9919.839679358718,0.01375224729117971,0.01832002771311184,0.005673729166732788,0.0013424936616367434,4.83912373954334e-09
9939.879759519039,0.013697238375507176,0.01819805727492267,0.0056284301734639925,0.0013246771543254637,4.6490063029317245e-09
9959.919839679358,0.013642449495203372,0.018076898887240473,0.00558349284687524,0.0013070970935180636,4.466358119360383e-09
9979.959919839679,0.01358787977012798,0.017956547143623842,0.005538914299423594,0.0012897503412847423,4.290885739990642e-09
10000.0,0.013533528323661267,0.017836996673626194,0.005494691666620253,0.0012726338013398079,4.122307244877116e-09
